,tweet,language,likes,retweets,datetime,Subjectivity,Polarity,Analysis
0,"RT @insightfactor: 🔴Unisa Students Cruise Through CAs🔴

UNISA has scored a major 13% improvement in ITC Exam (CAs) results. The South Afric…",en,0,0,2021-11-16 20:33:50+00:00,0.5,0.0625,Positive
1,RT @LenkaBula: GREAT NEWS🥂💻🥰😜 College of Accounting Sciences @Unisa has registered 13% improvements in ITC Exams (CAs) results🙏From 39% to…,en,0,0,2021-11-16 20:31:24+00:00,0.75,0.8,Positive
2,"RT @insightfactor: 🔴Unisa Students Cruise Through CAs🔴

UNISA has scored a major 13% improvement in ITC Exam (CAs) results. The South Afric…",en,0,0,2021-11-16 20:31:18+00:00,0.5,0.0625,Positive
3,@Mookie_itc What i do? 😭😭,en,0,0,2021-11-16 20:31:07+00:00,0.0,0.0,Neutral
4,"RT @insightfactor: 🔴Unisa Students Cruise Through CAs🔴

UNISA has scored a major 13% improvement in ITC Exam (CAs) results. The South Afric…",en,0,0,2021-11-16 20:29:58+00:00,0.5,0.0625,Positive
5,"RT @insightfactor: 🔴Unisa Students Cruise Through CAs🔴

UNISA has scored a major 13% improvement in ITC Exam (CAs) results. The South Afric…",en,0,0,2021-11-16 20:29:35+00:00,0.5,0.0625,Positive
6,"RT @S_Sivakumar: The second Mementos also goes to Rajasthan. This one is in Jaipur. 
#ITCHotels 

https://t.co/haqDo72XIm",en,0,0,2021-11-16 20:28:41+00:00,0.0,0.0,Neutral
7,"RT @S_Sivakumar: Mementos by ITC - the latest brand in the ITC Hotels’ bouquet, has signed up its first property Ekaaya in Udaipur
https://…",en,0,0,2021-11-16 20:28:35+00:00,0.6166666666666667,0.375,Positive
8,RT @TheJawsomesauce: $HCMC sorta news. $PM got the 1st RJR patent invalidated (this one is for a charging case) of the 6 patents in RJR's c…,en,0,0,2021-11-16 20:27:44+00:00,0.0,0.0,Neutral
9,"RT @insightfactor: 🔴Unisa Students Cruise Through CAs🔴

UNISA has scored a major 13% improvement in ITC Exam (CAs) results. The South Afric…",en,0,0,2021-11-16 20:27:20+00:00,0.5,0.0625,Positive
10,"RT @insightfactor: 🔴Unisa Students Cruise Through CAs🔴

UNISA has scored a major 13% improvement in ITC Exam (CAs) results. The South Afric…",en,0,0,2021-11-16 20:26:36+00:00,0.5,0.0625,Positive
11,"RT @insightfactor: 🔴Unisa Students Cruise Through CAs🔴

UNISA has scored a major 13% improvement in ITC Exam (CAs) results. The South Afric…",en,0,0,2021-11-16 20:25:36+00:00,0.5,0.0625,Positive
12,RT @TheJawsomesauce: $HCMC sorta news. $PM got the 1st RJR patent invalidated (this one is for a charging case) of the 6 patents in RJR's c…,en,0,0,2021-11-16 20:24:21+00:00,0.0,0.0,Neutral
13,"RT @insightfactor: 🔴Unisa Students Cruise Through CAs🔴

UNISA has scored a major 13% improvement in ITC Exam (CAs) results. The South Afric…",en,0,0,2021-11-16 20:24:16+00:00,0.5,0.0625,Positive
14,"RT @OptionInfinity: #ITC 
#Marked_all_the_Zones
#Multiple_Trade_opportunities

#DemandSupply
#PriceAction
#Nifty
#BankNifty

^TG Primary Gr…",en,0,0,2021-11-16 20:22:04+00:00,0.5,0.4,Positive
15,"RT @robdavidellis: PLS RT! 
🚨 QUICK TURNAROUND THEATRE JOB 🚨
Looking for a Stage Manager to run a show for a week at @Iristheatre in Covent…",en,0,0,2021-11-16 20:21:25+00:00,0.5,0.3333333333333333,Positive
17,"RT @insightfactor: 🔴Unisa Students Cruise Through CAs🔴

UNISA has scored a major 13% improvement in ITC Exam (CAs) results. The South Afric…",en,0,0,2021-11-16 20:19:41+00:00,0.5,0.0625,Positive
19,"RT @DAmmannaya: ITC - Making the right moves!

B Natural is now part of McD Happy meal!

#ITC 
#investing 

https://t.co/kvS2ZsLlRu https:/…",en,0,0,2021-11-16 20:19:17+00:00,0.6452380952380953,0.4857142857142857,Positive
20,RT @LenkaBula: GREAT NEWS🥂💻🥰😜 College of Accounting Sciences @Unisa has registered 13% improvements in ITC Exams (CAs) results🙏From 39% to…,en,0,0,2021-11-16 20:19:02+00:00,0.75,0.8,Positive
21,RT @LenkaBula: GREAT NEWS🥂💻🥰😜 College of Accounting Sciences @Unisa has registered 13% improvements in ITC Exams (CAs) results🙏From 39% to…,en,0,0,2021-11-16 20:15:14+00:00,0.75,0.8,Positive
22,RT @aditya_kondawar: McDonald's (Westlife) and ITC join hands for Happy Meals https://t.co/bhqalU9m2V,en,0,0,2021-11-16 20:14:34+00:00,1.0,0.8,Positive
23,RT @ca_mehtaravi: One Maruti type move want in ITC also.😜😜,en,0,0,2021-11-16 20:14:34+00:00,0.0,0.0,Neutral
26,RT @LenkaBula: GREAT NEWS🥂💻🥰😜 College of Accounting Sciences @Unisa has registered 13% improvements in ITC Exams (CAs) results🙏From 39% to…,en,0,0,2021-11-16 20:11:47+00:00,0.75,0.8,Positive
27,RT @LenkaBula: GREAT NEWS🥂💻🥰😜 College of Accounting Sciences @Unisa has registered 13% improvements in ITC Exams (CAs) results🙏From 39% to…,en,0,0,2021-11-16 20:09:58+00:00,0.75,0.8,Positive
28,"RT @insightfactor: 🔴Unisa Students Cruise Through CAs🔴

UNISA has scored a major 13% improvement in ITC Exam (CAs) results. The South Afric…",en,0,0,2021-11-16 20:09:10+00:00,0.5,0.0625,Positive
29,"RT @insightfactor: 🔴Unisa Students Cruise Through CAs🔴

UNISA has scored a major 13% improvement in ITC Exam (CAs) results. The South Afric…",en,0,0,2021-11-16 20:09:03+00:00,0.5,0.0625,Positive
30,RT @LenkaBula: GREAT NEWS🥂💻🥰😜 College of Accounting Sciences @Unisa has registered 13% improvements in ITC Exams (CAs) results🙏From 39% to…,en,0,0,2021-11-16 20:08:41+00:00,0.75,0.8,Positive
31,"RT @insightfactor: 🔴Unisa Students Cruise Through CAs🔴

UNISA has scored a major 13% improvement in ITC Exam (CAs) results. The South Afric…",en,0,0,2021-11-16 20:08:32+00:00,0.5,0.0625,Positive
32,"RT @Cisco: Our goal for a #sustainable future? 

♲ Carbon Neutral by 2025 
♲ Zero Emissions by 2040 

Cisco's @andrewsage shares with @CRN…",en,0,0,2021-11-16 20:08:29+00:00,0.125,0.0,Neutral
33,RT @LenkaBula: GREAT NEWS🥂💻🥰😜 College of Accounting Sciences @Unisa has registered 13% improvements in ITC Exams (CAs) results🙏From 39% to…,en,0,0,2021-11-16 20:08:07+00:00,0.75,0.8,Positive
34,"RT @insightfactor: 🔴Unisa Students Cruise Through CAs🔴

UNISA has scored a major 13% improvement in ITC Exam (CAs) results. The South Afric…",en,0,0,2021-11-16 20:08:02+00:00,0.5,0.0625,Positive
35,"Our goal for a #sustainable future? 

♲ Carbon Neutral by 2025 
♲ Zero Emissions by 2040 

Cisco's @andrewsage shar… https://t.co/BKyM4Cajei",en,3,1,2021-11-16 20:08:00+00:00,0.125,0.0,Neutral
36,RT @LenkaBula: GREAT NEWS🥂💻🥰😜 College of Accounting Sciences @Unisa has registered 13% improvements in ITC Exams (CAs) results🙏From 39% to…,en,0,0,2021-11-16 20:07:58+00:00,0.75,0.8,Positive
37,"RT @insightfactor: 🔴Unisa Students Cruise Through CAs🔴

UNISA has scored a major 13% improvement in ITC Exam (CAs) results. The South Afric…",en,0,0,2021-11-16 20:07:09+00:00,0.5,0.0625,Positive
38,"RT @insightfactor: 🔴Unisa Students Cruise Through CAs🔴

UNISA has scored a major 13% improvement in ITC Exam (CAs) results. The South Afric…",en,0,0,2021-11-16 20:06:35+00:00,0.5,0.0625,Positive
39,Doctrine of Equivalents can play a significant role in #biotech litigation as a mechanism to hold a party liable fo… https://t.co/gKxMYmbHdk,en,0,0,2021-11-16 20:06:00+00:00,0.6875,0.1375,Positive
40,RT @LenkaBula: GREAT NEWS🥂💻🥰😜 College of Accounting Sciences @Unisa has registered 13% improvements in ITC Exams (CAs) results🙏From 39% to…,en,0,0,2021-11-16 20:05:37+00:00,0.75,0.8,Positive
41,RT @aditya_kondawar: McDonald's (Westlife) and ITC join hands for Happy Meals https://t.co/bhqalU9m2V,en,0,0,2021-11-16 20:05:05+00:00,1.0,0.8,Positive
42,"RT @insightfactor: 🔴Unisa Students Cruise Through CAs🔴

UNISA has scored a major 13% improvement in ITC Exam (CAs) results. The South Afric…",en,0,0,2021-11-16 20:04:23+00:00,0.5,0.0625,Positive
43,RT @LenkaBula: GREAT NEWS🥂💻🥰😜 College of Accounting Sciences @Unisa has registered 13% improvements in ITC Exams (CAs) results🙏From 39% to…,en,0,0,2021-11-16 20:04:22+00:00,0.75,0.8,Positive
44,"RT @_TheCMC: CMC co-founder, @CWilkensPhD, and @TheDormConnects are hosting a roundtable discussion about the Invitation to Change (ITC) me…",en,0,0,2021-11-16 20:04:21+00:00,0.0,0.0,Neutral
46,"RT @insightfactor: 🔴Unisa Students Cruise Through CAs🔴

UNISA has scored a major 13% improvement in ITC Exam (CAs) results. The South Afric…",en,0,0,2021-11-16 20:03:37+00:00,0.5,0.0625,Positive
48,"RT @insightfactor: 🔴Unisa Students Cruise Through CAs🔴

UNISA has scored a major 13% improvement in ITC Exam (CAs) results. The South Afric…",en,0,0,2021-11-16 20:01:52+00:00,0.5,0.0625,Positive
49,"RT @insightfactor: 🔴Unisa Students Cruise Through CAs🔴

UNISA has scored a major 13% improvement in ITC Exam (CAs) results. The South Afric…",en,0,0,2021-11-16 20:00:54+00:00,0.5,0.0625,Positive
50,RT @LenkaBula: GREAT NEWS🥂💻🥰😜 College of Accounting Sciences @Unisa has registered 13% improvements in ITC Exams (CAs) results🙏From 39% to…,en,0,0,2021-11-16 20:00:35+00:00,0.75,0.8,Positive
51,"RT @insightfactor: 🔴Unisa Students Cruise Through CAs🔴

UNISA has scored a major 13% improvement in ITC Exam (CAs) results. The South Afric…",en,0,0,2021-11-16 19:59:23+00:00,0.5,0.0625,Positive
52,"RT @insightfactor: 🔴Unisa Students Cruise Through CAs🔴

UNISA has scored a major 13% improvement in ITC Exam (CAs) results. The South Afric…",en,0,0,2021-11-16 19:58:53+00:00,0.5,0.0625,Positive
53,RT @LenkaBula: GREAT NEWS🥂💻🥰😜 College of Accounting Sciences @Unisa has registered 13% improvements in ITC Exams (CAs) results🙏From 39% to…,en,0,0,2021-11-16 19:57:06+00:00,0.75,0.8,Positive
54,"RT @insightfactor: 🔴Unisa Students Cruise Through CAs🔴

UNISA has scored a major 13% improvement in ITC Exam (CAs) results. The South Afric…",en,0,0,2021-11-16 19:56:59+00:00,0.5,0.0625,Positive
55,RT @LenkaBula: GREAT NEWS🥂💻🥰😜 College of Accounting Sciences @Unisa has registered 13% improvements in ITC Exams (CAs) results🙏From 39% to…,en,0,0,2021-11-16 19:56:28+00:00,0.75,0.8,Positive
56,RT @aditya_kondawar: McDonald's (Westlife) and ITC join hands for Happy Meals https://t.co/bhqalU9m2V,en,0,0,2021-11-16 19:56:03+00:00,1.0,0.8,Positive
58,RT @LenkaBula: GREAT NEWS🥂💻🥰😜 College of Accounting Sciences @Unisa has registered 13% improvements in ITC Exams (CAs) results🙏From 39% to…,en,0,0,2021-11-16 19:55:13+00:00,0.75,0.8,Positive
59,RT @infostep2021: Come along to our wrap party on 2nd December and hear our keynote @SarahASmith75. We also have an evening of dancing plan…,en,0,0,2021-11-16 19:55:06+00:00,0.0,0.0,Neutral
60,"RT @insightfactor: 🔴Unisa Students Cruise Through CAs🔴

UNISA has scored a major 13% improvement in ITC Exam (CAs) results. The South Afric…",en,0,0,2021-11-16 19:54:56+00:00,0.5,0.0625,Positive
61,"@Salam_Support Home Plate no: ITC (Salam)  RDSHRF06080
When will come to install ...
Waiting for your reply..",en,0,0,2021-11-16 19:54:35+00:00,0.0,0.0,Neutral
62,"RT @insightfactor: 🔴Unisa Students Cruise Through CAs🔴

UNISA has scored a major 13% improvement in ITC Exam (CAs) results. The South Afric…",en,0,0,2021-11-16 19:54:34+00:00,0.5,0.0625,Positive
63,RT @LenkaBula: GREAT NEWS🥂💻🥰😜 College of Accounting Sciences @Unisa has registered 13% improvements in ITC Exams (CAs) results🙏From 39% to…,en,0,0,2021-11-16 19:54:26+00:00,0.75,0.8,Positive
64,"RT @myfirststock99: 2 Days and look at the Performance
 
➡️Intraday

1) #Maruti 7750 &gt;&gt; 8100+ high
2) #AdanitEnt  1730 &gt;&gt; 1770
3) #LaurusLa…",en,0,0,2021-11-16 19:53:59+00:00,0.5399999999999999,0.16,Positive
65,"RT @insightfactor: 🔴Unisa Students Cruise Through CAs🔴

UNISA has scored a major 13% improvement in ITC Exam (CAs) results. The South Afric…",en,0,0,2021-11-16 19:53:54+00:00,0.5,0.0625,Positive
69,"RT @robdavidellis: PLS RT! 
🚨 QUICK TURNAROUND THEATRE JOB 🚨
Looking for a Stage Manager to run a show for a week at @Iristheatre in Covent…",en,0,0,2021-11-16 19:52:53+00:00,0.5,0.3333333333333333,Positive
71,"RT @insightfactor: 🔴Unisa Students Cruise Through CAs🔴

UNISA has scored a major 13% improvement in ITC Exam (CAs) results. The South Afric…",en,0,0,2021-11-16 19:51:56+00:00,0.5,0.0625,Positive
72,"RT @insightfactor: 🔴Unisa Students Cruise Through CAs🔴

UNISA has scored a major 13% improvement in ITC Exam (CAs) results. The South Afric…",en,0,0,2021-11-16 19:51:43+00:00,0.5,0.0625,Positive
73,"RT @insightfactor: 🔴Unisa Students Cruise Through CAs🔴

UNISA has scored a major 13% improvement in ITC Exam (CAs) results. The South Afric…",en,0,0,2021-11-16 19:51:19+00:00,0.5,0.0625,Positive
74,"RT @insightfactor: 🔴Unisa Students Cruise Through CAs🔴

UNISA has scored a major 13% improvement in ITC Exam (CAs) results. The South Afric…",en,0,0,2021-11-16 19:51:05+00:00,0.5,0.0625,Positive
76,RT @LenkaBula: GREAT NEWS🥂💻🥰😜 College of Accounting Sciences @Unisa has registered 13% improvements in ITC Exams (CAs) results🙏From 39% to…,en,0,0,2021-11-16 19:49:20+00:00,0.75,0.8,Positive
78,RT @LenkaBula: GREAT NEWS🥂💻🥰😜 College of Accounting Sciences @Unisa has registered 13% improvements in ITC Exams (CAs) results🙏From 39% to…,en,0,0,2021-11-16 19:45:36+00:00,0.75,0.8,Positive
79,"RT @insightfactor: 🔴Unisa Students Cruise Through CAs🔴

UNISA has scored a major 13% improvement in ITC Exam (CAs) results. The South Afric…",en,0,0,2021-11-16 19:45:27+00:00,0.5,0.0625,Positive
80,"RT @insightfactor: 🔴Unisa Students Cruise Through CAs🔴

UNISA has scored a major 13% improvement in ITC Exam (CAs) results. The South Afric…",en,0,0,2021-11-16 19:45:25+00:00,0.5,0.0625,Positive
81,"RT @insightfactor: 🔴Unisa Students Cruise Through CAs🔴

UNISA has scored a major 13% improvement in ITC Exam (CAs) results. The South Afric…",en,0,0,2021-11-16 19:45:13+00:00,0.5,0.0625,Positive
84,RT @LenkaBula: GREAT NEWS🥂💻🥰😜 College of Accounting Sciences @Unisa has registered 13% improvements in ITC Exams (CAs) results🙏From 39% to…,en,0,0,2021-11-16 19:43:36+00:00,0.75,0.8,Positive
85,"RT @insightfactor: 🔴Unisa Students Cruise Through CAs🔴

UNISA has scored a major 13% improvement in ITC Exam (CAs) results. The South Afric…",en,0,0,2021-11-16 19:42:49+00:00,0.5,0.0625,Positive
87,RT @LenkaBula: GREAT NEWS🥂💻🥰😜 College of Accounting Sciences @Unisa has registered 13% improvements in ITC Exams (CAs) results🙏From 39% to…,en,0,0,2021-11-16 19:41:50+00:00,0.75,0.8,Positive
88,"RT @insightfactor: 🔴Unisa Students Cruise Through CAs🔴

UNISA has scored a major 13% improvement in ITC Exam (CAs) results. The South Afric…",en,0,0,2021-11-16 19:41:28+00:00,0.5,0.0625,Positive
89,"RT @insightfactor: 🔴Unisa Students Cruise Through CAs🔴

UNISA has scored a major 13% improvement in ITC Exam (CAs) results. The South Afric…",en,0,0,2021-11-16 19:40:59+00:00,0.5,0.0625,Positive
90,"RT @insightfactor: 🔴Unisa Students Cruise Through CAs🔴

UNISA has scored a major 13% improvement in ITC Exam (CAs) results. The South Afric…",en,0,0,2021-11-16 19:40:40+00:00,0.5,0.0625,Positive
92,"RT @insightfactor: 🔴Unisa Students Cruise Through CAs🔴

UNISA has scored a major 13% improvement in ITC Exam (CAs) results. The South Afric…",en,0,0,2021-11-16 19:39:40+00:00,0.5,0.0625,Positive
93,RT @LenkaBula: GREAT NEWS🥂💻🥰😜 College of Accounting Sciences @Unisa has registered 13% improvements in ITC Exams (CAs) results🙏From 39% to…,en,0,0,2021-11-16 19:39:25+00:00,0.75,0.8,Positive
94,"RT @insightfactor: 🔴Unisa Students Cruise Through CAs🔴

UNISA has scored a major 13% improvement in ITC Exam (CAs) results. The South Afric…",en,0,0,2021-11-16 19:39:12+00:00,0.5,0.0625,Positive
95,RT @LenkaBula: GREAT NEWS🥂💻🥰😜 College of Accounting Sciences @Unisa has registered 13% improvements in ITC Exams (CAs) results🙏From 39% to…,en,0,0,2021-11-16 19:39:11+00:00,0.75,0.8,Positive
96,"RT @insightfactor: 🔴Unisa Students Cruise Through CAs🔴

UNISA has scored a major 13% improvement in ITC Exam (CAs) results. The South Afric…",en,0,0,2021-11-16 19:38:50+00:00,0.5,0.0625,Positive
97,"RT @insightfactor: 🔴Unisa Students Cruise Through CAs🔴

UNISA has scored a major 13% improvement in ITC Exam (CAs) results. The South Afric…",en,0,0,2021-11-16 19:38:40+00:00,0.5,0.0625,Positive
98,"RT @insightfactor: 🔴Unisa Students Cruise Through CAs🔴

UNISA has scored a major 13% improvement in ITC Exam (CAs) results. The South Afric…",en,0,0,2021-11-16 19:38:22+00:00,0.5,0.0625,Positive
99,"🔴Unisa Students Cruise Through CAs🔴

UNISA has scored a major 13% improvement in ITC Exam (CAs) results. The South… https://t.co/n7PbSwRPPe",en,152,43,2021-11-16 19:37:01+00:00,0.5,0.0625,Positive
1,RT @intocryptoverse: Congrats to those that are delegating to their $ADA to Into The Cryptoverse. We had the highest number of votes and pl…,en,0,0,2021-11-17 20:03:40+00:00,0.0,0.0,Neutral
3,CTA done and dusted. Now the road to ITC 2022 has been opened. A big shout out to UJ CTA lecturers and all my peers… https://t.co/h7xFQisv7b,en,2,0,2021-11-17 20:00:42+00:00,0.1,0.0,Neutral
4,Learning the basics of Battlefield Casualty Drills is an essential part of infantry training. Skills learned at ITC… https://t.co/Vhu2idCyZb,en,4,0,2021-11-17 20:00:16+00:00,0.3,0.0,Neutral
6,"RT @insightfactor: 🔴Unisa Students Cruise Through CAs🔴

UNISA has scored a major 13% improvement in ITC Exam (CAs) results. The South Afric…",en,0,0,2021-11-17 19:56:17+00:00,0.5,0.0625,Positive
7,The McDonald’s Happy Meal is now a Wholesome Meal with the addition of ITC’s B Natural Fruit (no sugar) beverage… https://t.co/6DxZiJ6MQP,en,0,0,2021-11-17 19:56:02+00:00,0.7,0.45,Positive
8,RT @SACHINTAK55: The McDonald’s Happy Meal is now a Wholesome Meal with the addition of ITC’s B Natural Fruit (no sugar) beverage  #BIGOBAS…,en,0,0,2021-11-17 19:52:31+00:00,0.7,0.45,Positive
9,RT @forum_diplomacy: Dr Shashi Tharoor's scintillating book launch @ ITC Maurya. https://t.co/dx3b1FJTQH,en,0,0,2021-11-17 19:52:11+00:00,0.0,0.0,Neutral
12,RT @forum_diplomacy: Dr Shashi Tharoor's scintillating book launch @ ITC Maurya. https://t.co/dx3b1FJTQH,en,0,0,2021-11-17 19:48:44+00:00,0.0,0.0,Neutral
14,@tabe_ferdi @itc_mar_yam But they are not showing their existence,en,0,0,2021-11-17 19:48:30+00:00,0.0,0.0,Neutral
15,"RT @Kiran24Rajput: I have substantial investments in below portfolio stocks, where I am expecting huge value unlock with de-merger: 
United…",en,0,0,2021-11-17 19:48:18+00:00,0.9,0.4000000000000001,Positive
16,@ITC_Catterick Does anyone know what these mark means ? This is on the rear door of the Buffalo LVT 4 dug up in Cro… https://t.co/piNgGYl2XN,en,0,0,2021-11-17 19:47:30+00:00,0.0,0.0,Neutral
17,@ITC_SPY @britsymphcup Definitely #teamVaughanWilliams tonight @RVWSociety,en,2,0,2021-11-17 19:46:52+00:00,0.5,0.0,Neutral
19,RT @tabe_ferdi: @itc_mar_yam @itsmeumairi A lot of people stay up,en,0,0,2021-11-17 19:46:21+00:00,0.0,0.0,Neutral
20,@itc_mar_yam @itsmeumairi A lot of people stay up,en,1,1,2021-11-17 19:45:57+00:00,0.0,0.0,Neutral
24,"RT @afn_khaan: Honoured to be part of Book launching ceremony, authored by Dr. @shashitharoor ji titled Pride, Prejudice and Punditry at IT…",en,0,0,2021-11-17 19:44:52+00:00,0.0,0.0,Neutral
26,"RT @Khulood_Almani: What Happens When #Blockchain,#IoT &amp; #AI Converge❓ 

https://t.co/xqGcSeG82Y

#ArtificialIntelligence #technology #inno…",en,0,0,2021-11-17 19:44:02+00:00,0.0,0.0,Neutral
27,"RT @Khulood_Almani: What Happens When #Blockchain,#IoT &amp; #AI Converge❓ 

https://t.co/xqGcSeG82Y

#ArtificialIntelligence #technology #inno…",en,0,0,2021-11-17 19:43:56+00:00,0.0,0.0,Neutral
28,"RT @Khulood_Almani: What Happens When #Blockchain,#IoT &amp; #AI Converge❓ 

https://t.co/xqGcSeG82Y

#ArtificialIntelligence #technology #inno…",en,0,0,2021-11-17 19:43:51+00:00,0.0,0.0,Neutral
29,itc is giving us so much vocalist exy content im gonna cry,en,0,0,2021-11-17 19:42:43+00:00,0.2,0.2,Positive
30,The McDonald’s Happy Meal is now a Wholesome Meal with the addition of ITC’s B Natural Fruit (no sugar) beverage… https://t.co/4dLyd1YFYn,en,1,1,2021-11-17 19:42:03+00:00,0.7,0.45,Positive
36,Yooooo I haven't bought myself my ITC present.,en,0,0,2021-11-17 19:38:10+00:00,0.0,0.0,Neutral
37,Cody ITC,en,0,0,2021-11-17 19:37:45+00:00,0.0,0.0,Neutral
41,RT @LenkaBula: GREAT NEWS🥂💻🥰😜 College of Accounting Sciences @Unisa has registered 13% improvements in ITC Exams (CAs) results🙏From 39% to…,en,0,0,2021-11-17 19:32:20+00:00,0.75,0.8,Positive
53,"Top 5 #crypto losers in the past hour 

 $YOYOW, Lost: 🔽-53.4% 

$ITC, Lost: 🔽-41.4% 

$HYPERRISE, Lost: 🔽-32.4%… https://t.co/vXgQUP6Z9H",en,0,0,2021-11-17 19:31:05+00:00,0.31666666666666665,0.016666666666666663,Positive
55,RT @Investywise: ITC's IT business is bigger than you thought! https://t.co/ZSVpJOrxcM,en,0,0,2021-11-17 19:30:18+00:00,0.5,0.0,Neutral
56,Your Construction &amp; Real Estate update: 18 November 2021 - https://t.co/s8c6AbiQQv,en,0,0,2021-11-17 19:29:39+00:00,0.30000000000000004,0.2,Positive
57,RT @armycoschinf: Superb day visiting the troops in LONDIST. I’ve spoken to soldiers recently out of ⁦@ITC_Catterick⁩ and their NCOs and of…,en,0,0,2021-11-17 19:27:41+00:00,0.625,0.5,Positive
58,RT @Investywise: ITC's IT business is bigger than you thought! https://t.co/ZSVpJOrxcM,en,0,0,2021-11-17 19:25:07+00:00,0.5,0.0,Neutral
60,"I'm at ITC - International Trade Center in Natal, RN https://t.co/cO3WUVUnea",en,0,0,2021-11-17 19:23:46+00:00,0.05,-0.05,Negative
63,RT @Investywise: ITC's IT business is bigger than you thought! https://t.co/ZSVpJOrxcM,en,0,0,2021-11-17 19:22:50+00:00,0.5,0.0,Neutral
65,"@rahulroushan The easiest one lakh rupees ever earned

Rohit sharma be like 
' bhai ITC kharid le'",en,0,0,2021-11-17 19:18:18+00:00,0.0,0.0,Neutral
66,RT @ErnstNr4: Congratulations to every @UJAccountancy CTA Student that passed their CTA today 🥳🤩! What an amazing achievement. Stay strong…,en,0,0,2021-11-17 19:17:04+00:00,0.9,0.6000000000000001,Positive
67,"@JindalAvikesh Bought ITC 250 NOV CE @2.17
Will it increase today? or exit?",en,0,0,2021-11-17 19:17:04+00:00,0.0,0.0,Neutral
71,ITC film series… in spaaaaaaace! Is that the deal? #CowboyBebop,en,1,0,2021-11-17 19:12:31+00:00,0.0,0.0,Neutral
73,Our very own ITC tutor Daniel Maine recently visited Rarotonga. Hear about his incredible experience and what it wa… https://t.co/DAU4515y7m,en,0,0,2021-11-17 19:11:12+00:00,0.7166666666666667,0.56,Positive
74,RT @ErnstNr4: Congratulations to every @UJAccountancy CTA Student that passed their CTA today 🥳🤩! What an amazing achievement. Stay strong…,en,0,0,2021-11-17 19:07:04+00:00,0.9,0.6000000000000001,Positive
76,"RT @themukulagrawal: Market news sources- ITC to demerge ITC Infotech and plans for its IPO soon*
ITC Infotech is a wholly owned subsidiary…",en,0,0,2021-11-17 19:04:53+00:00,0.0,0.0,Neutral
77,RT @NiamhPower18: Fantastic to see our @INTERREG_NWE #ReNu2Farm project showcased to Minister for Further &amp; Higher Education @SimonHarrisTD…,en,0,0,2021-11-17 19:04:44+00:00,0.6333333333333333,0.21666666666666667,Positive
78,"Group Purchasing, Supplier Payments, Buyer Extended Credit Periods, Stock Management, Delivery Logistics, Asset and… https://t.co/UMPfKSqezq",en,0,0,2021-11-17 19:04:42+00:00,0.0,0.0,Neutral
79,New surprise in McDonald’s Happy Meal! Food combo gets ITC beverages inside https://t.co/3Oq6XYP65n,en,1,0,2021-11-17 19:04:35+00:00,0.7272727272727273,0.5681818181818181,Positive
80,RT @ErnstNr4: Congratulations to every @UJAccountancy CTA Student that passed their CTA today 🥳🤩! What an amazing achievement. Stay strong…,en,0,0,2021-11-17 19:03:37+00:00,0.9,0.6000000000000001,Positive
81,"RT @BiIndia: #ITC has a ₹2,500 crore IT business hiding in plain sight and that makes the street go Yippee!

https://t.co/wymwChntHd

By @B…",en,0,0,2021-11-17 19:02:17+00:00,0.35714285714285715,-0.26785714285714285,Negative
82,"""It's a question that will be explored with the 10G Challenge, a contest announced in October that will award more… https://t.co/YUgipIQwIo",en,0,0,2021-11-17 19:02:01+00:00,0.0,0.0,Neutral
83,RT @skrabut: ITC: 53 - Virtual Office Hours Best Practices  #HigherEd #elearning #instructionaldesign https://t.co/TNrzqrkrCW https://t.co/…,en,0,0,2021-11-17 19:01:52+00:00,0.3,1.0,Positive
84,"RT @themukulagrawal: Market news sources- ITC to demerge ITC Infotech and plans for its IPO soon*
ITC Infotech is a wholly owned subsidiary…",en,0,0,2021-11-17 19:00:52+00:00,0.0,0.0,Neutral
86,"RT @Kiran24Rajput: I have substantial investments in below portfolio stocks, where I am expecting huge value unlock with de-merger: 
United…",en,0,0,2021-11-17 18:59:58+00:00,0.9,0.4000000000000001,Positive
87,"ITC, Afreximbank launch training programme to small firms - https://t.co/OukAHlPYGX",en,0,0,2021-11-17 18:57:23+00:00,0.4,-0.25,Negative
88,"@ITC_Gambia One month’s research and we’ve handpicked this generation’s 50 most talented Women CEOs, leading the to… https://t.co/iM8nJYJvJn",en,0,0,2021-11-17 18:56:54+00:00,0.7,0.6,Positive
89,New surprise in McDonald’s Happy Meal! Food combo gets ITC beverages inside https://t.co/OnjsfCEPR5,en,0,0,2021-11-17 18:56:51+00:00,0.7272727272727273,0.5681818181818181,Positive
93,"#ITC Infotech. So the street is abuzz with the news of demerger of the infotech business. 

I had estimated it to b… https://t.co/NmpYo5cybw",en,5,0,2021-11-17 18:53:38+00:00,0.0,0.0,Neutral
94,"University of Texas at San Antonio: ITC virtual exhibit explores history, role of Texas sharecropping -… https://t.co/vV5sXwGQrl",en,0,0,2021-11-17 18:53:01+00:00,0.0,0.0,Neutral
96,"@ITC_Bull Good to hear that. It fell from 265, made a doji at 245 &amp; then broke down. It again hit the same level an… https://t.co/OlldClTnsL",en,0,0,2021-11-17 18:51:06+00:00,0.337962962962963,0.18148148148148147,Positive
97,New surprise in McDonald’s Happy Meal! Food combo gets ITC beverages inside https://t.co/PWHMVV1jhv,en,0,0,2021-11-17 18:48:22+00:00,0.7272727272727273,0.5681818181818181,Positive
98,Passing ITC https://t.co/WNzbABWHcW,en,11,0,2021-11-17 18:48:01+00:00,0.0,0.0,Neutral
99,"RT @intocryptoverse: Stake and earn rewards on your $AVAX with ITC:
https://t.co/9mmvGAo0xi",en,0,0,2021-11-17 18:46:37+00:00,0.0,0.0,Neutral
0,"RT @Connect4Climate: Meet the 9 finalists in the @ITC_sustainable Youth Ecopreneur Awards! 💚

Register now for this coming Tuesday's exciti…",en,0,0,2021-11-18 22:05:25+00:00,0.0,0.0,Neutral
2,RT @MadMohawkFilms: Check out our #Documentary #ITC: #Paranormal or #Pareidolia #Free on #Prime #dreamrecordcreate please #retweet https://…,en,0,0,2021-11-18 22:04:21+00:00,0.4,0.2,Positive
3,Check out our #Documentary #ITC: #Paranormal or #Pareidolia #Free on #Prime #dreamrecordcreate please #retweet… https://t.co/Le9lXFLZmk,en,0,1,2021-11-18 22:02:56+00:00,0.4,0.2,Positive
5,"RT @JstInvestments: So much Euphoria over #ITC

Here is a thread explaining in simple terms what has happened in each of their segments in…",en,0,0,2021-11-18 22:01:45+00:00,0.2785714285714286,0.1,Positive
6,RT @ScottFarmCo: Who sold the adapter harness last spring to make an ITC Deere globe work and did it actually work? #agsale,en,0,0,2021-11-18 21:58:07+00:00,0.08333333333333334,0.0,Neutral
9,"RT @utsav1711: Biggest beneficiary of paytm listing is itc.

All trollers and meme makers will now focus their energies on paytm , and itc…",en,0,0,2021-11-18 21:55:41+00:00,0.0,0.0,Neutral
13,RT @ScottFarmCo: Who sold the adapter harness last spring to make an ITC Deere globe work and did it actually work? #agsale,en,0,0,2021-11-18 21:50:10+00:00,0.08333333333333334,0.0,Neutral
14,"RT @WITVikings: Yet another 3-0 win for our Rocket League team again tonight 🤪

Well done to everybody involved 👏🏻 

@itc_esport @sport_wit…",en,0,0,2021-11-18 21:44:59+00:00,0.4,0.8,Positive
18,"RT @RioBravoLobos: Spread the word! Our current ITC, Mr. @Despinoza_Tech, will be taking over our STEM program soon. So, we’re looking for…",en,0,0,2021-11-18 21:34:56+00:00,0.4,0.0,Neutral
22,Here are some more completed Color Theory Paintings made by our super talented ITC artists! @syracuseITC… https://t.co/q151TcxgCy,en,1,0,2021-11-18 21:34:05+00:00,0.6888888888888888,0.5694444444444444,Positive
26,Who sold the adapter harness last spring to make an ITC Deere globe work and did it actually work? #agsale,en,0,2,2021-11-18 21:29:11+00:00,0.08333333333333334,0.0,Neutral
29,The UCA Interprofessional Teaching Center is offering no-cost health care services for the rest of the year. Learn… https://t.co/fQ0xFUMLVZ,en,3,0,2021-11-18 21:25:42+00:00,0.1,-0.1,Negative
33,@ITC_Family_Fan ITC Inspection Tonton Colombo.,en,0,0,2021-11-18 21:21:14+00:00,0.0,0.0,Neutral
39,"RT @M_sankie: My girl passed ITC, I am crying😭😭

We are obviously popping GH Mumm for this pass man🥂🥳♥️",en,0,0,2021-11-18 21:13:37+00:00,0.5,0.0,Neutral
40,"RT @dit_uganda: UPDATE: The Minister of State for Higher Education, Hon. Dr. @JCMuyingo will tomorrow 19th November 2021 officiate at the I…",en,0,0,2021-11-18 21:13:32+00:00,0.5,0.25,Positive
42,"RT @CallMeReelax: The SMS I've been waiting for

ITC exam done and dusted!

Adiwele!! 🚀 https://t.co/TmUlT3BOaO",en,0,0,2021-11-18 21:12:50+00:00,0.0,0.0,Neutral
45,RT @ufh1916: Graduates from the UFH Nkuhlu Department of Accounting attained a 91% pass rate for the second sitting of the 2021 SAICA Initi…,en,0,0,2021-11-18 21:06:32+00:00,0.0,0.0,Neutral
46,RT @eliottskitchen: I miss them 🖤 #greliott #itc https://t.co/2fXgiEhybK,en,0,0,2021-11-18 21:05:15+00:00,0.0,0.0,Neutral
48,RT @eliottskitchen: I miss them 🖤 #greliott #itc https://t.co/2fXgiEhybK,en,0,0,2021-11-18 20:57:38+00:00,0.0,0.0,Neutral
49,RT @eliottskitchen: I miss them 🖤 #greliott #itc https://t.co/2fXgiEhybK,en,0,0,2021-11-18 20:57:08+00:00,0.0,0.0,Neutral
50,"RT @ca_mehtaravi: After ITC memes,#Paytm #IPO meme on the tops...just one day move and every expert came out with their views that everyone…",en,0,0,2021-11-18 20:56:29+00:00,0.0,0.0,Neutral
51,"RT @GamIncubator: Earlier today, 20 Agric-preneurs from the Andandorr program funded by the @ITC_Gambia &amp; @ITC_Youth through @yepgambia gra…",en,0,0,2021-11-18 20:56:17+00:00,0.5,0.0,Neutral
53,RT @ufh1916: Graduates from the UFH Nkuhlu Department of Accounting attained a 91% pass rate for the second sitting of the 2021 SAICA Initi…,en,0,0,2021-11-18 20:52:07+00:00,0.0,0.0,Neutral
54,"RT @JstInvestments: So much Euphoria over #ITC

Here is a thread explaining in simple terms what has happened in each of their segments in…",en,0,0,2021-11-18 20:51:49+00:00,0.2785714285714286,0.1,Positive
55,Hailey Bieber Reveals the Thing She'd Be 'Mortified' to Do With Justin Bieber https://t.co/gFNy3lwEWj  hope it work… https://t.co/Kv6BKZGt3c,en,0,0,2021-11-18 20:50:29+00:00,0.0,0.0,Neutral
56,I miss them 🖤 #greliott #itc https://t.co/2fXgiEhybK,en,26,3,2021-11-18 20:47:55+00:00,0.0,0.0,Neutral
61,RT @ufh1916: Graduates from the UFH Nkuhlu Department of Accounting attained a 91% pass rate for the second sitting of the 2021 SAICA Initi…,en,0,0,2021-11-18 20:40:25+00:00,0.0,0.0,Neutral
62,ITC Michigan President Simon Whitelocke and @MichiganPSC Chair Dan Scripps weigh in on the recent hosting capacity… https://t.co/dxffPIDvXt,en,0,0,2021-11-18 20:40:05+00:00,0.25,0.0,Neutral
70,"RT @rahulgrover89: #nifty50 etf price movement = #ITC 
#nifty50 future price movement = #BajajFinance 
#nifty50 option price movement = #Bi…",en,0,0,2021-11-18 20:36:21+00:00,0.125,0.0,Neutral
74,"RT @JstInvestments: So much Euphoria over #ITC

Here is a thread explaining in simple terms what has happened in each of their segments in…",en,0,0,2021-11-18 20:35:09+00:00,0.2785714285714286,0.1,Positive
76,RT @ufh1916: Graduates from the UFH Nkuhlu Department of Accounting attained a 91% pass rate for the second sitting of the 2021 SAICA Initi…,en,0,0,2021-11-18 20:33:35+00:00,0.0,0.0,Neutral
78,@MaximeITC @AmbreMartin_ @Greg_Delobel @Soldatdesmedias @ITC_Institut @eliottprevost9 @SalomemeITC @DevaSyed… https://t.co/Pn80wia5Qi,en,1,0,2021-11-18 20:29:09+00:00,0.0,0.0,Neutral
81,@ADodson80 @snaprep @ITC_Catterick Last sentence not connected to the rest - just wanted to say how good they were… https://t.co/maevZsp5Og,en,1,0,2021-11-18 20:25:51+00:00,0.33333333333333337,0.35,Positive
82,"ITC at 1 hr. timeframe halting at trendline support..
fresh buying may initiate if 1 hr. candle closes above 244..… https://t.co/P4AmXJwgzw",en,0,0,2021-11-18 20:25:13+00:00,0.3,0.15,Positive
83,@ADodson80 @snaprep @ITC_Catterick Interesting. I'd have always encouraged using it. Basics done well and under pre… https://t.co/GniGg9yprt,en,1,0,2021-11-18 20:25:03+00:00,0.5,0.5,Positive
84,@Average_S0ldier @snaprep @ITC_Catterick @MilitaryBanter That's what caused the casualty. No hope of bringing them back.,en,2,0,2021-11-18 20:23:37+00:00,0.0,0.0,Neutral
87,"@Mercy_Justice12 @StuffForSisters @Chris_SmithsJ @BobNLestrange No. You don’t have to believe that. 

I was going t… https://t.co/XPSGsR0lWy",en,2,0,2021-11-18 20:22:02+00:00,0.0,0.0,Neutral
88,@Tomstxr @WITVikings @itc_esport @sport_wit OMG THANK YOU SO MUCH!!!!!,en,1,0,2021-11-18 20:20:44+00:00,0.2,0.6103515625,Positive
89,@snaprep @ITC_Catterick That’s what’s training is for. Learn it now before you need it for real,en,0,0,2021-11-18 20:19:21+00:00,0.30000000000000004,0.2,Positive
92,"@ITC_Catterick ROE granted. 
Ground commander authorises danger close
F Bomb inbound. https://t.co/HrhCGiZkIK",en,0,0,2021-11-18 20:16:33+00:00,0.0,0.0,Neutral
94,RT @ufh1916: Graduates from the UFH Nkuhlu Department of Accounting attained a 91% pass rate for the second sitting of the 2021 SAICA Initi…,en,0,0,2021-11-18 20:13:41+00:00,0.0,0.0,Neutral
1,10-year extensions to both the ITC and PTC (i.e. 30% for the ITC and 1.5c/kWh for the PTC). Dems are trying to vote… https://t.co/c7FKy05atO,en,0,0,2021-11-19 19:37:42+00:00,0.0,0.0,Neutral
3,"RT @chartbent: Farms laws abolished
#ITC
#Reliance
#Adanienterprise
Prominent names that are shocked.",en,0,0,2021-11-19 19:33:56+00:00,0.9,-0.09999999999999998,Negative
4,RT @camille_asmarr: @intocryptoverse @SundaeSwap I voted for ITC and @shwetachauhan :),en,0,0,2021-11-19 19:32:57+00:00,1.0,0.5,Positive
7,"RT @Curious_Indian_: 💎 Multibagger Monopoly Stocks 💎
⚡CDSL
⚡MCX
⚡BSE
⚡IEX
⚡IRCTC
⚡ITC Ltd
⚡EXIDE Ind
⚡Marico
⚡HAL
⚡Pidilite Ind
⚡Nestle
⚡CA…",en,0,0,2021-11-19 19:30:51+00:00,0.0,0.0,Neutral
8,"RT @Educ_SportsUg: #EducUg | The Industrial Trainning Council (ITC) of Uganda:

- The Incoming Chairperson, Dr. @RuthBiyinzika and the outg…",en,0,0,2021-11-19 19:30:30+00:00,0.0,0.0,Neutral
9,"RT @Educ_SportsUg: HAPPENING-NOW: Inaguration of the 5th Edition of the Industrial Trainning Council (ITC).

VENUE: @dit_uganda - Lugogo ht…",en,0,0,2021-11-19 19:30:20+00:00,0.0,0.0,Neutral
18,RT @AlmondSolns: We are excited to host Interrobang season 11 - ITC's unique campus engagement initiative that provides students from premi…,en,0,0,2021-11-19 19:18:18+00:00,0.875,0.375,Positive
24,@caniravkaria also ITC Tata etc ready to eat food supply to irctc . itc also  in mcdonald to serve fruit juice with happymeal,en,0,0,2021-11-19 19:16:57+00:00,0.5,0.2,Positive
25,"#ITC &amp; #TATAPOWER at the same price now. Which one would rise the highest in 5years? 😊

@kuttrapali26 
@ramesh_dugar",en,0,0,2021-11-19 19:16:01+00:00,0.125,0.0,Neutral
26,"@RymerAbbie @snaprep @iamtherealgrout @ADodson80 @ITC_Catterick Agreed. The simpler, the better.",en,1,0,2021-11-19 19:15:44+00:00,0.5,0.5,Positive
27,"RT @WealthEnrich: Stock returns are never linear !

#ITC
Nov'06 : Rs. 57
Nov'16 : Rs. 240
10 yrs : 320% Returns 

Then,
Nov'16: Rs. 240
Nov…",en,0,0,2021-11-19 19:14:47+00:00,0.0,0.0,Neutral
29,"RT @Curious_Indian_: 💎 Multibagger Monopoly Stocks 💎
⚡CDSL
⚡MCX
⚡BSE
⚡IEX
⚡IRCTC
⚡ITC Ltd
⚡EXIDE Ind
⚡Marico
⚡HAL
⚡Pidilite Ind
⚡Nestle
⚡CA…",en,0,0,2021-11-19 19:13:08+00:00,0.0,0.0,Neutral
31,"@DBlapps @NewsAsset Feel free to to check out our video library that may answer some initial questions, and you can… https://t.co/vK81Mv2qOq",en,0,0,2021-11-19 19:12:22+00:00,0.4,0.2,Positive
35,It’s a privilege to work with @STFC_ITC and great to see the work done in lessons celebrated in this way. https://t.co/MJTtqCHqYV,en,0,0,2021-11-19 19:07:07+00:00,0.75,0.575,Positive
36,@ross_moy @snaprep @iamtherealgrout @ADodson80 @ITC_Catterick Totally agreed ref. Crib sheets but I do think the BC… https://t.co/tbb6dO0t4v,en,2,0,2021-11-19 19:06:45+00:00,0.75,0.0,Neutral
40,"RT @Wreckless_Faith: https://t.co/CC15JWCRN8
Tune in to the ITC podcast with the homies @DubtheG  @trillbillybran 
Ross and Sirdancealot",en,0,0,2021-11-19 19:03:19+00:00,0.0,0.0,Neutral
43,"RT @Wreckless_Faith: https://t.co/CC15JWCRN8
Tune in to the ITC podcast with the homies @DubtheG  @trillbillybran 
Ross and Sirdancealot",en,0,0,2021-11-19 19:02:28+00:00,0.0,0.0,Neutral
44,"RT @ross_moy: @iamtherealgrout @ADodson80 @ITC_Catterick Big fan of crib sheets. We all forget important details under pressure, because we…",en,0,0,2021-11-19 19:01:47+00:00,0.55,0.2,Positive
45,RT @skrabut: ITC: 117 - Bullet Journaling for Educators #HigherEd #elearning #instructionaldesign #TeachingandLearning https://t.co/JZhJEEk…,en,0,0,2021-11-19 19:00:57+00:00,0.0,0.0,Neutral
50,"RT @Curious_Indian_: 💎 Multibagger Monopoly Stocks 💎
⚡CDSL
⚡MCX
⚡BSE
⚡IEX
⚡IRCTC
⚡ITC Ltd
⚡EXIDE Ind
⚡Marico
⚡HAL
⚡Pidilite Ind
⚡Nestle
⚡CA…",en,0,0,2021-11-19 18:57:56+00:00,0.0,0.0,Neutral
51,"RT @Curious_Indian_: 💎 Multibagger Monopoly Stocks 💎
⚡CDSL
⚡MCX
⚡BSE
⚡IEX
⚡IRCTC
⚡ITC Ltd
⚡EXIDE Ind
⚡Marico
⚡HAL
⚡Pidilite Ind
⚡Nestle
⚡CA…",en,0,0,2021-11-19 18:55:17+00:00,0.0,0.0,Neutral
59,"RT @indulgexpress: New menu: #SouthIndian reimagined, Avartana at #ITCGrandChola delivers a symphony in taste

@ITCGrandChola

#gourmetfood…",en,0,0,2021-11-19 18:40:32+00:00,0.45454545454545453,0.13636363636363635,Positive
61,"RT @Curious_Indian_: 💎 Multibagger Monopoly Stocks 💎
⚡CDSL
⚡MCX
⚡BSE
⚡IEX
⚡IRCTC
⚡ITC Ltd
⚡EXIDE Ind
⚡Marico
⚡HAL
⚡Pidilite Ind
⚡Nestle
⚡CA…",en,0,0,2021-11-19 18:39:45+00:00,0.0,0.0,Neutral
62,@CardanoFeed ITC / Into the Cryptoverse @intocryptoverse,en,0,0,2021-11-19 18:39:24+00:00,0.0,0.0,Neutral
63,GROS LOL #itc https://t.co/mj6cOYffdk,en,2,0,2021-11-19 18:37:29+00:00,0.7,0.8,Positive
72,@ITC_Family_Fan @clement_remiens Dommage 😗,en,0,0,2021-11-19 18:31:24+00:00,0.0,0.0,Neutral
73,"RT @Curious_Indian_: 💎 Multibagger Monopoly Stocks 💎
⚡CDSL
⚡MCX
⚡BSE
⚡IEX
⚡IRCTC
⚡ITC Ltd
⚡EXIDE Ind
⚡Marico
⚡HAL
⚡Pidilite Ind
⚡Nestle
⚡CA…",en,0,0,2021-11-19 18:31:15+00:00,0.0,0.0,Neutral
77,"RT @Curious_Indian_: 💎 Multibagger Monopoly Stocks 💎
⚡CDSL
⚡MCX
⚡BSE
⚡IEX
⚡IRCTC
⚡ITC Ltd
⚡EXIDE Ind
⚡Marico
⚡HAL
⚡Pidilite Ind
⚡Nestle
⚡CA…",en,0,0,2021-11-19 18:25:31+00:00,0.0,0.0,Neutral
79,"RT @chartbent: #ITC
Instead of 80%, shall now give 100% profits as dividents..
Plz dont sell the stock🙏",en,0,0,2021-11-19 18:25:01+00:00,0.0,0.0,Neutral
80,@itc_mar_yam Quotes💯😌,en,1,0,2021-11-19 18:24:19+00:00,0.0,0.0,Neutral
83,"RT @IssquaredInc: ISSQUARED Technology Center is a new beginning in Ohio!!!
As new landmark opens new doors, we acknowledge to pursue highe…",en,0,0,2021-11-19 18:23:38+00:00,0.3659090909090909,0.10976562499999998,Positive
86,"RT @IssquaredInc: ISSQUARED Technology Center is a new beginning in Ohio!!!
As new landmark opens new doors, we acknowledge to pursue highe…",en,0,0,2021-11-19 18:23:07+00:00,0.3659090909090909,0.10976562499999998,Positive
87,"The #BuildBackBetter Act just passed the House, which includes critical solar provisions: extending the commercial… https://t.co/ChtD19SMrg",en,2,0,2021-11-19 18:22:41+00:00,0.8,0.0,Neutral
88,"https://t.co/CC15JWCRN8
Tune in to the ITC podcast with the homies @DubtheG  @trillbillybran 
Ross and Sirdancealot",en,2,2,2021-11-19 18:22:37+00:00,0.0,0.0,Neutral
90,"RT @Curious_Indian_: 💎 Multibagger Monopoly Stocks 💎
⚡CDSL
⚡MCX
⚡BSE
⚡IEX
⚡IRCTC
⚡ITC Ltd
⚡EXIDE Ind
⚡Marico
⚡HAL
⚡Pidilite Ind
⚡Nestle
⚡CA…",en,0,0,2021-11-19 18:22:00+00:00,0.0,0.0,Neutral
93,"RT @utsav1711: Biggest beneficiary of paytm listing is itc.

All trollers and meme makers will now focus their energies on paytm , and itc…",en,0,0,2021-11-19 18:21:14+00:00,0.0,0.0,Neutral
2,The Sonos v. Google case is being examined more closely by ITC https://t.co/IRBIWkyllX,en,0,0,2021-11-20 15:21:24+00:00,0.5,0.5,Positive
3,The Sonos v. Google case is being examined more closely by ITC https://t.co/IYXnGIBgpF,en,0,0,2021-11-20 15:21:23+00:00,0.5,0.5,Positive
4,RT @Qid_Memez: ITC when it realises that PayTM is the new meme stock in the market 😂 https://t.co/MjsB4r8Ir8,en,0,0,2021-11-20 15:20:42+00:00,0.45454545454545453,0.13636363636363635,Positive
5,RT @Qid_Memez: ITC when it realises that PayTM is the new meme stock in the market 😂 https://t.co/MjsB4r8Ir8,en,0,0,2021-11-20 15:19:04+00:00,0.45454545454545453,0.13636363636363635,Positive
7,Sonos proceedings against Google get ITC scrutiny https://t.co/nfQ5OTjTYE,en,0,0,2021-11-20 15:18:26+00:00,0.0,0.0,Neutral
8,Sonos proceedings against Google get ITC scrutiny https://t.co/xzAaHeI2KM,en,0,0,2021-11-20 15:18:23+00:00,0.0,0.0,Neutral
9,RT @intocryptoverse: A modest 95M $ADA staked with Into The Cryptoverse. Go stake with ITC2 (ITC is getting full) to participate in the Sun…,en,0,0,2021-11-20 15:16:34+00:00,0.7250000000000001,0.22499999999999998,Positive
11,RT @ITC_TampereUni: ITC is proud of our Prof of #Gamification Juho Hamari (@VirtualEconomy) who has been listed as #HighlyCited2021 scholar…,en,0,0,2021-11-20 15:12:48+00:00,1.0,0.8,Positive
12,"Hopefully this project is a success and then it becomes one of the best cryptos, I am enthusiastic about participat… https://t.co/Y7xrG2KbjE",en,0,0,2021-11-20 15:11:10+00:00,0.39999999999999997,0.6333333333333333,Positive
14,"Coming Soon!

VR cade in the lap of nature at Welcomhotel by ITC Hotels, Shimla

For reservations and enquiry call:… https://t.co/oEf1O4Fwl9",en,0,0,2021-11-20 15:08:15+00:00,0.0,0.0,Neutral
15,RT @intocryptoverse: A modest 95M $ADA staked with Into The Cryptoverse. Go stake with ITC2 (ITC is getting full) to participate in the Sun…,en,0,0,2021-11-20 15:07:30+00:00,0.7250000000000001,0.22499999999999998,Positive
16,"#ITC launched #Fabelle #Chocolate in India @ITCCorpCom 
https://t.co/kNmofoUGJn",en,2,0,2021-11-20 15:05:35+00:00,0.0,0.0,Neutral
18,"@narendramodi
@nstomar
Farmers' issues: Solution?
1) 1st Making 'e-Chaupal (ITC model)' like distributed pilot solu… https://t.co/juVjGlCe4C",en,0,0,2021-11-20 15:03:43+00:00,0.0,0.0,Neutral
19,RT @haldiaarpit: Part II of the Video Explaining how to deal with notices being receive for difference in ITC claimed v/a appearing in GSTR…,en,0,0,2021-11-20 15:02:37+00:00,0.0,0.0,Neutral
21,“The vision for this kind of technology is that it removes barriers. Some of the bottlenecks that have existed betw… https://t.co/89em1ULOOz,en,0,0,2021-11-20 15:01:04+00:00,0.9,0.6,Positive
22,"RT @Rajasthan_Forum: Our esteemed members of Rajasthan Forum at the Desert Soul Event in #Jaipur with Lt. Gen Susheel Gupta 
It is presente…",en,0,0,2021-11-20 15:01:00+00:00,0.0,0.0,Neutral
23,RT @Qid_Memez: ITC when it realises that PayTM is the new meme stock in the market 😂 https://t.co/MjsB4r8Ir8,en,0,0,2021-11-20 15:00:19+00:00,0.45454545454545453,0.13636363636363635,Positive
24,@StocktwitsIndia It definitely doesn't suit for #ITC 😂,en,2,0,2021-11-20 15:00:14+00:00,0.5,0.0,Neutral
27,"RT @Wiz_Inkc: Itc ok u moan,but also too much moaning is bad🚮",en,0,0,2021-11-20 14:59:02+00:00,0.35,0.35,Positive
28,RT @RuthBiyinzika: I was yesterday successful swore-in as the Chairperson Industrial Training Council  (ITC) at the 5th Inauguration of the…,en,0,0,2021-11-20 14:58:37+00:00,0.95,0.75,Positive
29,RT @intocryptoverse: A modest 95M $ADA staked with Into The Cryptoverse. Go stake with ITC2 (ITC is getting full) to participate in the Sun…,en,0,0,2021-11-20 14:58:35+00:00,0.7250000000000001,0.22499999999999998,Positive
31,"@Qid_Memez 😅🤣🤣   Wow....

This is by far the best meme on itc....",en,1,0,2021-11-20 14:55:41+00:00,0.7666666666666666,0.39999999999999997,Positive
32,RT @Qid_Memez: ITC when it realises that PayTM is the new meme stock in the market 😂 https://t.co/MjsB4r8Ir8,en,0,0,2021-11-20 14:55:25+00:00,0.45454545454545453,0.13636363636363635,Positive
34,ITC after realising that now everyone is behind paytm rather then ITC ( for memes) https://t.co/fz4sAEMaUl,en,27,0,2021-11-20 14:54:40+00:00,0.7,-0.4,Negative
36,RT @Qid_Memez: ITC when it realises that PayTM is the new meme stock in the market 😂 https://t.co/MjsB4r8Ir8,en,0,0,2021-11-20 14:52:39+00:00,0.45454545454545453,0.13636363636363635,Positive
39,RT @Qid_Memez: ITC when it realises that PayTM is the new meme stock in the market 😂 https://t.co/MjsB4r8Ir8,en,0,0,2021-11-20 14:51:22+00:00,0.45454545454545453,0.13636363636363635,Positive
45,@Qid_Memez ITC investors be like- ab to badh jaa https://t.co/t2UAJLhKj1,en,1,0,2021-11-20 14:43:55+00:00,0.0,0.0,Neutral
47,RT @Morris__Bright: I miss pre-covid tribute events @ElstreeStudios. Here celebrating the output of ITC organised by @unmutualwebsite at El…,en,0,0,2021-11-20 14:41:25+00:00,0.0,0.0,Neutral
48,@intocryptoverse Congrats on Sundaeswap vote. I’m glad I joined ITC pool!!,en,0,0,2021-11-20 14:38:29+00:00,1.0,0.78125,Positive
49,RT @intocryptoverse: A modest 95M $ADA staked with Into The Cryptoverse. Go stake with ITC2 (ITC is getting full) to participate in the Sun…,en,0,0,2021-11-20 14:37:54+00:00,0.7250000000000001,0.22499999999999998,Positive
50,RT @intocryptoverse: A modest 95M $ADA staked with Into The Cryptoverse. Go stake with ITC2 (ITC is getting full) to participate in the Sun…,en,0,0,2021-11-20 14:37:08+00:00,0.7250000000000001,0.22499999999999998,Positive
51,RT @Qid_Memez: ITC when it realises that PayTM is the new meme stock in the market 😂 https://t.co/MjsB4r8Ir8,en,0,0,2021-11-20 14:37:06+00:00,0.45454545454545453,0.13636363636363635,Positive
52,@STFC_ITC dinner last night with Reech Media. It’s so impressive the work that this great charity does within the l… https://t.co/o6mhpKuup8,en,0,0,2021-11-20 14:37:00+00:00,0.6055555555555555,0.6,Positive
53,@StocktwitsIndia Definitely not ITC😂,en,0,0,2021-11-20 14:34:44+00:00,0.5,0.0,Neutral
57,"RT @abhishekrajaram: Some People get angry when we raise issues like Section 16(4), Rule 36(4), 2A vs 2B, GST Return Revision, GST Amnesty…",en,0,0,2021-11-20 14:33:26+00:00,1.0,-0.5,Negative
60,RT @skrabut: ITC: 64 - Reviewing the Book: The Productive Online and Offline Professor #HigherEd #elearning #instructionaldesign #thriveonl…,en,0,0,2021-11-20 14:30:51+00:00,0.0,0.0,Neutral
61,RT @intocryptoverse: A modest 95M $ADA staked with Into The Cryptoverse. Go stake with ITC2 (ITC is getting full) to participate in the Sun…,en,0,0,2021-11-20 14:30:17+00:00,0.7250000000000001,0.22499999999999998,Positive
62,@StocktwitsIndia Sometimes CDSL/BSE &amp; some time ITC tooo 😁,en,1,0,2021-11-20 14:29:30+00:00,0.0,0.0,Neutral
65,RT @intocryptoverse: A modest 95M $ADA staked with Into The Cryptoverse. Go stake with ITC2 (ITC is getting full) to participate in the Sun…,en,0,0,2021-11-20 14:28:07+00:00,0.7250000000000001,0.22499999999999998,Positive
66,RT @intocryptoverse: A modest 95M $ADA staked with Into The Cryptoverse. Go stake with ITC2 (ITC is getting full) to participate in the Sun…,en,0,0,2021-11-20 14:27:57+00:00,0.7250000000000001,0.22499999999999998,Positive
68,RT @intocryptoverse: A modest 95M $ADA staked with Into The Cryptoverse. Go stake with ITC2 (ITC is getting full) to participate in the Sun…,en,0,0,2021-11-20 14:27:37+00:00,0.7250000000000001,0.22499999999999998,Positive
69,RT @intocryptoverse: A modest 95M $ADA staked with Into The Cryptoverse. Go stake with ITC2 (ITC is getting full) to participate in the Sun…,en,0,0,2021-11-20 14:25:37+00:00,0.7250000000000001,0.22499999999999998,Positive
70,"ITC Deal : Aashirwad Shudh Chakki Atta 30 KG + Freebie (Worth Upto Rs.155) at Rs.751

Effective Price : Rs.25/Kg

A… https://t.co/nzwrf5BpoR",en,2,0,2021-11-20 14:24:59+00:00,0.45,0.44999999999999996,Positive
73,"ITC LOOT Deal : Aashirwad Shudh Chakki Atta 30 KG + Freebie (Worth Upto Rs.155) @751

Effective Price : Rs.25/Kg

A… https://t.co/F1gVKB4ZZy",en,0,0,2021-11-20 14:22:23+00:00,0.45,0.44999999999999996,Positive
75,"RT @abhishekrajaram: Some People get angry when we raise issues like Section 16(4), Rule 36(4), 2A vs 2B, GST Return Revision, GST Amnesty…",en,0,0,2021-11-20 14:21:39+00:00,1.0,-0.5,Negative
76,RT @haldiaarpit: Part II of the Video Explaining how to deal with notices being receive for difference in ITC claimed v/a appearing in GSTR…,en,0,0,2021-11-20 14:21:16+00:00,0.0,0.0,Neutral
78,RT @Qid_Memez: ITC when it realises that PayTM is the new meme stock in the market 😂 https://t.co/MjsB4r8Ir8,en,0,0,2021-11-20 14:20:41+00:00,0.45454545454545453,0.13636363636363635,Positive
79,"One Life 💙 Goa Vibes ITC Resorts Beach. 

#goalife🌴❤️🍺 #itcgoa
#asgoaasitgets #BeachLife #Goa #itcgoa #GoaTourism… https://t.co/Enzjr8CFwQ",en,0,0,2021-11-20 14:20:37+00:00,0.0,0.0,Neutral
80,@itc_mar_yam Same ☹️,en,0,0,2021-11-20 14:20:26+00:00,0.125,0.0,Neutral
81,RT @Qid_Memez: ITC when it realises that PayTM is the new meme stock in the market 😂 https://t.co/MjsB4r8Ir8,en,0,0,2021-11-20 14:20:13+00:00,0.45454545454545453,0.13636363636363635,Positive
84,RT @intocryptoverse: A modest 95M $ADA staked with Into The Cryptoverse. Go stake with ITC2 (ITC is getting full) to participate in the Sun…,en,0,0,2021-11-20 14:16:32+00:00,0.7250000000000001,0.22499999999999998,Positive
87,ITC when it realises that PayTM is the new meme stock in the market 😂 https://t.co/MjsB4r8Ir8,en,163,10,2021-11-20 14:14:48+00:00,0.45454545454545453,0.13636363636363635,Positive
88,"RT @abhishekrajaram: Some People get angry when we raise issues like Section 16(4), Rule 36(4), 2A vs 2B, GST Return Revision, GST Amnesty…",en,0,0,2021-11-20 14:13:23+00:00,1.0,-0.5,Negative
90,RT @intocryptoverse: A modest 95M $ADA staked with Into The Cryptoverse. Go stake with ITC2 (ITC is getting full) to participate in the Sun…,en,0,0,2021-11-20 14:12:47+00:00,0.7250000000000001,0.22499999999999998,Positive
91,"ITC LOOT Deal : 

Aashirwad  Atta 30 KG + Freebie (Worth Upto Rs.155) at Rs.751

Effective Price: Rs.25/Kg

ADD 2 Q… https://t.co/7O4NySlLcw",en,1,0,2021-11-20 14:12:21+00:00,0.45,0.44999999999999996,Positive
92,Reliance | HDFC Bank | ITC | Tata Motors | INFY | Price Action Levels | ... https://t.co/uyvEZ3ZeRp via @YouTube… https://t.co/aoQPv5IgsC,en,1,0,2021-11-20 14:12:16+00:00,0.1,0.1,Positive
93,"ITC LOOT Deal : Aashirwad Shudh Chakki Atta 30 KG + Freebie (Worth Upto Rs.155) @ 751

Effective Price : Rs.25/Kg… https://t.co/zSCZWAAlQp",en,0,0,2021-11-20 14:11:42+00:00,0.45,0.44999999999999996,Positive
94,"RT @AkashPhophalia: https://t.co/IFOmHCxSqi

*Mis-match in ITC…..Puzzled??…Part-II* @haldiaarpit @caashu_sharma #gst #itc #inputtaxcredit",en,0,0,2021-11-20 14:11:37+00:00,0.0,0.0,Neutral
95,"ITC LOOT Deal : Aashirwad Shudh Chakki Atta 30 KG + Freebie (Worth Upto Rs.155) @751

Effective Price : Rs.25/Kg

A… https://t.co/8pn6Eg3jwv",en,0,0,2021-11-20 14:11:13+00:00,0.45,0.44999999999999996,Positive
97,RT @james_crypto45: This is the right time to start making money while you sit at home.. Am glad my investors are getting paid daily from t…,en,0,0,2021-11-20 14:09:44+00:00,0.5119047619047619,0.2619047619047619,Positive
98,"ITC LOOT Deal : Aashirwad Shudh Chakki Atta 30 KG + Freebie (Worth Upto Rs.155) @751

Effective Price : Rs.25/Kg

A… https://t.co/HQSRBAfzOj",en,0,0,2021-11-20 14:09:41+00:00,0.45,0.44999999999999996,Positive
9,"RT @chakara_17: Here is the proof from Columbia University official site: https://t.co/D673yFNG1m

@VigneshAnand_Vm I know the Dravidian st…",en,0,0,2021-11-21 08:26:50+00:00,0.0,0.0,Neutral
10,itc fck up music shows who use attendance as points is the one they didnt attend ☹️,en,0,0,2021-11-21 08:26:13+00:00,0.0,0.0,Neutral
11,"RT @isunnyshakya: #StockMarketindia #StockMarket 
ITC investor 😂 https://t.co/8IT7CMTkI8",en,0,0,2021-11-21 08:25:28+00:00,0.0,0.0,Neutral
12,"RT @isunnyshakya: #StockMarketindia #StockMarket 
ITC investor 😂 https://t.co/8IT7CMTkI8",en,0,0,2021-11-21 08:25:08+00:00,0.0,0.0,Neutral
13,@GST_Council @nsitharamanoffc @CAclubindia can someone please explain the logic behind blocking umclaimed ITC beyon… https://t.co/0Om9S6Jh20,en,0,0,2021-11-21 08:25:00+00:00,0.7,-0.4,Negative
14,"RT @BullMarkets1: 😎 My 15 Stock Portfolio for long term 😎

Asian Paints
Bajaj Finance
Britannia
Dmart
Dabur
HDFC Bank
HUL
ITC
Jubilant Food…",en,0,0,2021-11-21 08:15:40+00:00,0.2,-0.025,Negative
16,"RT @GabbbarSingh: ITC hotel restaurants have these weird practice of covering every piece of cutlery and crockery in paper envelopes, so be…",en,0,0,2021-11-21 08:10:47+00:00,1.0,-0.5,Negative
17,"RT @ashoksharma81: Stocks to Watch for 22.11.2021

Reliance &amp; Vedanta

#StocksInFocus #StocksToBuy
#StocksToWatch
#sharemarket
#daytrading…",en,0,0,2021-11-21 08:10:43+00:00,0.0,0.0,Neutral
18,"Stocks to Watch for 22.11.2021

Reliance &amp; Vedanta

#StocksInFocus #StocksToBuy
#StocksToWatch
#sharemarket… https://t.co/UuCQw9ZaKl",en,1,1,2021-11-21 08:10:14+00:00,0.0,0.0,Neutral
24,"RT @Kiran24Rajput: 2.5K qtys, Price: Rs 200, Capital: 5L
De merged their businesses into 3 - x,y &amp; z.

Today sum of these stocks: Rs 4,871*…",en,0,0,2021-11-21 08:05:36+00:00,0.0,0.0,Neutral
26,"RT @JstInvestments: So much Euphoria over #ITC

Here is a thread explaining in simple terms what has happened in each of their segments in…",en,0,0,2021-11-21 08:05:08+00:00,0.2785714285714286,0.1,Positive
29,RT @RuthBiyinzika: I was yesterday successful swore-in as the Chairperson Industrial Training Council  (ITC) at the 5th Inauguration of the…,en,0,0,2021-11-21 07:54:14+00:00,0.95,0.75,Positive
30,"@swatidugar_ God and Santa may not deliver on wishes, but Tooth fairy is like ITC, dividend aa jaata hai daanth girne pe",en,1,0,2021-11-21 07:53:26+00:00,0.0,0.0,Neutral
32,RT @Kiran24Rajput: Have that One Titan (bonus &amp; 1:10 split) &amp; One Adani (demerger value unlock) stock in your concentrated portfolio of 10…,en,0,0,2021-11-21 07:50:43+00:00,0.0,0.0,Neutral
33,RT @Kiran24Rajput: Have that One Titan (bonus &amp; 1:10 split) &amp; One Adani (demerger value unlock) stock in your concentrated portfolio of 10…,en,0,0,2021-11-21 07:50:25+00:00,0.0,0.0,Neutral
34,RT @Qid_Memez: ITC when it realises that PayTM is the new meme stock in the market 😂 https://t.co/MjsB4r8Ir8,en,0,0,2021-11-21 07:50:24+00:00,0.45454545454545453,0.13636363636363635,Positive
35,@Swapnasneha @dineshwadera @sudhirgparmar @aarchanay @AshishRPai @swetakalantri @DineshMuthaa @cmasukhada @jivikau… https://t.co/QVJ8KGMCEi,en,1,0,2021-11-21 07:48:12+00:00,0.0,0.0,Neutral
38,@ArjunB9591 @ITCCorpCom Aaj se ITC pe straddle banana band.,en,0,0,2021-11-21 07:45:25+00:00,0.0,0.0,Neutral
40,"RT @Curious_Indian_: 💎 Multibagger Monopoly Stocks 💎
⚡CDSL
⚡MCX
⚡BSE
⚡IEX
⚡IRCTC
⚡ITC Ltd
⚡EXIDE Ind
⚡Marico
⚡HAL
⚡Pidilite Ind
⚡Nestle
⚡CA…",en,0,0,2021-11-21 07:42:38+00:00,0.0,0.0,Neutral
41,"RT @Kiran24Rajput: 2.5K qtys, Price: Rs 200, Capital: 5L
De merged their businesses into 3 - x,y &amp; z.

Today sum of these stocks: Rs 4,871*…",en,0,0,2021-11-21 07:42:07+00:00,0.0,0.0,Neutral
42,@ITC_inthecrack @penelopewoodsx More ANAL/ass fingering scenes would be so good!,en,0,0,2021-11-21 07:41:02+00:00,0.55,0.6875,Positive
43,RT @Kiran24Rajput: Have that One Titan (bonus &amp; 1:10 split) &amp; One Adani (demerger value unlock) stock in your concentrated portfolio of 10…,en,0,0,2021-11-21 07:40:44+00:00,0.0,0.0,Neutral
45,"RT @antonycotton: I arrived home yesterday afternoon, unpacked, &amp; repacked another bag and headed off to @ITC_Catterick to dine out my mate…",en,0,0,2021-11-21 07:39:55+00:00,0.0,0.0,Neutral
46,RT @ItsmarathonRace: @DrdhimanBhatta1 #ITC #Tataconsumer #Reliance #NiftyITETF #Hdfclife #bankbees #Cleanscience #PharmaETF #NSE (after lis…,en,0,0,2021-11-21 07:38:38+00:00,0.0,0.0,Neutral
47,"RT @Kiran24Rajput: 2.5K qtys, Price: Rs 200, Capital: 5L
De merged their businesses into 3 - x,y &amp; z.

Today sum of these stocks: Rs 4,871*…",en,0,0,2021-11-21 07:37:54+00:00,0.0,0.0,Neutral
49,RT @Kiran24Rajput: Have that One Titan (bonus &amp; 1:10 split) &amp; One Adani (demerger value unlock) stock in your concentrated portfolio of 10…,en,0,0,2021-11-21 07:32:16+00:00,0.0,0.0,Neutral
52,@ITC_TF1 les 1 an ?? rhoo https://t.co/etvKkOoPRI,en,0,0,2021-11-21 07:26:43+00:00,0.0,0.0,Neutral
53,"RT @Kiran24Rajput: 2.5K qtys, Price: Rs 200, Capital: 5L
De merged their businesses into 3 - x,y &amp; z.

Today sum of these stocks: Rs 4,871*…",en,0,0,2021-11-21 07:25:03+00:00,0.0,0.0,Neutral
54,"RT @Kiran24Rajput: 2.5K qtys, Price: Rs 200, Capital: 5L
De merged their businesses into 3 - x,y &amp; z.

Today sum of these stocks: Rs 4,871*…",en,0,0,2021-11-21 07:24:05+00:00,0.0,0.0,Neutral
55,RT @Kiran24Rajput: Have that One Titan (bonus &amp; 1:10 split) &amp; One Adani (demerger value unlock) stock in your concentrated portfolio of 10…,en,0,0,2021-11-21 07:23:38+00:00,0.0,0.0,Neutral
56,RT @Qid_Memez: ITC when it realises that PayTM is the new meme stock in the market 😂 https://t.co/MjsB4r8Ir8,en,0,0,2021-11-21 07:22:58+00:00,0.45454545454545453,0.13636363636363635,Positive
57,"@anurag56375336 @GabbbarSingh How do you know someone has been to ITC Hotel 
Step 1: they tell you😜",en,0,0,2021-11-21 07:22:04+00:00,0.0,0.0,Neutral
58,"Weekly Tech Picks - ITC Ltd, BSE Ltd, Shipping Corporation Of India Ltd, Birlasoft Ltd By @AxisDirect_In… https://t.co/tSBALxOHXR",en,1,0,2021-11-21 07:19:16+00:00,0.0,0.0,Neutral
59,"@MalvikaIyer “Who had it worse, the people who got PayTM allotment or the shareholders of ITC who bought high?”",en,0,0,2021-11-21 07:15:54+00:00,0.57,-0.12000000000000001,Negative
61,RT @RuthBiyinzika: I was yesterday successful swore-in as the Chairperson Industrial Training Council  (ITC) at the 5th Inauguration of the…,en,0,0,2021-11-21 07:14:37+00:00,0.95,0.75,Positive
62,"#ITC from 235.5 to 244 so far in 1 week

Set up still valid for Bigger targets in coming weeks

PS: Analysis only… https://t.co/yKErIsw2P9",en,1,0,2021-11-21 07:14:25+00:00,0.75,0.05,Positive
66,RT @Qid_Memez: ITC when it realises that PayTM is the new meme stock in the market 😂 https://t.co/MjsB4r8Ir8,en,0,0,2021-11-21 07:10:32+00:00,0.45454545454545453,0.13636363636363635,Positive
67,RT @Qid_Memez: ITC when it realises that PayTM is the new meme stock in the market 😂 https://t.co/MjsB4r8Ir8,en,0,0,2021-11-21 07:10:27+00:00,0.45454545454545453,0.13636363636363635,Positive
70,RT @Kiran24Rajput: Have that One Titan (bonus &amp; 1:10 split) &amp; One Adani (demerger value unlock) stock in your concentrated portfolio of 10…,en,0,0,2021-11-21 07:08:01+00:00,0.0,0.0,Neutral
73,A modest 95M $ADA staked with Into The Cryptoverse. Go stake with ITC2 (ITC is getting full) to participate in the… https://t.co/eS4YBJG24w,en,0,0,2021-11-21 07:06:10+00:00,0.7250000000000001,0.22499999999999998,Positive
74,@Arunstockguru hopefully #ITC may join the list in the near future...,en,3,0,2021-11-21 07:05:43+00:00,0.2625,0.05,Positive
78,".
*ITC STORE Loot : Aashirvaad Atta, Ghee, Spices*

Exclusive Offer: Get Flat Rs 350 Off on Orders over Rs 1000 on… https://t.co/4RTNwwmVhr",en,0,0,2021-11-21 07:01:08+00:00,0.125,-0.025,Negative
82,@AaronParnas Of course @RepCawthorn doesn't represent my generation! He's a piece of s&amp;itc💩 an Ignorant who shouldn't be there!,en,0,0,2021-11-21 06:59:28+00:00,0.0,0.0,Neutral
83,"RT @Kiran24Rajput: 2.5K qtys, Price: Rs 200, Capital: 5L
De merged their businesses into 3 - x,y &amp; z.

Today sum of these stocks: Rs 4,871*…",en,0,0,2021-11-21 06:59:24+00:00,0.0,0.0,Neutral
84,RT @Kiran24Rajput: Have that One Titan (bonus &amp; 1:10 split) &amp; One Adani (demerger value unlock) stock in your concentrated portfolio of 10…,en,0,0,2021-11-21 06:58:57+00:00,0.0,0.0,Neutral
85,Have that One Titan (bonus &amp; 1:10 split) &amp; One Adani (demerger value unlock) stock in your concentrated portfolio o… https://t.co/8LHNrKnd4z,en,62,8,2021-11-21 06:56:16+00:00,0.0,0.0,Neutral
86,"ITC STORE Loot : Aashirvaad Atta, Ghee, Spices. 

Exclusive Offer: Get Flat Rs 350 Off on Orders over Rs 1000 on IT… https://t.co/Ilwuf38ajj",en,0,0,2021-11-21 06:56:10+00:00,0.125,-0.025,Negative
94,"RT @vetris_stocks: #Investing tid bits

The coming data play

ITC, L&amp;T, Asian paints etc are in existence for decades and are valued at abo…",en,0,0,2021-11-21 06:51:15+00:00,0.0,0.0,Neutral
96,"RT @Kiran24Rajput: 2.5K qtys, Price: Rs 200, Capital: 5L
De merged their businesses into 3 - x,y &amp; z.

Today sum of these stocks: Rs 4,871*…",en,0,0,2021-11-21 06:50:28+00:00,0.0,0.0,Neutral
97,@ArjunB9591 @ITCCorpCom ITC may fall 10% tomorrow. Caution ⚠️,en,0,0,2021-11-21 06:50:20+00:00,0.0,0.0,Neutral
98,@Ashwin2S @StocktwitsIndia ITC is just the opposite.,en,1,0,2021-11-21 06:49:48+00:00,0.0,0.0,Neutral
2,"RT @Stocktry1: ITC Investors to ITC LTD Whenever it tries to cross 220,

Har baar garam karke Thanda hi Chhod dete hai!! 

#itc #investors…",en,0,0,2021-11-22 07:28:34+00:00,0.2,-0.05,Negative
7,"RT @AttiahDiana: Civilian commercial  aircrafts
and MILbattleships,subs have =BS=on board,some portable
US,UK,Ru Agencies,Corporations NAME…",en,0,0,2021-11-22 07:25:22+00:00,0.0,0.0,Neutral
10,RT @mishra_baibhav: ITC has been talking about increase in supply chain across rural India. https://t.co/f0NEsc8HHj,en,0,0,2021-11-22 07:24:35+00:00,0.0,0.0,Neutral
13,ITC has been talking about increase in supply chain across rural India. https://t.co/f0NEsc8HHj,en,1,1,2021-11-22 07:22:58+00:00,0.0,0.0,Neutral
15,"PLUM HIRES ITC'S ABHISHEK AGRAWAL AS ITS CHIEF BUSINESS OFFICER FOR DIGITAL

https://t.co/hFny9OoIIV",en,0,0,2021-11-22 07:21:03+00:00,0.0,0.0,Neutral
16,Is PayTM becoming new ITC now ? https://t.co/fnrlpeTRY2,en,4,0,2021-11-22 07:18:25+00:00,0.6522727272727273,0.2931818181818182,Positive
20,"RT @Khulood_Almani: What are the drivers of #VR &amp; #AR?

#Digital #innovation #tech #DataScience #AI #VR #FF14 #NFTs #java #coding #IoT #dev…",en,0,0,2021-11-22 07:11:33+00:00,0.0,0.0,Neutral
21,"RT @Khulood_Almani: Is #Digitization The New #Globalization?

v/@Forbes 
 https://t.co/OygLH6yvj9

#Digital #innovation #tech #DataScience…",en,0,0,2021-11-22 07:11:29+00:00,0.22727272727272727,0.06818181818181818,Positive
22,"RT @Khulood_Almani: Is #Digitization The New #Globalization?

v/@Forbes 
 https://t.co/OygLH6yvj9

#Digital #innovation #tech #DataScience…",en,0,0,2021-11-22 07:11:29+00:00,0.22727272727272727,0.06818181818181818,Positive
23,"RT @Khulood_Almani: What are the drivers of #VR &amp; #AR?

#Digital #innovation #tech #DataScience #AI #VR #FF14 #NFTs #java #coding #IoT #dev…",en,0,0,2021-11-22 07:11:26+00:00,0.0,0.0,Neutral
24,"RT @Khulood_Almani: What are the drivers of #VR &amp; #AR?

#Digital #innovation #tech #DataScience #AI #VR #FF14 #NFTs #java #coding #IoT #dev…",en,0,0,2021-11-22 07:11:26+00:00,0.0,0.0,Neutral
25,"RT @Khulood_Almani: Is #Digitization The New #Globalization?

v/@Forbes 
 https://t.co/OygLH6yvj9

#Digital #innovation #tech #DataScience…",en,0,0,2021-11-22 07:11:24+00:00,0.22727272727272727,0.06818181818181818,Positive
26,"RT @Khulood_Almani: What are the drivers of #VR &amp; #AR?

#Digital #innovation #tech #DataScience #AI #VR #FF14 #NFTs #java #coding #IoT #dev…",en,0,0,2021-11-22 07:11:21+00:00,0.0,0.0,Neutral
28,"The Maddies 2021: Campaigns with effective mobile marketing strategies shortlisted
#Brands #Campaigns #ITC #Maddies… https://t.co/eOt13sikFp",en,0,0,2021-11-22 07:09:43+00:00,0.8,0.6,Positive
30,Ha ha ha. Amazing nonsense. Mr. @srinathraghava3 have you worked in the FMCG sector in India? Any clue on how FMCG… https://t.co/fVg8mqmaRo,en,1,0,2021-11-22 07:07:58+00:00,0.9,0.6000000000000001,Positive
32,RT @AttiahDiana: @js3987078 @HRF @ISHRglobal @CivilRights @CANSONews @amnestyusa @IntlCrimCourt @cnni @Olympics @Inter_en @usairforce @usgo…,en,0,0,2021-11-22 07:06:31+00:00,0.0,0.0,Neutral
33,RT @AttiahDiana: @js3987078 @unGa @UNarabic @ONU_fr @UNinHindi @UmojaWaMataifa @NacoesUnidas @UnitedNationsRU @ONU_es Civilian commercial…,en,0,0,2021-11-22 07:06:05+00:00,0.0,0.0,Neutral
34,RT @AttiahDiana: @js3987078 @1Muhammad_Munir @BanoQaz @Itx_Wahab123 @Xmarts9 @erlgzr3 @bintabbas24 @Sunyk0 @ub_315 @Bhatties68 @AfeeraMehar…,en,0,0,2021-11-22 07:05:34+00:00,0.0,0.0,Neutral
35,"@datta_arvind Sir, even after 10 years ITC is struggling to find it's value. So your guess is as good as mine.",en,0,0,2021-11-22 07:05:31+00:00,0.6000000000000001,0.7,Positive
37,RT @AttiahDiana: @js3987078 @1Muhammad_Munir @BanoQaz @Itx_Wahab123 @Xmarts9 @erlgzr3 @bintabbas24 @Sunyk0 @ub_315 @Bhatties68 @AfeeraMehar…,en,0,0,2021-11-22 07:05:12+00:00,0.0,0.0,Neutral
40,RT @AttiahDiana: @js3987078 @1Muhammad_Munir @BanoQaz @Itx_Wahab123 @Xmarts9 @erlgzr3 @bintabbas24 @Sunyk0 @ub_315 @Bhatties68 @AfeeraMehar…,en,0,0,2021-11-22 07:04:39+00:00,0.0,0.0,Neutral
42,RT @AttiahDiana: @js3987078 @ho88_sh @jilfff @1_j7_ @Z_Q_1 @Voor21 @ah74m @t28e_u @EltipAtif @1moly_n @Arab_re1 @K_____H3 @halily_old @Dypo…,en,0,0,2021-11-22 07:04:12+00:00,0.0,0.0,Neutral
44,"#maukamuka 

Market Correction is temporary,
Growth is Permanent.

Sale Shopping List
@BhartiAirtel
@TVTODAY… https://t.co/s4Ij1LeDep",en,0,0,2021-11-22 07:03:18+00:00,0.0,0.0,Neutral
49,RT @gautam_icma: The open interest build up in ITC is so huge that I won't be surprised if Govt bans smoking or a drug is invented to make…,en,0,0,2021-11-22 06:58:30+00:00,0.7666666666666666,0.1666666666666667,Positive
52,"@WeekendInvestng Sir, seems like HnS pattern in ITC. Don’t know how valid this is though. https://t.co/snse8REpoL",en,1,0,2021-11-22 06:57:45+00:00,0.0,0.0,Neutral
55,"RT @Nigel__DSouza: PayTM Bulls saying 

📱‘Stock is trading at 10x Price to projected FY26 Sales P/S (Price to Sales)’ 📱

ITC Bulls counter…",en,0,0,2021-11-22 06:56:34+00:00,0.0,0.0,Neutral
56,RT @CapitalTrends: #ITC within 5% of 50-day moving average. #BuyingOpportunity #TradingOpportunity ? https://t.co/CqaMxhCofI https://t.co/N…,en,0,0,2021-11-22 06:56:26+00:00,0.39999999999999997,-0.15,Negative
57,"ITC Investors to ITC LTD Whenever it tries to cross 220,

Har baar garam karke Thanda hi Chhod dete hai!! 

#itc… https://t.co/4HIzvF0nWM",en,0,1,2021-11-22 06:56:22+00:00,0.2,-0.05,Negative
58,RT @JazWiseman: Thanks for the amazing support for the ITC Entertained the World magazine. Still have a few copies available. Details are h…,en,0,0,2021-11-22 06:55:45+00:00,0.4,0.25,Positive
65,"RT @Nigel__DSouza: PayTM Bulls saying 

📱‘Stock is trading at 10x Price to projected FY26 Sales P/S (Price to Sales)’ 📱

ITC Bulls counter…",en,0,0,2021-11-22 06:47:10+00:00,0.0,0.0,Neutral
66,"RT @Nigel__DSouza: PayTM Bulls saying 

📱‘Stock is trading at 10x Price to projected FY26 Sales P/S (Price to Sales)’ 📱

ITC Bulls counter…",en,0,0,2021-11-22 06:47:03+00:00,0.0,0.0,Neutral
67,"ITC support 229 to 231 range♻️
If hold then expected a decent size of upmove in nifty also",en,1,0,2021-11-22 06:46:19+00:00,0.5333333333333333,0.033333333333333326,Positive
69,"RT @c_1more: Pissed of that I am surrounded at work by some loosers, no one can take me and use me.  Wanna be weak, used,obedient itc #long…",en,0,0,2021-11-22 06:46:05+00:00,0.625,-0.375,Negative
70,"RT @ca_mehtaravi: ITC again decent correction from high...

take 30% Qty long near 232.50",en,0,0,2021-11-22 06:45:54+00:00,0.5016666666666666,0.09416666666666668,Positive
71,"RT @Nigel__DSouza: PayTM Bulls saying 

📱‘Stock is trading at 10x Price to projected FY26 Sales P/S (Price to Sales)’ 📱

ITC Bulls counter…",en,0,0,2021-11-22 06:45:36+00:00,0.0,0.0,Neutral
72,"PayTM Bulls saying 

📱‘Stock is trading at 10x Price to projected FY26 Sales P/S (Price to Sales)’ 📱

ITC Bulls cou… https://t.co/kBESebDH6G",en,66,4,2021-11-22 06:45:22+00:00,0.0,0.0,Neutral
73,"RT @c_1more: Pissed of that I am surrounded at work by some loosers, no one can take me and use me.  Wanna be weak, used,obedient itc #long…",en,0,0,2021-11-22 06:44:49+00:00,0.625,-0.375,Negative
79,RT @AttiahDiana: @js3987078 @ho88_sh @jilfff @1_j7_ @Z_Q_1 @Voor21 @ah74m @t28e_u @EltipAtif @1moly_n @Arab_re1 @K_____H3 @halily_old @Dypo…,en,0,0,2021-11-22 06:36:48+00:00,0.0,0.0,Neutral
81,@js3987078 @ho88_sh @jilfff @1_j7_ @Z_Q_1 @Voor21 @ah74m @t28e_u @EltipAtif @1moly_n @Arab_re1 @K_____H3… https://t.co/myapTb0fyp,en,2,2,2021-11-22 06:36:42+00:00,0.0,0.0,Neutral
82,"ITC again decent correction from high...

take 30% Qty long near 232.50",en,27,1,2021-11-22 06:35:42+00:00,0.5016666666666666,0.09416666666666668,Positive
83,"How do cigarettes affect the body? - Krishna Sudhir
#YouTube video: https://t.co/KM8bwyVWE1 

#SMOKING #cigarette #ITC",en,0,0,2021-11-22 06:34:51+00:00,0.0,0.0,Neutral
84,"RT @abhishekrajaram: Some People get angry when we raise issues like Section 16(4), Rule 36(4), 2A vs 2B, GST Return Revision, GST Amnesty…",en,0,0,2021-11-22 06:34:40+00:00,1.0,-0.5,Negative
86,RT @AttiahDiana: @js3987078 @1Muhammad_Munir @BanoQaz @Itx_Wahab123 @Xmarts9 @erlgzr3 @bintabbas24 @Sunyk0 @ub_315 @Bhatties68 @AfeeraMehar…,en,0,0,2021-11-22 06:33:19+00:00,0.0,0.0,Neutral
87,@js3987078 @1Muhammad_Munir @BanoQaz @Itx_Wahab123 @Xmarts9 @erlgzr3 @bintabbas24 @Sunyk0 @ub_315 @Bhatties68… https://t.co/SOkgri1M45,en,2,2,2021-11-22 06:33:13+00:00,0.0,0.0,Neutral
91,"@FinMinIndia @GST_Council Whether GST officer on basis of his assumptions , can block the ITC credits , issues mult… https://t.co/oEr1xQm17E",en,0,0,2021-11-22 06:28:07+00:00,0.0,0.0,Neutral
92,@js3987078 @1Muhammad_Munir @BanoQaz @Itx_Wahab123 @Xmarts9 @erlgzr3 @bintabbas24 @Sunyk0 @ub_315 @Bhatties68… https://t.co/7xqoeoFY7x,en,1,1,2021-11-22 06:27:30+00:00,0.0,0.0,Neutral
94,"👉#itc paperless conferencing, digital conferencing system, #stagelighting, #prosound are equipped to create a highl… https://t.co/3eemZ6DsoL",en,0,0,2021-11-22 06:26:56+00:00,0.0,0.0,Neutral
97,RT @AttiahDiana: @js3987078 @1Muhammad_Munir @BanoQaz @Itx_Wahab123 @Xmarts9 @erlgzr3 @bintabbas24 @Sunyk0 @ub_315 @Bhatties68 @AfeeraMehar…,en,0,0,2021-11-22 06:24:51+00:00,0.0,0.0,Neutral
98,@js3987078 @1Muhammad_Munir @BanoQaz @Itx_Wahab123 @Xmarts9 @erlgzr3 @bintabbas24 @Sunyk0 @ub_315 @Bhatties68… https://t.co/SpKypwhU4n,en,2,2,2021-11-22 06:24:45+00:00,0.0,0.0,Neutral
1,@Lebooo__ Fuck khana motho has to study for ITC😭💔,en,0,0,2021-11-23 18:48:31+00:00,0.6,-0.4,Negative
4,"RT @Abhishekkar_: If you are sacred of crashes..invest in FD
If you are even scared of FDs
Invest in ITC..
Period",en,0,0,2021-11-23 18:47:02+00:00,0.0,0.0,Neutral
5,RT @vivekraju93: A crypto currency backed by ITC can be used as a stablecoin,en,0,0,2021-11-23 18:45:47+00:00,0.0,0.0,Neutral
6,"Chk this 😘😘😍😍😍

@DerZuschauer7 @ITC_Bull @toonet1034 @TXingh https://t.co/AsIQvpIGUP",en,0,0,2021-11-23 18:45:28+00:00,0.0,0.0,Neutral
9,@Wolverine_stock @kuttrapali26 @sahneydeepak @Justsiva123 @RTSTOCKVIEW @rohanshah619 @SouravSenguptaI… https://t.co/20a9LX6jAG,en,0,0,2021-11-23 18:42:42+00:00,0.0,0.0,Neutral
12,"RT @ITC_ITLOfficial: Hey y'all - we need your input!!

ITC is busy developing the International Timing League series of events - if you're…",en,0,0,2021-11-23 18:41:59+00:00,0.15,0.05,Positive
13,@StocktwitsIndia ITC...you can say wish or by design,en,0,0,2021-11-23 18:41:54+00:00,0.0,0.0,Neutral
17,"@shiinareii ITC Avant Garde

Initially because of the Blend S meme (Smile, Sweet, Sister), and somehow still my fav… https://t.co/th2gxtugkJ",en,0,0,2021-11-23 18:39:55+00:00,0.25,0.21666666666666665,Positive
18,"RT @Debabrata_222: My SIP stock list for very long term portfolio.

#Asianpaints
#hindustanuniliver
#itc
#tatamotors
#pidilite
#tcs
#tataco…",en,0,0,2021-11-23 18:38:56+00:00,0.52,-0.065,Negative
19,RT @vivekraju93: A crypto currency backed by ITC can be used as a stablecoin,en,0,0,2021-11-23 18:38:53+00:00,0.0,0.0,Neutral
22,"RT @ITC_ITLOfficial: Hey y'all - we need your input!!

ITC is busy developing the International Timing League series of events - if you're…",en,0,0,2021-11-23 18:37:14+00:00,0.15,0.05,Positive
29,National ITC offers Industry Certification at prices that everyone can afford. Click here to view our certification… https://t.co/jojTWusafm,en,0,0,2021-11-23 18:33:20+00:00,0.0,0.1,Positive
33,@nsitharaman @GST_Council please extend of ITC claim due date for FY 20-21 till December-21. The books are getting… https://t.co/QezFdoJCrZ,en,0,0,2021-11-23 18:28:27+00:00,0.375,-0.125,Negative
34,"RT @CAamanmittal: @abhishekrajaram You forgot to mention introduction of 16(2)(aa) from 2022 😅😅 

ITC restricted to 2B 😂😂",en,0,0,2021-11-23 18:28:14+00:00,0.0,0.0,Neutral
35,"RT @Khulood_Almani: Simplifying #Patent #Analysis With #ArtificialIntelligence 

https://t.co/z3kIyoYLZk

#AI #DataScience #Metaverse #NFTs…",en,0,0,2021-11-23 18:28:01+00:00,0.0,0.0,Neutral
36,@Veer61554956 @investing_bites @StocktwitsIndia ITC don't have any patterns! It follow it's own course irrespective of index,en,0,0,2021-11-23 18:27:58+00:00,1.0,0.6,Positive
38,"RT @abhishekrajaram: How we celebrated New Year
2020: ITC reduced to 110% of 2A
2021: ITC reduced to 105% of 2A

 2022: GST Rate hike on Fo…",en,0,0,2021-11-23 18:27:46+00:00,0.6022727272727273,0.24318181818181817,Positive
39,"Hey y'all - we need your input!!

ITC is busy developing the International Timing League series of events - if you'… https://t.co/CVEQRQOT46",en,4,2,2021-11-23 18:26:13+00:00,0.15,0.05,Positive
41,"""It's a question that will be explored with the 10G Challenge, a contest announced in October that will award more… https://t.co/zFBRwLvZqA",en,0,0,2021-11-23 18:25:05+00:00,0.0,0.0,Neutral
42,RT @vivekraju93: A crypto currency backed by ITC can be used as a stablecoin,en,0,0,2021-11-23 18:24:43+00:00,0.0,0.0,Neutral
43,@Statsmin @EFJEUROPE So I would like to explain to you that I have been telling them to increase more studying time… https://t.co/io1GCj7gsW,en,0,0,2021-11-23 18:24:34+00:00,0.5,0.5,Positive
44,"RT @investing_bites: @StocktwitsIndia None. forever.

I can hold these companies for the next 5 years even if we buy from the current level…",en,0,0,2021-11-23 18:24:27+00:00,0.2,0.0,Neutral
46,RT @DHSchoolar: As I have said mmWave is small cell of 5G. You don't lead w/it You use it after you build initial network and find where it…,en,0,0,2021-11-23 18:24:16+00:00,0.2,-0.125,Negative
47,"RT @NeeleshTax: Rules in #GST law are so far from the practical world that it has made things complicated for everyone.
Required to-
1. Lin…",en,0,0,2021-11-23 18:23:50+00:00,1.0,-0.2,Negative
53,The ITC sitcoms. Truly fearsome stuff. https://t.co/VQ1PruOril,en,3,0,2021-11-23 18:22:07+00:00,0.0,0.0,Neutral
59,"@vivekraju93 I am new to crypto, what is ITC? Is it related to crypto or is it ITC brand?",en,0,0,2021-11-23 18:20:15+00:00,0.42727272727272725,0.06818181818181818,Positive
61,"My long term buys/ increased holding during this correction :

* Jubliant Ingrevia
* Hindustan Unilever
* ITC
* Tat… https://t.co/9mkgX3vxd1",en,0,1,2021-11-23 18:19:51+00:00,0.4,-0.05,Negative
63,"@_soniashenoy ITC, the mutibagger..",en,0,0,2021-11-23 18:19:34+00:00,0.0,0.0,Neutral
71,"@Abhishekkar_ FDs have interest rate risk, but ITC has neither upside nor downside risk ;)",en,1,0,2021-11-23 18:17:40+00:00,1.0,0.25,Positive
79,"@kach0289 So, how you see #itc?
Can it cross 350 in a year?",en,0,0,2021-11-23 18:16:59+00:00,0.0,0.0,Neutral
80,"@Statsmin @WuZeTianDebator They report one tweet that I violate the rules of twitter, and that tweet has compared b… https://t.co/Nxp17AF1RI",en,0,0,2021-11-23 18:16:49+00:00,0.0,0.0,Neutral
81,"RT @intocryptoverse: Stake your $AVAX and $ADA with the ITC stake pools:
https://t.co/PvYSPsCPGe",en,0,0,2021-11-23 18:16:34+00:00,0.0,0.0,Neutral
82,"@swarnalisarkar #republicbangla #rbangla Award function, ITC te holo madam?",en,0,0,2021-11-23 18:16:30+00:00,0.0,0.0,Neutral
83,"RT @Abhishekkar_: If you are sacred of crashes..invest in FD
If you are even scared of FDs
Invest in ITC..
Period",en,0,0,2021-11-23 18:16:16+00:00,0.0,0.0,Neutral
85,"RT @HemantKothari3: Petrol at all time high
Tax collection are highe by way of blocking of itc
Each and every product rates are increased b…",en,0,0,2021-11-23 18:14:46+00:00,0.5399999999999999,0.16,Positive
87,"RT @Debabrata_222: My SIP stock list for very long term portfolio.

#Asianpaints
#hindustanuniliver
#itc
#tatamotors
#pidilite
#tcs
#tataco…",en,0,0,2021-11-23 18:14:35+00:00,0.52,-0.065,Negative
90,@umarimolurum @tnhnlgn ''İTC'nin'',en,1,0,2021-11-23 18:13:59+00:00,0.0,0.0,Neutral
93,RT @vivekraju93: A crypto currency backed by ITC can be used as a stablecoin,en,0,0,2021-11-23 18:12:58+00:00,0.0,0.0,Neutral
94,"RT @intocryptoverse: If you are staking your $ADA with Into The Cryptoverse (ITC or ITC2), please vote for ITC for the SundaeSwap ISO!",en,0,0,2021-11-23 18:12:24+00:00,0.0,0.0,Neutral
95,RT @intocryptoverse: directions on how to stake with ITC: https://t.co/zWHUGrAkjw,en,0,0,2021-11-23 18:12:19+00:00,0.0,0.0,Neutral
97,"RT @intocryptoverse: Since my two #Cardano stake pools (ITC and ITC2) are nearing saturation, I just launched a new $ADA stake pool - ITC3.…",en,0,0,2021-11-23 18:11:58+00:00,0.45454545454545453,0.13636363636363635,Positive
