,tweet,language,likes,retweets,datetime,Subjectivity,Polarity,Analysis
4,@laligafrauds @Daniel_L_t @nhdnsjssjsjdh @TotalMessi10i But according to most Ronaldo fans only goals / assist matt… https://t.co/2n3dEaBM9W,en,0,0,2021-11-16 20:30:43+00:00,0.75,0.25,Positive
6,"RT @skittlestarott: 💌channeled messages (haven’t done this in a while)

if your name starts with S, J, L, T, P, R
first, middle, last name…",en,0,0,2021-11-16 20:29:26+00:00,0.13333333333333333,0.08333333333333333,Positive
8,"Many Aggies, One World Podcast features INTS major Essynce Lewis, Class of '22, sharing her experiences as an Inter… https://t.co/LybPQDnAQX",en,1,0,2021-11-16 20:27:04+00:00,0.5,0.28125,Positive
10,@ShaneBitterling @JimmyRGeorge W E A L T H!,en,1,0,2021-11-16 20:25:13+00:00,0.0,0.0,Neutral
11,"RT @PaulBowery143: 86614-86638-Ingatestone-2017-01-14
2201 Coatbridge F.L.T. to Felixstowe North F.L.T. https://t.co/zAjgU25oXq",en,0,0,2021-11-16 20:25:03+00:00,0.0,0.0,Neutral
12,@Daniel_L_t Charted where,en,0,0,2021-11-16 20:24:51+00:00,0.0,0.0,Neutral
13,"RT @PaulBowery143: 86639-86612-Cheddington-2016-01-30
0946 Felixstowe North F.L.T. to Crewe Basford Hall S.S.N. https://t.co/zsMOyu4eon",en,0,0,2021-11-16 20:24:37+00:00,0.0,0.0,Neutral
16,"RT @skittlestarott: 💌channeled messages (haven’t done this in a while)

if your name starts with S, J, L, T, P, R
first, middle, last name…",en,0,0,2021-11-16 20:23:31+00:00,0.13333333333333333,0.08333333333333333,Positive
18,"🚀🚨[US] New for 💵$1599 amd rx6900xt red devil🚨🚀

🛒ATC: https://t.co/B4afUFQtpo

🔗Link: https://t.co/bjONMaAAzh… https://t.co/EcJ3hOhlaL",en,0,0,2021-11-16 20:23:01+00:00,0.22727272727272727,0.06818181818181818,Positive
19,"RT @skittlestarott: 💌channeled messages (haven’t done this in a while)

if your name starts with S, J, L, T, P, R
first, middle, last name…",en,0,0,2021-11-16 20:22:22+00:00,0.13333333333333333,0.08333333333333333,Positive
20,📷 M.A.R.I.N.E U.L.T.R.A . . The blues has it MILD for today. —————————————— MAC TREND TUESDAY #mactrend #mactrends… https://t.co/fMXqvqjWxq,en,0,0,2021-11-16 20:22:03+00:00,0.5,0.3333333333333333,Positive
21,RT @ChubbyYurihime: A Hu Tao just for a.d.u.l.t 🔞 https://t.co/lFXMN1Pxp0,en,0,0,2021-11-16 20:21:05+00:00,0.0,0.0,Neutral
22,"Schedule a Service Appointment for your vehicle at L.T. Begnal Motor Company!

Schedule Appointment:… https://t.co/CMbtIl00IQ",en,0,0,2021-11-16 20:19:26+00:00,0.0,0.0,Neutral
23,"RT @FranceinIndia: A partnership made in India, for India. L&amp;T MBDA Missile Systems in #Coimbatore is a highly successful Indo-French joint…",en,0,0,2021-11-16 20:18:20+00:00,0.95,0.75,Positive
24,RT @ChubbyYurihime: A Hu Tao just for a.d.u.l.t 🔞 https://t.co/lFXMN1Pxp0,en,0,0,2021-11-16 20:17:35+00:00,0.0,0.0,Neutral
29,"RT @skittlestarott: 💌channeled messages (haven’t done this in a while)

if your name starts with S, J, L, T, P, R
first, middle, last name…",en,0,0,2021-11-16 20:15:30+00:00,0.13333333333333333,0.08333333333333333,Positive
36,"RT @skittlestarott: 💌channeled messages (haven’t done this in a while)

if your name starts with S, J, L, T, P, R
first, middle, last name…",en,0,0,2021-11-16 20:12:08+00:00,0.13333333333333333,0.08333333333333333,Positive
37,"RT @FranceinIndia: A partnership made in India, for India. L&amp;T MBDA Missile Systems in #Coimbatore is a highly successful Indo-French joint…",en,0,0,2021-11-16 20:12:02+00:00,0.95,0.75,Positive
39,"RT @Scattersilk: realized that spamton reminds me of my 64-tan a lil
that made me want to make a 64-tan NEO
(or U-L-T-R-A 64? 64-tan DD?) h…",en,0,0,2021-11-16 20:10:45+00:00,0.0,0.0,Neutral
43,RT @JPTL4E: #FastFoodSongsAndBands Dude Looks Like a B.L.T and a side of chips https://t.co/UXrNz5vHOz,en,0,0,2021-11-16 20:09:55+00:00,0.0,0.0,Neutral
44,Okay #scrabble fans.  What word out of the letters P-H-Y-S-I-C-A-L-T-H-E-R-A-P-Y would give you the most points ⁉️… https://t.co/f6XNeRkyTk,en,0,0,2021-11-16 20:09:22+00:00,0.5,0.5,Positive
48,"RT @skittlestarott: 💌channeled messages (haven’t done this in a while)

if your name starts with S, J, L, T, P, R
first, middle, last name…",en,0,0,2021-11-16 20:05:46+00:00,0.13333333333333333,0.08333333333333333,Positive
49,"RT @UfiTrust: 🙌 Day 2 of #WeekofVocTech has been another scorcher 🔥 

BIG thanks to @anthonypainter @theRSAorg @Aftab_Hussain @BoltonColleg…",en,0,0,2021-11-16 20:05:46+00:00,0.15000000000000002,0.1,Positive
52,"RT @Scattersilk: realized that spamton reminds me of my 64-tan a lil
that made me want to make a 64-tan NEO
(or U-L-T-R-A 64? 64-tan DD?) h…",en,0,0,2021-11-16 20:03:00+00:00,0.0,0.0,Neutral
53,#FastFoodSongsAndBands Dude Looks Like a B.L.T and a side of chips https://t.co/UXrNz5vHOz,en,1,1,2021-11-16 20:02:52+00:00,0.0,0.0,Neutral
54,"RT @skittlestarott: 💌channeled messages (haven’t done this in a while)

if your name starts with S, J, L, T, P, R
first, middle, last name…",en,0,0,2021-11-16 20:01:27+00:00,0.13333333333333333,0.08333333333333333,Positive
55,"RT @FranceinIndia: A partnership made in India, for India. L&amp;T MBDA Missile Systems in #Coimbatore is a highly successful Indo-French joint…",en,0,0,2021-11-16 19:56:55+00:00,0.95,0.75,Positive
56,"RT @FranceinIndia: A partnership made in India, for India. L&amp;T MBDA Missile Systems in #Coimbatore is a highly successful Indo-French joint…",en,0,0,2021-11-16 19:56:17+00:00,0.95,0.75,Positive
60,"RT @CCPRedArmy: 🚨ATTENTION🚨 QUARTER FINALS THIS FRIDAY vs Ho(L)t
👔Ski
⏰7
📍The Don
‼️BE THERE AND BE LOUD. PACK. THE. DON. Tickets must be p…",en,0,0,2021-11-16 19:53:55+00:00,0.8,0.1,Positive
65,"RT @ColtHavok: DRINKING MORE WATER AND COMING DIFFERENT TODAY 😈

t w i t c h . t v / c o l t h a v o k",en,0,0,2021-11-16 19:50:45+00:00,0.55,0.25,Positive
66,"RT @skittlestarott: 💌channeled messages (haven’t done this in a while)

if your name starts with S, J, L, T, P, R
first, middle, last name…",en,0,0,2021-11-16 19:50:15+00:00,0.13333333333333333,0.08333333333333333,Positive
68,"How does  one play with Electric Vehicle((EV) Theme : 
1. Buy Loss making Companies like Tata Motors
2. Play with E… https://t.co/aVtiqDtiJA",en,0,0,2021-11-16 19:50:02+00:00,0.0,0.0,Neutral
74,"RT @skittlestarott: 💌channeled messages (haven’t done this in a while)

if your name starts with S, J, L, T, P, R
first, middle, last name…",en,0,0,2021-11-16 19:47:46+00:00,0.13333333333333333,0.08333333333333333,Positive
75,"RT @skittlestarott: 💌channeled messages (haven’t done this in a while)

if your name starts with S, J, L, T, P, R
first, middle, last name…",en,0,0,2021-11-16 19:47:45+00:00,0.13333333333333333,0.08333333333333333,Positive
76,Now playing Love Ballad by L.T.D.!,en,0,0,2021-11-16 19:47:43+00:00,0.6,0.625,Positive
80,"RT @skittlestarott: 💌channeled messages (haven’t done this in a while)

if your name starts with S, J, L, T, P, R
first, middle, last name…",en,0,0,2021-11-16 19:45:34+00:00,0.13333333333333333,0.08333333333333333,Positive
83,"RT @FranceinIndia: A partnership made in India, for India. L&amp;T MBDA Missile Systems in #Coimbatore is a highly successful Indo-French joint…",en,0,0,2021-11-16 19:43:12+00:00,0.95,0.75,Positive
84,"DRINKING MORE WATER AND COMING DIFFERENT TODAY 😈

t w i t c h . t v / c o l t h a v o k",en,33,1,2021-11-16 19:42:44+00:00,0.55,0.25,Positive
86,"RT @skittlestarott: 💌channeled messages (haven’t done this in a while)

if your name starts with S, J, L, T, P, R
first, middle, last name…",en,0,0,2021-11-16 19:41:37+00:00,0.13333333333333333,0.08333333333333333,Positive
87,"RT @skittlestarott: 💌channeled messages (haven’t done this in a while)

if your name starts with S, J, L, T, P, R
first, middle, last name…",en,0,0,2021-11-16 19:41:17+00:00,0.13333333333333333,0.08333333333333333,Positive
88,"🙌 Day 2 of #WeekofVocTech has been another scorcher 🔥 

BIG thanks to @anthonypainter @theRSAorg @Aftab_Hussain… https://t.co/x6qdf7NxzJ",en,5,1,2021-11-16 19:41:01+00:00,0.15000000000000002,0.1,Positive
89,RT @Amitraaz: MFR by L&amp;T https://t.co/OOQRDvnpbY,en,0,0,2021-11-16 19:39:48+00:00,0.0,0.0,Neutral
95,"@iheazorsimon @AyomideKehind15 @Daniel_L_t Lol, na too just ignore dem oo ,see wetin  that one dey call  zero lyric… https://t.co/aX5K68CS8Q",en,0,0,2021-11-16 19:38:40+00:00,0.7,0.8,Positive
1,"RT @skittlestarott: 💌channeled messages (haven’t done this in a while)

if your name starts with S, J, L, T, P, R
first, middle, last name…",en,0,0,2021-11-17 20:06:38+00:00,0.13333333333333333,0.08333333333333333,Positive
5,"Gift yourself the gift of W.E.A.L.T.H. this Cyber Monday, Nov. 29th! Take 50% off the entire site and join Homebuye… https://t.co/eKxTrlVPMP",en,1,0,2021-11-17 20:04:57+00:00,0.625,0.0,Neutral
27,"L.T. has joined the Spivi network from Awaken Box Recife, yeah!",en,0,0,2021-11-17 19:55:06+00:00,0.0,0.0,Neutral
30,RT @PrepsNet: Gardendale's @ltsanderss runs into the record books // https://t.co/fTViSvSZhv https://t.co/MAyVCpfm25,en,0,0,2021-11-17 19:51:42+00:00,0.0,0.0,Neutral
32,"RT @EDM_RAVERS: What a badass girl squad 🔥🙌🏼
📍U l t r a  M i a m i https://t.co/qyaT5sclDd",en,0,0,2021-11-17 19:48:14+00:00,0.0,0.0,Neutral
34,"When Polo G said "" anxiety killing me i just wanna leave earth, when they ask if I'm okay it just make everything s… https://t.co/lYTpeVHufR",en,0,0,2021-11-17 19:45:10+00:00,0.5,0.5,Positive
35,"RT @ShinuchiUlti: ✧  🎀  ‼️𝒰𝐿𝒯𝐼💢  🎀  ✧

 【T】【o】【b】【i】【r】【o】【p】【p】【o】  【U】【l】【t】【i】

             #ᴏɴᴇᴘɪᴇᴄᴇʀᴘ #ᴍᴠʀᴘ

                     | 💙…",en,0,0,2021-11-17 19:44:42+00:00,0.0,0.0,Neutral
37,"F I L T H Y 
@FilthyTomLawlor https://t.co/eCX353ik1y",en,1,0,2021-11-17 19:40:37+00:00,0.0,0.0,Neutral
39,@Daniel_L_t @MischiefRonnie then show me.,en,0,0,2021-11-17 19:40:15+00:00,0.0,0.0,Neutral
51,"@MSEDCL power off since 2 hours. Powai. Mahaveer classic, opp L&amp;T gate no 5. @OfficeofUT",en,0,0,2021-11-17 19:31:12+00:00,0.16666666666666666,0.16666666666666666,Positive
53,RT @PrepsNet: Gardendale's @ltsanderss runs into the record books // https://t.co/fTViSvSZhv https://t.co/MAyVCpfm25,en,0,0,2021-11-17 19:29:13+00:00,0.0,0.0,Neutral
54,RT @PrepsNet: Gardendale's @ltsanderss runs into the record books // https://t.co/fTViSvSZhv https://t.co/MAyVCpfm25,en,0,0,2021-11-17 19:28:49+00:00,0.0,0.0,Neutral
55,If I fuck with you I’ll give you my last 🤷🏽‍♀️‼️ Big on L O Y A L T Y 💯,en,0,0,2021-11-17 19:28:25+00:00,0.25555555555555554,-0.13333333333333333,Negative
56,"Zuzenean ikusi ditudan 12 talde, baina bat gezurra da.
Red Hot Chilli Peppers
PI.L.T.
Kuraia
Tool
Rage Against The… https://t.co/QmDKPjtXLg",en,1,0,2021-11-17 19:27:30+00:00,0.42500000000000004,0.125,Positive
57,RT @PrepsNet: Gardendale's @ltsanderss runs into the record books // https://t.co/fTViSvSZhv https://t.co/MAyVCpfm25,en,0,0,2021-11-17 19:27:17+00:00,0.0,0.0,Neutral
60,.@GOPLeader needs to #SeeMyBanner and know that he is screaming G U I L T Y.#DeplorableMcCarthy #CrookedGOP,en,0,0,2021-11-17 19:25:58+00:00,0.0,0.0,Neutral
70,"A playful + purposeful afternoon with fellow L&amp;T mentors! 
The challenge - create a representation of being a mento… https://t.co/h73XCcLBYB",en,1,0,2021-11-17 19:21:03+00:00,0.0,0.0,Neutral
71,@660000_ff6600 @L_T_G_ @Popehat Something that convinced me otherwise is the extent of criminal justice research th… https://t.co/o8pzWrqLO3,en,1,0,2021-11-17 19:21:00+00:00,0.55,-0.4,Negative
75,okay so tharntype’s writer actually admitted that mew and gulf did kissed using their tongues and a l l  t h e t i… https://t.co/cYw1i1y0et,en,0,0,2021-11-17 19:17:38+00:00,0.3,0.25,Positive
76,"another day to get better 🤗

t w i t c h . t v / c o l t h a v o k",en,36,0,2021-11-17 19:15:46+00:00,0.5,0.5,Positive
79,RT @major_madhan: A big thanks to @PMOIndia - L&amp;T MBDA Missile Systems in #Coimbatore is a highly successful Indo-French joint venture brin…,en,0,0,2021-11-17 19:13:33+00:00,0.4166666666666667,0.31666666666666665,Positive
83,@s_a_l_t_y___ Look in the background https://t.co/zQ0ruqIMD5,en,0,0,2021-11-17 19:09:49+00:00,0.0,0.0,Neutral
85,@yadavakhilesh @nitin_gadkari @hegdepooja @ParineetiChopra @Rakulpreet @juniorbachchan @bobbyvarma12 @SaifOnline… https://t.co/wCOi0HaADU,en,0,0,2021-11-17 19:08:02+00:00,0.0,0.0,Neutral
90,C U L T U R E https://t.co/6qSJSKLxyr,en,0,0,2021-11-17 19:04:19+00:00,0.0,0.0,Neutral
95,"@660000_ff6600 @L_T_G_ @Popehat Well, the Federal Sentencing Guidelines get pretty close, but they are not binding… https://t.co/lyHuiBnhLx",en,1,0,2021-11-17 19:00:50+00:00,1.0,0.25,Positive
96,@Alexandre_Zani @L_T_G_ @Popehat I don't think that is something that we should forfeit.,en,1,0,2021-11-17 18:58:53+00:00,0.0,0.0,Neutral
4,"Coming up on our next L&amp;T DM: Developing Rich Mathematical Networks with a focus on Retrieval Practice.

Our starte… https://t.co/GvzpzDWoY5",en,0,0,2021-11-18 22:08:01+00:00,0.25,0.125,Positive
9,I hate that l/t's go br/ndon is like a right wing conservative catchphrase at this point because as a biden hater it's kind of hilarious,en,0,0,2021-11-18 22:03:52+00:00,0.8339285714285715,0.1464285714285714,Positive
10,@adad__________l t. femboy,en,0,0,2021-11-18 22:02:27+00:00,0.0,0.0,Neutral
14,@senekim @JackPosobiec @HumanEvents G U I L T Y,en,0,0,2021-11-18 22:01:06+00:00,0.0,0.0,Neutral
18,@12Hugill They walk amongst us Karen...Like Tommy10names L*t*n fans...,en,1,0,2021-11-18 21:58:39+00:00,0.0,0.0,Neutral
29,"@double_r2d2 E V O L T I O N
A C H I E V E D !

Can’t wait to see where you go next my dude!!! https://t.co/16UrHgGTHb",en,1,0,2021-11-18 21:47:56+00:00,0.0,0.0,Neutral
33,"RT @FranceinIndia: A partnership made in India, for India. L&amp;T MBDA Missile Systems in #Coimbatore is a highly successful Indo-French joint…",en,0,0,2021-11-18 21:43:48+00:00,0.95,0.75,Positive
45,"RT @midnight_harem: W E L C O M E!! Please enjoy the stay

    ~~~~~~~~~~~~~~~~~~~~~~~

         ~ L I M I T L E S S ~

         ~ M U L T…",en,0,0,2021-11-18 21:37:26+00:00,0.5,0.4,Positive
47,"RT @midnight_harem: W E L C O M E!! Please enjoy the stay

    ~~~~~~~~~~~~~~~~~~~~~~~

         ~ L I M I T L E S S ~

         ~ M U L T…",en,0,0,2021-11-18 21:36:49+00:00,0.5,0.4,Positive
48,"RT @midnight_harem: W E L C O M E!! Please enjoy the stay

    ~~~~~~~~~~~~~~~~~~~~~~~

         ~ L I M I T L E S S ~

         ~ M U L T…",en,0,0,2021-11-18 21:36:23+00:00,0.5,0.4,Positive
53,"RT @FrontoFactory: C.U.L.T. Factory Donation Drive 12/19

SAVE THE DATE!
Early Bird Special thru this weekend‼️(only 10 available) https://…",en,0,0,2021-11-18 21:33:16+00:00,0.4238095238095238,0.28571428571428575,Positive
57,@K_o_l_b_a_l_t I just did that ;-;. I do have dyslexia tho so idk,en,1,0,2021-11-18 21:30:42+00:00,0.0,0.0,Neutral
62,"RT @FrontoFactory: C.U.L.T. Factory Donation Drive 12/19

SAVE THE DATE!
Early Bird Special thru this weekend‼️(only 10 available) https://…",en,0,0,2021-11-18 21:28:27+00:00,0.4238095238095238,0.28571428571428575,Positive
64,"RT @johncoup: Register now for a free @A_L_T webinar on 'Decolonising Learning Technologies’, featuring @johntraxler, @kateevans1000 , @2st…",en,0,0,2021-11-18 21:27:58+00:00,0.8,0.4,Positive
67,"@loverofflowerss ""And who's fault is /that?/""

Huff.

""I know you're Ishgardian, Primrose, but r e a l l y?

/S a l t b l o c k s?/""",en,0,0,2021-11-18 21:25:13+00:00,0.0,0.0,Neutral
79,paying off my car next week has me feeling like a next level a d u l t 🥰,en,0,0,2021-11-18 21:21:07+00:00,0.0,0.0,Neutral
87,"RT @FrontoFactory: C.U.L.T. Factory Donation Drive 12/19

SAVE THE DATE!
Early Bird Special thru this weekend‼️(only 10 available) https://…",en,0,0,2021-11-18 21:18:48+00:00,0.4238095238095238,0.28571428571428575,Positive
88,St Maximilian kolbe. https://t.co/4jHD7jtptu W.A.L.T Learn about a saint. This week we have been learningabout diff… https://t.co/dxjdafETam,en,0,0,2021-11-18 21:18:39+00:00,0.0,0.0,Neutral
90,"RT @FrontoFactory: C.U.L.T. Factory Donation Drive 12/19

SAVE THE DATE!
Early Bird Special thru this weekend‼️(only 10 available) https://…",en,0,0,2021-11-18 21:17:53+00:00,0.4238095238095238,0.28571428571428575,Positive
91,"@Holland97M @Ml6007 @Browntable_Ent “C L E A R L T Y”. Sure, but you didn’t even look at what you were responding to.",en,0,0,2021-11-18 21:15:56+00:00,0.8888888888888888,0.5,Positive
92,L.T.D.-love ballad https://t.co/f0q13iDRsG via @YouTube,en,0,0,2021-11-18 21:15:29+00:00,0.0,0.0,Neutral
94,"RT @FrontoFactory: C.U.L.T. Factory Donation Drive 12/19

SAVE THE DATE!
Early Bird Special thru this weekend‼️(only 10 available) https://…",en,0,0,2021-11-18 21:15:21+00:00,0.4238095238095238,0.28571428571428575,Positive
99,L.T.D. - Don't Stop Loving Me Now,en,0,0,2021-11-18 21:12:18+00:00,0.95,0.6,Positive
0,"N
O
T

G
U
I
L
T
Y",en,0,0,2021-11-19 19:41:18+00:00,0.0,0.0,Neutral
1,"RT @nichegamer: I lied.
One more and I'm done.
That is until i find an equally spicy one to replace it. 

N O T
G U I L T Y https://t.co/0K…",en,0,0,2021-11-19 19:40:18+00:00,0.375,0.25,Positive
4,"RT @nichegamer: I lied.
One more and I'm done.
That is until i find an equally spicy one to replace it. 

N O T
G U I L T Y https://t.co/0K…",en,0,0,2021-11-19 19:39:14+00:00,0.375,0.25,Positive
8,"Take it with a pillar of salt, H.A.L.T., it's not my fault",en,0,0,2021-11-19 19:35:48+00:00,0.0,0.0,Neutral
14,"Count1️⃣NOT GUILTY
Count2️⃣NOT GUILTY
Count3️⃣NOT GUILTY
Count4️⃣NOT GUILTY
Count5️⃣NOT GUILTY

KYLE RITTENHOUSE 
Y… https://t.co/WrGByVcN82",en,1,0,2021-11-19 19:33:30+00:00,1.0,-0.5,Negative
17,"RT @nichegamer: I lied.
One more and I'm done.
That is until i find an equally spicy one to replace it. 

N O T
G U I L T Y https://t.co/0K…",en,0,0,2021-11-19 19:31:26+00:00,0.375,0.25,Positive
20,"RT @redskin744: @MSNBC @nytimes @CNN @washingtonpost @CBS @latimes  @ABC @chicagotribune 

N O T     G U I L T Y.!!!!!!!!!!!!!!!

😂😂😂🤣🤣🤣😂🤣🤣…",en,0,0,2021-11-19 19:28:14+00:00,0.0,0.0,Neutral
21,"@MSNBC @nytimes @CNN @washingtonpost @CBS @latimes  @ABC @chicagotribune 

N O T     G U I L T Y.!!!!!!!!!!!!!!!

😂😂😂🤣🤣🤣😂🤣🤣😂🤣😂",en,0,1,2021-11-19 19:28:09+00:00,0.0,0.0,Neutral
22,"RT @nichegamer: I lied.
One more and I'm done.
That is until i find an equally spicy one to replace it. 

N O T
G U I L T Y https://t.co/0K…",en,0,0,2021-11-19 19:27:45+00:00,0.375,0.25,Positive
23,"RT @nichegamer: I lied.
One more and I'm done.
That is until i find an equally spicy one to replace it. 

N O T
G U I L T Y https://t.co/0K…",en,0,0,2021-11-19 19:27:35+00:00,0.375,0.25,Positive
24,"RT @nichegamer: I lied.
One more and I'm done.
That is until i find an equally spicy one to replace it. 

N O T
G U I L T Y https://t.co/0K…",en,0,0,2021-11-19 19:27:32+00:00,0.375,0.25,Positive
26,"RT @nichegamer: I lied.
One more and I'm done.
That is until i find an equally spicy one to replace it. 

N O T
G U I L T Y https://t.co/0K…",en,0,0,2021-11-19 19:25:26+00:00,0.375,0.25,Positive
27,"RT @anarcanon: Black folks are living in The Purge.

A L L  T H E  F U C K I N G  T I M E !",en,0,0,2021-11-19 19:25:10+00:00,0.43333333333333335,-0.20833333333333331,Negative
28,@rhinlol @iAwakin brother those are f i l t h y,en,1,0,2021-11-19 19:25:09+00:00,0.0,0.0,Neutral
29,"RT @nichegamer: I lied.
One more and I'm done.
That is until i find an equally spicy one to replace it. 

N O T
G U I L T Y https://t.co/0K…",en,0,0,2021-11-19 19:25:02+00:00,0.375,0.25,Positive
33,"RT @anarcanon: Black folks are living in The Purge.

A L L  T H E  F U C K I N G  T I M E !",en,0,0,2021-11-19 19:24:02+00:00,0.43333333333333335,-0.20833333333333331,Negative
34,"no way home, multiverse of madness, thor l&amp;t https://t.co/AF0uwLa1Cx",en,0,0,2021-11-19 19:23:22+00:00,0.0,0.0,Neutral
36,"RT @nichegamer: I lied.
One more and I'm done.
That is until i find an equally spicy one to replace it. 

N O T
G U I L T Y https://t.co/0K…",en,0,0,2021-11-19 19:22:15+00:00,0.375,0.25,Positive
37,"RT @nichegamer: I lied.
One more and I'm done.
That is until i find an equally spicy one to replace it. 

N O T
G U I L T Y https://t.co/0K…",en,0,0,2021-11-19 19:21:35+00:00,0.375,0.25,Positive
38,"RT @anarcanon: Black folks are living in The Purge.

A L L  T H E  F U C K I N G  T I M E !",en,0,0,2021-11-19 19:19:33+00:00,0.43333333333333335,-0.20833333333333331,Negative
40,"KYLE RITTENHOUSE!!!! 💣 💣 💣 💣 💣 💣 💣 💣 💣 💣 💣 💣 💣 
AWESOME!!!! 
...N O T.  G U I L T Y ! ! ! ! ! ! HELL YES!!!!! SCREW… https://t.co/yR1wclSd8P",en,0,0,2021-11-19 19:19:10+00:00,1.0,1.0,Positive
43,"RT @anarcanon: Black folks are living in The Purge.

A L L  T H E  F U C K I N G  T I M E !",en,0,0,2021-11-19 19:17:02+00:00,0.43333333333333335,-0.20833333333333331,Negative
44,"N O T

G U I L T Y",en,0,0,2021-11-19 19:15:47+00:00,0.0,0.0,Neutral
45,"Black folks are living in The Purge.

A L L  T H E  F U C K I N G  T I M E !",en,15,4,2021-11-19 19:15:14+00:00,0.43333333333333335,-0.20833333333333331,Negative
46,"Now Playing on iWoody Radio:

L.T.D. - (Every Time I Turn Around) Back In Love Again

https://t.co/xQCwDKsHk1",en,0,0,2021-11-19 19:14:53+00:00,0.3,0.25,Positive
48,"RT @nichegamer: I lied.
One more and I'm done.
That is until i find an equally spicy one to replace it. 

N O T
G U I L T Y https://t.co/0K…",en,0,0,2021-11-19 19:14:14+00:00,0.375,0.25,Positive
49,"RT @nichegamer: I lied.
One more and I'm done.
That is until i find an equally spicy one to replace it. 

N O T
G U I L T Y https://t.co/0K…",en,0,0,2021-11-19 19:13:34+00:00,0.375,0.25,Positive
50,"RT @nichegamer: I lied.
One more and I'm done.
That is until i find an equally spicy one to replace it. 

N O T
G U I L T Y https://t.co/0K…",en,0,0,2021-11-19 19:12:40+00:00,0.375,0.25,Positive
51,"RT @nichegamer: I lied.
One more and I'm done.
That is until i find an equally spicy one to replace it. 

N O T
G U I L T Y https://t.co/0K…",en,0,0,2021-11-19 19:12:37+00:00,0.375,0.25,Positive
52,"RT @nichegamer: I lied.
One more and I'm done.
That is until i find an equally spicy one to replace it. 

N O T
G U I L T Y https://t.co/0K…",en,0,0,2021-11-19 19:12:20+00:00,0.375,0.25,Positive
53,"RT @nichegamer: I lied.
One more and I'm done.
That is until i find an equally spicy one to replace it. 

N O T
G U I L T Y https://t.co/0K…",en,0,0,2021-11-19 19:12:06+00:00,0.375,0.25,Positive
55,"RT @nichegamer: I lied.
One more and I'm done.
That is until i find an equally spicy one to replace it. 

N O T
G U I L T Y https://t.co/0K…",en,0,0,2021-11-19 19:09:53+00:00,0.375,0.25,Positive
57,"RT @nichegamer: I lied.
One more and I'm done.
That is until i find an equally spicy one to replace it. 

N O T
G U I L T Y https://t.co/0K…",en,0,0,2021-11-19 19:08:11+00:00,0.375,0.25,Positive
59,"L &amp; T retro video game &amp; more I-67

Located inside Plaza Garland

3161 Broadway Blvd

Garland, TX 75043

Mondays 12… https://t.co/mOoRmDBo2d",en,0,0,2021-11-19 19:07:42+00:00,0.45,0.04999999999999999,Positive
60,"RT @nichegamer: I lied.
One more and I'm done.
That is until i find an equally spicy one to replace it. 

N O T
G U I L T Y https://t.co/0K…",en,0,0,2021-11-19 19:07:37+00:00,0.375,0.25,Positive
61,"RT @nichegamer: I lied.
One more and I'm done.
That is until i find an equally spicy one to replace it. 

N O T
G U I L T Y https://t.co/0K…",en,0,0,2021-11-19 19:07:27+00:00,0.375,0.25,Positive
63,"RT @nichegamer: I lied.
One more and I'm done.
That is until i find an equally spicy one to replace it. 

N O T
G U I L T Y https://t.co/0K…",en,0,0,2021-11-19 19:07:11+00:00,0.375,0.25,Positive
64,"RT @nichegamer: I lied.
One more and I'm done.
That is until i find an equally spicy one to replace it. 

N O T
G U I L T Y https://t.co/0K…",en,0,0,2021-11-19 19:07:06+00:00,0.375,0.25,Positive
67,"RT @nichegamer: I lied.
One more and I'm done.
That is until i find an equally spicy one to replace it. 

N O T
G U I L T Y https://t.co/0K…",en,0,0,2021-11-19 19:06:07+00:00,0.375,0.25,Positive
68,"RT @nichegamer: I lied.
One more and I'm done.
That is until i find an equally spicy one to replace it. 

N O T
G U I L T Y https://t.co/0K…",en,0,0,2021-11-19 19:05:45+00:00,0.375,0.25,Positive
69,"RT @nichegamer: I lied.
One more and I'm done.
That is until i find an equally spicy one to replace it. 

N O T
G U I L T Y https://t.co/0K…",en,0,0,2021-11-19 19:05:15+00:00,0.375,0.25,Positive
70,"RT @nichegamer: I lied.
One more and I'm done.
That is until i find an equally spicy one to replace it. 

N O T
G U I L T Y https://t.co/0K…",en,0,0,2021-11-19 19:05:04+00:00,0.375,0.25,Positive
71,"RT @nichegamer: I lied.
One more and I'm done.
That is until i find an equally spicy one to replace it. 

N O T
G U I L T Y https://t.co/0K…",en,0,0,2021-11-19 19:04:52+00:00,0.375,0.25,Positive
76,"I lied.
One more and I'm done.
That is until i find an equally spicy one to replace it. 

N O T
G U I L T Y https://t.co/0KueKXXOyU",en,269,29,2021-11-19 19:03:28+00:00,0.375,0.25,Positive
78,"Saw a Mickey shirt at Magic Kingdom that said l*t’s g* brand*n

Like, I totally get hating a president. What I don’… https://t.co/vFlneNeC8b",en,20,0,2021-11-19 19:02:49+00:00,0.875,0.25,Positive
79,@stupiddumbgirll N O T G U I L T Y,en,0,0,2021-11-19 19:02:45+00:00,0.0,0.0,Neutral
80,@musical2one @gregmk12 @XOdilf @NBCNews N O T G U I L T Y,en,0,0,2021-11-19 19:01:37+00:00,0.0,0.0,Neutral
81,RT @liliknits: CAN YOU BELIEVE THIS SHIT....N O T  G U I L T Y.   The little bastard killed people....you'd get a worse sentence for litter…,en,0,0,2021-11-19 19:01:10+00:00,0.3666666666666667,-0.2625,Negative
84,"N O T G U I L T Y
O
T
G
U
I
L
T
Y https://t.co/5FtaOG38X9",en,2,0,2021-11-19 19:00:20+00:00,0.0,0.0,Neutral
86,@Truth__Social @joncoopertweets N O T G U I L T Y,en,0,0,2021-11-19 18:59:24+00:00,0.0,0.0,Neutral
89,"(((((((  N O   G U L T Y   )))))))

E sto 💪 https://t.co/Qs2JWgJN8r",en,0,0,2021-11-19 18:57:48+00:00,0.0,0.0,Neutral
90,"THERE IS JUSTICE IN AMERICA
THE JUST VERDICT ON KYLE
NOT  GUILTY .  ALL 5 COUNTS
N O T.  G U I L T Y!!!!!!!!!!!!!!",en,3,0,2021-11-19 18:57:20+00:00,1.0,0.5,Positive
91,"@NYCMayor N O T G U I L T Y
O
T
G
U
I
L
T
Y",en,0,0,2021-11-19 18:55:30+00:00,0.0,0.0,Neutral
92,@NYCMayor N O T G U I L T Y,en,0,0,2021-11-19 18:54:54+00:00,0.0,0.0,Neutral
95,@raas314 @OlaElectric @bhash @WeWork is it near L&amp;T flyover?,en,0,0,2021-11-19 18:52:43+00:00,0.4,0.1,Positive
98,"RT @JK45PE: 💥 🅲🅷🅴🅲🅺 🅸🆃 🅾🆄🆃💥
What an amazing tool for our students &amp; staff alike 💕💕💕Checking in &amp; acknowledging our feelings in a deeper sen…",en,0,0,2021-11-19 18:52:28+00:00,0.9,0.6000000000000001,Positive
5,@hayabusart L-T-ROTH *horns blare*,en,0,0,2021-11-20 15:26:30+00:00,0.0,0.0,Neutral
7,RT @DRLewd_: C U L T U R E D https://t.co/a5ddXGDnS5,en,0,0,2021-11-20 15:25:49+00:00,0.0,0.0,Neutral
10,@clownttings G U I L T Y 😭😅,en,0,0,2021-11-20 15:25:21+00:00,0.0,0.0,Neutral
14,"RT @CambuslangGers: ⏱️90' F U L L - T I M E

The referee sounds the final whistle. Goals from Callum McLean, Jay Nelson &amp; 5 Scott Anson str…",en,0,0,2021-11-20 15:23:33+00:00,1.0,0.0,Neutral
15,@Daniel_L_t @RotimyRudeBoi *good,en,0,0,2021-11-20 15:23:06+00:00,0.6000000000000001,0.7,Positive
21,"RT @garyblack00: On valuation, it’s absurd when media experts and shorts argue $TSLA is expensive. Portfolio managers DO NOT look at traili…",en,0,0,2021-11-20 15:20:41+00:00,0.85,-0.5,Negative
23,RT @drunkenpizza69: @BaconSoap888 It's called we do a little https://t.co/Td2x4JE8Xl https://t.co/QPCzfVby97,en,0,0,2021-11-20 15:20:16+00:00,0.5,-0.1875,Negative
29,"RT @lux_got: Time after time, Lux!
◾https://t.co/hteGWIZr5G
◾https://t.co/VrcWupFde8
#luxe like Tourbillon
#architecture 
#art #artwork
#c…",en,0,0,2021-11-20 15:16:54+00:00,0.0,0.0,Neutral
34,"@Daniel_L_t @RotimyRudeBoi I actually do bro…. I’m just backing that, I mean some people fake it and still people took them as food people",en,0,0,2021-11-20 15:16:15+00:00,0.5958333333333333,-0.2708333333333333,Negative
35,"⏱️90' F U L L - T I M E

The referee sounds the final whistle. Goals from Callum McLean, Jay Nelson &amp; 5 Scott Anson… https://t.co/j75HtMKbNk",en,4,1,2021-11-20 15:16:08+00:00,1.0,0.0,Neutral
45,"Time after time, Lux!
◾https://t.co/hteGWIZr5G
◾https://t.co/VrcWupFde8
#luxe like Tourbillon
#architecture 
#art… https://t.co/ZeMEAq8GKJ",en,1,1,2021-11-20 15:12:44+00:00,0.0,0.0,Neutral
51,"RT @garyblack00: On valuation, it’s absurd when media experts and shorts argue $TSLA is expensive. Portfolio managers DO NOT look at traili…",en,0,0,2021-11-20 15:09:14+00:00,0.85,-0.5,Negative
53,"staged, I see an emaciated frightened woman in prison clothes in an unnatural doll's room, she smiles a little but… https://t.co/cqskl4EInW",en,0,0,2021-11-20 15:07:30+00:00,0.5,-0.1875,Negative
58,"H A M I L T O N ! 🔥 let’s go boys 🇬🇧 

#QatarGP",en,0,0,2021-11-20 15:04:37+00:00,0.0,0.0,Neutral
59,I like to i.t.o.d.i.i.w.t.b.l.b.s.i.w.b.t.l.t,en,0,0,2021-11-20 15:04:06+00:00,0.0,0.0,Neutral
61,"RT @garyblack00: On valuation, it’s absurd when media experts and shorts argue $TSLA is expensive. Portfolio managers DO NOT look at traili…",en,0,0,2021-11-20 15:03:44+00:00,0.85,-0.5,Negative
63,"RT @ShivamVahia: Friend goes to Jio Drive Mall and later asks me, bhai ye pura Mumbai hi Ambani/L&amp;T ko de dete hai.

May sound like a naive…",en,0,0,2021-11-20 15:03:03+00:00,0.2,0.2,Positive
64,"RT @garyblack00: On valuation, it’s absurd when media experts and shorts argue $TSLA is expensive. Portfolio managers DO NOT look at traili…",en,0,0,2021-11-20 15:02:59+00:00,0.85,-0.5,Negative
66,c u l t s r so skeri,en,0,0,2021-11-20 15:02:31+00:00,0.0,0.0,Neutral
70,"RT @garyblack00: On valuation, it’s absurd when media experts and shorts argue $TSLA is expensive. Portfolio managers DO NOT look at traili…",en,0,0,2021-11-20 15:00:16+00:00,0.85,-0.5,Negative
75,"@Reddi1Ellis @Timcast ok cool, bring your piece of wood and I'll bring a rifle. I'll under you and go say what's up… https://t.co/Gb3hFsA3Or",en,0,0,2021-11-20 14:59:29+00:00,0.575,0.425,Positive
77,@theevilswithiin Yeah I agree with the killer mains let's add pallets to L T walls again sure they'd love it,en,0,0,2021-11-20 14:58:18+00:00,0.7444444444444445,0.5,Positive
80,"RT @garyblack00: On valuation, it’s absurd when media experts and shorts argue $TSLA is expensive. Portfolio managers DO NOT look at traili…",en,0,0,2021-11-20 14:55:09+00:00,0.85,-0.5,Negative
84,@Daniel_L_t I'm suffering man 💔no juice,en,0,0,2021-11-20 14:52:43+00:00,0.0,0.0,Neutral
85,"RT @CathHypolytus: ""You know six million jews were killed?""
""I have no comment on that right now""
w e l l t h e n",en,0,0,2021-11-20 14:52:25+00:00,0.26785714285714285,0.042857142857142844,Positive
95,"RT @garyblack00: On valuation, it’s absurd when media experts and shorts argue $TSLA is expensive. Portfolio managers DO NOT look at traili…",en,0,0,2021-11-20 14:49:15+00:00,0.85,-0.5,Negative
99,RT @inday_darling: Oh YES! My home Tagum City Davao del Notte  Motorcade Caravan ready na bukas. Isang malaking caravan for BBM-SARA 2022!.…,en,0,0,2021-11-20 14:47:02+00:00,0.5,0.2,Positive
0,"RT @garyblack00: On valuation, it’s absurd when media experts and shorts argue $TSLA is expensive. Portfolio managers DO NOT look at traili…",en,0,0,2021-11-21 08:33:25+00:00,0.85,-0.5,Negative
2,L.T.D. - Love Ballad,en,0,0,2021-11-21 08:32:58+00:00,0.6,0.5,Positive
34,@Rathdownepossum @Fraser_inAu @Helodare @MissBaileyWoof @j__l__t__f Can not like f’s post.,en,1,0,2021-11-21 08:15:47+00:00,0.0,0.0,Neutral
43,We do have urgent Requirements of Vendor Company who can work for TATA Group &amp; L&amp;T Water Pipeline Projects in Vario… https://t.co/NG5snbpSoF,en,0,0,2021-11-21 08:07:22+00:00,0.0,0.0,Neutral
47,RT @inday_darling: Oh YES! My home Tagum City Davao del Notte  Motorcade Caravan ready na bukas. Isang malaking caravan for BBM-SARA 2022!.…,en,0,0,2021-11-21 08:04:46+00:00,0.5,0.2,Positive
48,"RT @Iuvpainter: This a fan favorite among love but like R.L.T.L is a b side every kpop stan on stan twt should know 
https://t.co/gz9NUFsezA",en,0,0,2021-11-21 08:03:42+00:00,0.8,0.5,Positive
50,@Daniel_L_t He missed too lol,en,1,0,2021-11-21 08:02:54+00:00,0.7,0.8,Positive
53,@Daniel_L_t Person wey no get sense😂😂😂,en,0,0,2021-11-21 08:00:13+00:00,0.0,0.0,Neutral
56,RT @inday_darling: Oh YES! My home Tagum City Davao del Notte  Motorcade Caravan ready na bukas. Isang malaking caravan for BBM-SARA 2022!.…,en,0,0,2021-11-21 07:58:11+00:00,0.5,0.2,Positive
65,"RT @VidyaG88: 5/22
Many folks acquire Speculative habits mistakenly thinking they are Investing.  ☠️ 

L.T Investing is central for optimum…",en,0,0,2021-11-21 07:49:51+00:00,0.375,0.25,Positive
66,@SuryahSG @VanathiBJP better stop all smart city work &amp; LET GOI do it directly thru L&amp;T like companies. LET Jalshak… https://t.co/5fqiZ9nyIR,en,0,0,2021-11-21 07:48:22+00:00,0.5142857142857142,0.2714285714285714,Positive
67,"@seminoledame @56blackcat That was truly a disgusting thing to say. Let’s review briefly shamal we? 

N O T    G U… https://t.co/wjIW1xKCJC",en,0,0,2021-11-21 07:46:43+00:00,0.6666666666666666,-0.5,Negative
68,@lost4cryptos I S   T H I S  A  S H I L L  T H R E A D  ?,en,1,0,2021-11-21 07:46:26+00:00,0.0,0.0,Neutral
69,@Kiran24Rajput If they demerge the business yes but if they list the subsidiary separately then nada. Existing shar… https://t.co/8XcLFOw4qH,en,0,0,2021-11-21 07:46:21+00:00,0.0,0.0,Neutral
76,"RT @Iuvpainter: This a fan favorite among love but like R.L.T.L is a b side every kpop stan on stan twt should know 
https://t.co/gz9NUFsezA",en,0,0,2021-11-21 07:44:15+00:00,0.8,0.5,Positive
92,RT @inday_darling: Oh YES! My home Tagum City Davao del Notte  Motorcade Caravan ready na bukas. Isang malaking caravan for BBM-SARA 2022!.…,en,0,0,2021-11-21 07:38:28+00:00,0.5,0.2,Positive
9,"my new obsession is this magical wuxia puppet show on crunchyroll called
~ T H U N D E R B O L T    F A N T A S Y ~ https://t.co/A5AeAHrkj0",en,0,0,2021-11-22 07:21:08+00:00,0.7272727272727273,0.3181818181818182,Positive
13,RT @tINoU42eFepULVS: 🎯Big Breaking: Made in India ...an Indian MSME Sanghi Yantra Udyog has developed a full range of Electrical Reversing…,en,0,0,2021-11-22 07:17:43+00:00,0.42500000000000004,0.22499999999999998,Positive
14,"RT @lntmutualfund: The next edition of L&amp;T MF Winner’s Circle is back with ‘Gaining the Edge’ as the theme for the year. Partners, don’t mi…",en,0,0,2021-11-22 07:17:41+00:00,0.0,0.0,Neutral
17,"RT @deekshithkrish1: We can buy stocks like tcs,L&amp;T,reliance industries and hdfc bank and leave for 5 years to 10 years these stocks with m…",en,0,0,2021-11-22 07:15:22+00:00,0.0,0.0,Neutral
19,@patbokie k T___T i T___T l T___T a,en,0,0,2021-11-22 07:14:34+00:00,0.0,0.0,Neutral
20,"@Arunstockguru If market I hope 🙏  down more 230 point my shopping  for L&amp;T ,share india , Tata motor, Repl",en,0,0,2021-11-22 07:08:45+00:00,0.3944444444444445,0.17222222222222222,Positive
22,"Book #profit in L&amp;t and enjoy

 #market #sharemarket https://t.co/TAHAUzZlMG",en,0,0,2021-11-22 07:07:05+00:00,0.5,0.4,Positive
23,"RT @Iuvpainter: This a fan favorite among love but like R.L.T.L is a b side every kpop stan on stan twt should know 
https://t.co/gz9NUFsezA",en,0,0,2021-11-22 07:06:41+00:00,0.8,0.5,Positive
26,"RT @Drone_Construct: AKRP - Aurangabad Karodi Road Project, will open soon officially.. 
The 30 Km(Approx) highway was under construction b…",en,0,0,2021-11-22 07:04:18+00:00,0.5,0.0,Neutral
27,"RT @Amul_Coop: @larsentoubro So, Shri Tribhuvandas Patel borrowed money and gave it to Dr. Kurien who purchased the Silkeborg Pasteurizer f…",en,0,0,2021-11-22 07:04:16+00:00,0.0,0.0,Neutral
29,Now playing L.T.D.-love ballad by !,en,0,0,2021-11-22 07:04:08+00:00,0.0,0.0,Neutral
31,"honestly, the entire ""Shine On"" album by L.T.D. is immaculate",en,0,0,2021-11-22 07:02:41+00:00,0.7625,0.3,Positive
39,"#VillainousInUSA #Villainous #Villanos #VillainousMemes #VillainousMeme #MEMES 
#DrFlug 
? ert V h I a L t L ibu ?… https://t.co/lnSLZ6ocjF",en,0,0,2021-11-22 06:58:11+00:00,0.0,0.0,Neutral
40,"RT @Drone_Construct: AKRP - Aurangabad Karodi Road Project, will open soon officially.. 
The 30 Km(Approx) highway was under construction b…",en,0,0,2021-11-22 06:54:26+00:00,0.5,0.0,Neutral
41,"RT @gunvant1953: * hello good evening dear twitter friends..!!

L O Y A L T Y--🌹🌹🌹 https://t.co/ghGzhiEc4T",en,0,0,2021-11-22 06:54:23+00:00,0.6000000000000001,1.0,Positive
51,RT @sluttyboycunts: i wonder how often $h0wnu is getting r@p3d and treated like a worthless cumdump in the m!l!t@ry. probably gets passed a…,en,0,0,2021-11-22 06:47:29+00:00,0.9,-0.8,Negative
53,"@YarraKarthik3 Hi, Thank you for your interest in L&amp;T. For current opportunities with us, please visit :
https://t.co/DRnqft3e7u",en,0,0,2021-11-22 06:47:03+00:00,0.4,0.0,Neutral
56,"RT @Drone_Construct: AKRP - Aurangabad Karodi Road Project, will open soon officially.. 
The 30 Km(Approx) highway was under construction b…",en,0,0,2021-11-22 06:45:04+00:00,0.5,0.0,Neutral
61,RT @dan3mals: o o f egg 🥚 if she breathes she's a t h o t 😂 REEEE TENDIES REEEEE d e u s   v u l t,en,0,0,2021-11-22 06:41:41+00:00,1.0,0.05,Positive
67,@sabrinbd I am amzad hossain l.t naogaon pbs- 1,en,0,0,2021-11-22 06:38:35+00:00,0.0,0.0,Neutral
68,RT @dan3mals: o o f egg 🥚 if she breathes she's a t h o t 😂 REEEE TENDIES REEEEE d e u s   v u l t,en,0,0,2021-11-22 06:38:25+00:00,1.0,0.05,Positive
69,@l_t_h_r May I lick Sir ?,en,0,0,2021-11-22 06:38:22+00:00,0.0,0.0,Neutral
75,RT @enm181: great showcase presentations so far on day1 of @sydney_business L&amp;T Forum #ABS_LTforum21 @USYD_BCD currently a longitudinal stu…,en,0,0,2021-11-22 06:36:03+00:00,0.7166666666666667,0.3,Positive
77,l&amp;t share price nse (check my profile pin post for video link ),en,0,0,2021-11-22 06:34:31+00:00,0.0,0.0,Neutral
81,"RT @JesseNews3LV: F I L T H Y 😤

#unlvmbb",en,0,0,2021-11-22 06:32:17+00:00,0.0,0.0,Neutral
83,#Now Playing on ASSK Radio (Every Time I Turn Around) Back in Love Again [2Ypi] by L.T.D Listen Live Here on… https://t.co/12lyEeNWQr,en,0,0,2021-11-22 06:30:23+00:00,0.3666666666666667,0.21212121212121213,Positive
84,"@mgnayak5 Dear Madan,

We're here to help you. Please share your contact details via DM and we’ll get in touch with… https://t.co/DHr7xtWWey",en,1,0,2021-11-22 06:30:03+00:00,0.0,0.0,Neutral
93,"How L&amp;T Technology Services engages its people- CHRO, M Lakshmanan https://t.co/HPoumZ51xS",en,2,0,2021-11-22 06:25:24+00:00,0.0,0.0,Neutral
96,"RT @JesseNews3LV: F I L T H Y 😤

#unlvmbb",en,0,0,2021-11-22 06:24:02+00:00,0.0,0.0,Neutral
97,@RMattula @aadhitya185 @PJRHYD @KTRTRS @TelanganaCMO Zinc in our country and all the semi conductors come from Chin… https://t.co/xP3UgF8vOB,en,0,0,2021-11-22 06:23:39+00:00,0.0,0.0,Neutral
99,He said L T Y 1 tolo is coming idc https://t.co/D7NhTsvAwq,en,4,0,2021-11-22 06:21:42+00:00,0.0,0.0,Neutral
0,C   U   L   T https://t.co/aCg8bRyJ9B,en,0,0,2021-11-23 18:48:28+00:00,0.0,0.0,Neutral
2,@Daniel_L_t He should just curl,en,0,0,2021-11-23 18:44:36+00:00,0.0,0.0,Neutral
3,"RT @MartinaEmke: 🙋Interested in building an international network of experts in technology-enhanced teaching and learning in HEI? 

Then th…",en,0,0,2021-11-23 18:43:06+00:00,0.0,0.0,Neutral
7,This is my Overlay for Fjol this is the pack link https://t.co/MI2ZkhxmbI,en,0,0,2021-11-23 18:37:17+00:00,0.0,0.0,Neutral
8,"RT @StuntmAEn_Bob: S l o w   d o w n   &amp;   f e e l   t h e   N i g h t

#pixelart #ドット絵 https://t.co/gkNKmqMXEY",en,0,0,2021-11-23 18:36:51+00:00,1.0,-0.25,Negative
9,"RT @DhanValue: 9 Stocks To Hold Forever: 

1] HUL [FMCG]
2] HDFC [Fin]
3] TCS [IT]
4] L&amp;T [Infra - Engineering]
5] HDFC Bank [Bank]
6] Abbo…",en,0,0,2021-11-23 18:36:41+00:00,0.0,0.0,Neutral
10,"Tamil Nadu to see fresh investments worth Rs 35,208 crore from 59 companies Signs deal with industry majors like HU… https://t.co/nPZ9oMdBCf",en,0,0,2021-11-23 18:33:03+00:00,0.3,0.3,Positive
12,"RT @StuntmAEn_Bob: S l o w   d o w n   &amp;   f e e l   t h e   N i g h t

#pixelart #ドット絵 https://t.co/gkNKmqMXEY",en,0,0,2021-11-23 18:30:26+00:00,1.0,-0.25,Negative
13,@IJ14_ @Daniel_L_t @siuuuuuuuuuuu07 @SkySportsPL Watch them so much Ik what’ll happen https://t.co/l8kBNIEXDo,en,0,0,2021-11-23 18:29:15+00:00,0.2,0.2,Positive
16,@VinitaDeshmukh @suchetadalal @VijayKumbhar62 Smlrly today Mum Police traffic dept took me for a ride. A SR CITIZEN… https://t.co/3qkadlJamu,en,1,0,2021-11-23 18:26:52+00:00,0.0,0.0,Neutral
24,RT @sssaaagar: Both L&amp;T and Reliance Infra are taking their own sweet time in completing the NH 66 4 lane PQC project for MH PWD between Ma…,en,0,0,2021-11-23 18:17:29+00:00,0.825,0.475,Positive
25,@AliOsma07521977 @nizamusta74 @S_U_L_T_A_NK @hilaltasdelen5 @_Vuslat_1453_ @ytastan38 @yorgunn_54 @_yyy_esra_2023_… https://t.co/XwyO7tNv06,en,0,0,2021-11-23 18:16:04+00:00,0.0,0.0,Neutral
29,"RT @jjsheedy: When cities can’t control the # or rate at which existing l/t housing units are converted into short term rentals, these hous…",en,0,0,2021-11-23 18:14:01+00:00,0.3,0.0,Neutral
53,"@Farajidc Unfortunately, it is only worsening with new laws that place additional procedural and legal hurdles in f… https://t.co/UzrE6fIK2c",en,0,0,2021-11-23 18:10:49+00:00,0.5515151515151515,0.11212121212121212,Positive
55,@TheVelligasm L&amp;T not Indian 🤨😒,en,0,0,2021-11-23 18:10:34+00:00,0.0,0.0,Neutral
58,@TheStinger8 @chattahiker @silentbalance @Peregrinvs @JenUSAPatriot @Reuters N O T   G U I L T Y,en,0,0,2021-11-23 18:09:43+00:00,0.0,0.0,Neutral
60,"@lightthematch @womensmarch Also, like... multiple people saw this before it went out. M U L T I P L E.",en,1,0,2021-11-23 18:09:24+00:00,0.0,0.0,Neutral
65,C A N C E L  C U L T U R E https://t.co/T87BXpXRbi,en,11,0,2021-11-23 18:07:25+00:00,0.0,0.0,Neutral
68,"RT @UpdatesChennai: New Data Center Investments in Chennai..👇👇
1. Ctrl S Data Center to invest 1448 crs.
2. Tapaz Info Parks to invest 1500…",en,0,0,2021-11-23 18:06:46+00:00,0.21818181818181817,-0.02121212121212122,Negative
69,"When cities can’t control the # or rate at which existing l/t housing units are converted into short term rentals,… https://t.co/eHtaV6MzbG",en,0,1,2021-11-23 18:06:33+00:00,0.3,0.0,Neutral
70,"RT @UpdatesChennai: New Data Center Investments in Chennai..👇👇
1. Ctrl S Data Center to invest 1448 crs.
2. Tapaz Info Parks to invest 1500…",en,0,0,2021-11-23 18:05:48+00:00,0.21818181818181817,-0.02121212121212122,Negative
72,"RT @Sahilinfra2: #NH52
New Aurangabad bypass on Dhule-Solapur highway. 
Beautifully constructed by L&amp;T.2 Overpass remains which wil b compl…",en,0,0,2021-11-23 18:04:17+00:00,0.7272727272727273,0.49318181818181817,Positive
73,"RT @StuntmAEn_Bob: S l o w   d o w n   &amp;   f e e l   t h e   N i g h t

#pixelart #ドット絵 https://t.co/gkNKmqMXEY",en,0,0,2021-11-23 18:03:51+00:00,1.0,-0.25,Negative
78,RT @PankyKal: @PrakharSahay @larsentoubro @PMOIndia @nitin_gadkari @vaibhav_74 @NHAI_Official @MORTHIndia @OfficeOfNG @pkmhind @PradipRahi…,en,0,0,2021-11-23 18:00:43+00:00,0.0,0.0,Neutral
79,@Daniel_L_t This guy😂,en,0,0,2021-11-23 18:00:34+00:00,0.0,0.0,Neutral
81,RT @GAurav10011871: @PrakharSahay @larsentoubro @PMOIndia @nitin_gadkari @vaibhav_74 @NHAI_Official @MORTHIndia @OfficeOfNG @pkmhind @Pradi…,en,0,0,2021-11-23 18:00:32+00:00,0.0,0.0,Neutral
84,"Remember H.A.L.T.

When you're starting to feel down or #depressed

#Hungry? Make something that makes you feel at… https://t.co/gUuIhQr7FO",en,0,0,2021-11-23 18:00:09+00:00,0.19444444444444448,-0.07777777777777779,Negative
85,"L.T. has joined the Spivi network from Digme Fitness Richmond, yeah!",en,0,0,2021-11-23 18:00:09+00:00,0.0,0.0,Neutral
97,"@DjUshayThaGoat #NowPlaying Jeffrey Osborne / L.T.D. - Holding on (When Love Is Gone) 
All Hitz &amp; Throwbacks, No Co… https://t.co/O0IbZgfg9C",en,0,0,2021-11-23 17:52:08+00:00,0.6,0.5,Positive
99,"RT @hiredchaperone: ㅤ
    P̲ S̲  C̲ H̲ A̲ R̲ L̲ E̲ S̲  D̲ A̲ L̲ T̲ O̲ N̲
 
     Principle  Protection  Officer.
     He  is  a  former  sol…",en,0,0,2021-11-23 17:51:50+00:00,0.0,0.0,Neutral
