,tweet,language,likes,retweets,datetime,Subjectivity,Polarity,Analysis
0,@PankajBansalM3M This is the project quality you deliver…its been 5-6 months i have been facing this issue snd no p… https://t.co/OnaedzFOMQ,en,0,0,2021-11-16 19:29:01+00:00,0.0,0.0,Neutral
3,"RT @M3MIndiaPvtLtd: (1/2) In a recent article by @EconomicTimes, 𝐌𝐫. 𝐏𝐚𝐧𝐤𝐚𝐣 𝐁𝐚𝐧𝐬𝐚𝐥, Director, M3M India mentions that the company has repai…",en,0,0,2021-11-16 17:53:06+00:00,0.625,-0.375,Negative
8,It is indeed a great pleasure to hear Mr. Deepak Sehgal appreciate his investment property at M3M 65th Avenue while… https://t.co/Cyxwk5gTeJ,en,0,0,2021-11-16 15:37:13+00:00,0.75,0.8,Positive
9,"RT @thephilacitizen: Panelists include Matt Pestronk, CEO of @postbrothers; 
@ABCrawley_M3MPR, president of @M3M_PR; Charles Lomax, co-foun…",en,0,0,2021-11-16 15:18:38+00:00,0.0,0.0,Neutral
13,"Watch: https://t.co/CEkBQ71aI9 M3M Grand Fiesta in M3M 65th Avenue and M3M Broadway 2021

Book Now:… https://t.co/qY6aiioGQx",en,0,0,2021-11-16 13:47:15+00:00,1.0,0.5,Positive
14,"Medical [North York]
North York ON M3M
Dispatched: 16/11/21 @ 08:36 EST
[Stn: 146] Pumper-145
General Area:",en,0,0,2021-11-16 13:42:08+00:00,0.25,0.02500000000000001,Positive
15,"Medical [North York]
North York ON M3M
Dispatched: 16/11/21 @ 08:36 EST
[Stn: 146] Pumper-145
General Area:",en,0,0,2021-11-16 13:42:07+00:00,0.25,0.02500000000000001,Positive
17,M3M is not honoring its Lease commitments after sales. After Sale  attitude is Not Professional https://t.co/ha58KDjqYg,en,0,0,2021-11-16 13:24:58+00:00,0.1,-0.05,Negative
20,M3M India Brings forth “Soulitude - Luxury Boutique Floors” in Gurugram with a vast array of Amenities.. Live and C… https://t.co/kAdkC0nIVo,en,0,0,2021-11-16 13:02:32+00:00,0.75,0.06818181818181818,Positive
21,"Enjoyed being out on site with @M3Mining $M3M &amp;  team from Strike Drilling for maiden drill program, proximal to th… https://t.co/FwB8W9J5Ag",en,0,0,2021-11-16 12:47:54+00:00,0.7,0.5,Positive
22,(2/2) and is aiming to reduce the debt by nearly ₹500 crore by the end of FY 2022 with the company’s aggressive gro… https://t.co/5FFEoKoegG,en,0,0,2021-11-16 12:34:46+00:00,0.4,0.1,Positive
23,"(1/2) In a recent article by @EconomicTimes, 𝐌𝐫. 𝐏𝐚𝐧𝐤𝐚𝐣 𝐁𝐚𝐧𝐬𝐚𝐥, Director, M3M India mentions that the company has r… https://t.co/oTZh34F9sP",en,2,1,2021-11-16 12:34:45+00:00,0.25,0.0,Neutral
24,"M3M Atrium Sector 57 Gurgaon Offer Premium Commercial Project in Sector 57 Gurgaon 
Visit : https://t.co/68k6Ud5UT9… https://t.co/8s4jGnw0wR",en,0,0,2021-11-16 12:00:24+00:00,0.0,0.0,Neutral
28,"M3M Atrium Sector 57, Gurugram | The Future of Retail An Innovation For ... 
https://t.co/nk5iVZS5GE via @YouTube… https://t.co/hrjDQ75hkc",en,0,0,2021-11-16 10:41:55+00:00,0.125,0.0,Neutral
30,"Grade A office spaces mins away from Golf Course Road
- 5 Yr Lease Guarantee
- Ready to move in
- 100% Power backup… https://t.co/7ocAhWjYwI",en,0,0,2021-11-16 10:27:35+00:00,0.5,0.2,Positive
31,"M3M new projects launching soon in sector 57. Gurgaon
For more detail connect with us 

Sanjay sharma
9999964462… https://t.co/fofofqFrel",en,0,0,2021-11-16 09:21:55+00:00,0.4772727272727273,0.3181818181818182,Positive
36,M3M SCO 43 | Shop Cum Office Commercial Space At Sector 43 Gurgaon https://t.co/h7ZrSGrN9P via @YouTube,en,0,0,2021-11-16 09:01:38+00:00,0.0,0.0,Neutral
37,I just uploaded “m3m sco 43.mp4” to #Vimeo: https://t.co/JWEHp20VZd,en,0,0,2021-11-16 08:49:48+00:00,0.0,0.0,Neutral
46,M3M 65th Avenue OC Received Think Reality RealEstate M3M contact 9999755394 https://t.co/oYB1FmnPWs,en,0,0,2021-11-16 06:43:47+00:00,0.0,0.0,Neutral
49,"(2/2) It was marked an eventful day at the busiest location of Gurugram, M3M 65th Avenue and M3M Broadway where peo… https://t.co/1jjfNultkt",en,0,0,2021-11-16 06:29:29+00:00,0.6,0.1,Positive
50,"(1/2) Have a look at the glimpses of the bustling last day at, M3M Grand Fiesta, 2021. Busiest of all days, it was… https://t.co/o2xRFZX7zR",en,0,0,2021-11-16 06:29:27+00:00,0.5333333333333333,0.25,Positive
51,"Medical
North York ON M3M
Dispatched: 16/11/21 @ 01:13 EST
[Stn: 141] Pumper-141
General Area:",en,0,0,2021-11-16 06:22:03+00:00,0.25,0.02500000000000001,Positive
52,"Medical
North York ON M3M
Dispatched: 16/11/21 @ 01:13 EST
[Stn: 141] Pumper-141
General Area:",en,0,0,2021-11-16 06:22:03+00:00,0.25,0.02500000000000001,Positive
54,"Who could say no to such an absolutely gorgeous property?
M3M Sierra68 has evolved from the vision of creating a pr… https://t.co/2RJ0t2L2M4",en,1,0,2021-11-16 05:53:19+00:00,0.7,0.35,Positive
55,"@evanvassos Not just these 2 companies , $m3m has Eddie king on as well. 👍",en,1,0,2021-11-16 05:49:13+00:00,0.0,0.0,Neutral
56,"""M3M Atrium 57 is a new launch commercial development by M3M India. The project offers high street retail shops at… https://t.co/Da38i2yMIf",en,0,0,2021-11-16 05:47:38+00:00,0.2486363636363636,0.09909090909090909,Positive
57,RT @mutualaydndn: pls F0LL0W M3m if u dont already!!!! SH@RE their acc w othrs !!!⬇️⬇️🚨‼️‼️,en,0,0,2021-11-16 05:34:57+00:00,0.0,0.0,Neutral
58,RT @mutualaydndn: pls F0LL0W M3m if u dont already!!!! SH@RE their acc w othrs !!!⬇️⬇️🚨‼️‼️,en,0,0,2021-11-16 05:24:50+00:00,0.0,0.0,Neutral
59,"RT @Geetanjaligroup: One Stop Solution! 
India’s Leading Developers under one roof . 
Coming Soon …. 
.
.
.
.
.
 #geetanjalihomestate #prop…",en,0,0,2021-11-16 05:22:37+00:00,0.0,0.0,Neutral
60,"RT @Geetanjaligroup: M3M India Brings forth “Soulitude - Luxury Boutique Floors” in Gurugram with a vast array of Amenities.. 
Live and Che…",en,0,0,2021-11-16 05:22:19+00:00,0.75,0.06818181818181818,Positive
61,RT @mutualaydndn: pls F0LL0W M3m if u dont already!!!! SH@RE their acc w othrs !!!⬇️⬇️🚨‼️‼️,en,0,0,2021-11-16 05:16:29+00:00,0.0,0.0,Neutral
63,@diprogurugram1 @DiprHaryana @cmohry @M3MIndiaPvtLtd you should stop M3M they are still doing construction 24/7. Wh… https://t.co/VzumgX5Ill,en,1,0,2021-11-16 04:52:56+00:00,0.0,0.0,Neutral
64,"M3M Soulitude brings forth a life that offers opportunities to enjoy beautiful sunrises and sunsets.
More Details… https://t.co/V8eQyS5zak",en,0,0,2021-11-16 04:44:26+00:00,0.5,0.4625,Positive
67,RT @mutualaydndn: pls F0LL0W M3m if u dont already!!!! SH@RE their acc w othrs !!!⬇️⬇️🚨‼️‼️,en,0,0,2021-11-16 03:36:19+00:00,0.0,0.0,Neutral
68,"One Stop Solution! 
India’s Leading Developers under one roof . 
Coming Soon …. 
.
.
.
.
.
 #geetanjalihomestate… https://t.co/cV4ezqPDHt",en,2,1,2021-11-16 03:23:35+00:00,0.0,0.0,Neutral
70,RT @mutualaydndn: pls F0LL0W M3m if u dont already!!!! SH@RE their acc w othrs !!!⬇️⬇️🚨‼️‼️,en,0,0,2021-11-16 02:14:22+00:00,0.0,0.0,Neutral
71,"RT @gassin123Charts: Id Try to find another Beautiful bouncy #Bottom to Hold = No Secrets
#lithium #Copper #Nickel #Cobalt #Graphite #Tin #…",en,0,0,2021-11-16 02:10:12+00:00,1.0,0.85,Positive
72,RT @mutualaydndn: pls F0LL0W M3m if u dont already!!!! SH@RE their acc w othrs !!!⬇️⬇️🚨‼️‼️,en,0,0,2021-11-16 01:53:49+00:00,0.0,0.0,Neutral
73,RT @mutualaydndn: pls F0LL0W M3m if u dont already!!!! SH@RE their acc w othrs !!!⬇️⬇️🚨‼️‼️,en,0,0,2021-11-16 01:12:03+00:00,0.0,0.0,Neutral
74,RT @mutualaydndn: pls F0LL0W M3m if u dont already!!!! SH@RE their acc w othrs !!!⬇️⬇️🚨‼️‼️,en,0,0,2021-11-16 01:11:14+00:00,0.0,0.0,Neutral
75,RT @mutualaydndn: pls F0LL0W M3m if u dont already!!!! SH@RE their acc w othrs !!!⬇️⬇️🚨‼️‼️,en,0,0,2021-11-16 01:10:37+00:00,0.0,0.0,Neutral
76,RT @mutualaydndn: pls F0LL0W M3m if u dont already!!!! SH@RE their acc w othrs !!!⬇️⬇️🚨‼️‼️,en,0,0,2021-11-16 01:08:20+00:00,0.0,0.0,Neutral
77,RT @mutualaydndn: pls F0LL0W M3m if u dont already!!!! SH@RE their acc w othrs !!!⬇️⬇️🚨‼️‼️,en,0,0,2021-11-16 01:04:20+00:00,0.0,0.0,Neutral
78,pls F0LL0W M3m if u dont already!!!! SH@RE their acc w othrs !!!⬇️⬇️🚨‼️‼️ https://t.co/aDXVEdDiSS,en,11,12,2021-11-16 01:02:54+00:00,0.0,0.0,Neutral
79,"Medical
North York ON M3M
Dispatched: 15/11/21 @ 19:25 EST
[Stn: 146] Pumper-146
General Area:",en,0,0,2021-11-16 00:32:05+00:00,0.25,0.02500000000000001,Positive
80,"Medical
North York ON M3M
Dispatched: 15/11/21 @ 19:25 EST
[Stn: 146] Pumper-146
General Area:",en,0,0,2021-11-16 00:32:04+00:00,0.25,0.02500000000000001,Positive
82,"RT @thephilacitizen: Panelists include Matt Pestronk, CEO of @postbrothers; 
@ABCrawley_M3MPR, president of @M3M_PR; Charles Lomax, co-foun…",en,0,0,2021-11-15 22:12:38+00:00,0.0,0.0,Neutral
83,"Panelists include Matt Pestronk, CEO of @postbrothers; 
@ABCrawley_M3MPR, president of @M3M_PR; Charles Lomax, co-f… https://t.co/Ij3wd0SNC4",en,2,2,2021-11-15 21:50:41+00:00,0.0,0.0,Neutral
84,RT @amcloans: #M3M Pushing the outer boundaries of resistance on lower buying pressure is hard to maintain...These highs can be misleading…,en,0,0,2021-11-15 21:22:26+00:00,0.5416666666666666,-0.2916666666666667,Negative
85,RT @mutualaydndn: heck ya! $25 for m3m 2night! who can m@tch or double or exceed this amount?? https://t.co/jthaHmT9DP,en,0,0,2021-11-15 20:50:44+00:00,0.0,0.0,Neutral
87,RT @mutualaydndn: heck ya! $25 for m3m 2night! who can m@tch or double or exceed this amount?? https://t.co/jthaHmT9DP,en,0,0,2021-11-15 17:02:03+00:00,0.0,0.0,Neutral
93,"@M3MIndiaPvtLtd @M3MFoundation @PankajBansalM3M @PMOIndia @MoHUA_India 
M3M!! How can you treat your vendors as beg… https://t.co/NA5yMF8nhb",en,0,0,2021-11-15 14:36:45+00:00,0.0,0.0,Neutral
94,@amcloans If you turn the screen a little it’s a cup and handle. 😁 🧐 Been soaking these up too… very set to pop. $M3M,en,2,0,2021-11-15 14:24:55+00:00,0.4,0.0062500000000000056,Positive
1,@bigbird2022 I've shot a lot of handguns and rifles ranging from .22 to 8x57IS (and a friend still owes me an after… https://t.co/wKmXe1VMnl,en,0,0,2021-11-17 17:08:15+00:00,0.0,0.0,Neutral
3,@KFC_India - Had an amazing conversation with store manager of M3M Urbana who made me realize customer service hold… https://t.co/lJJdBqc9rc,en,0,0,2021-11-17 17:06:17+00:00,0.9,0.6000000000000001,Positive
11,Great coaching tips from @Catlin_Tucker about helping Ts shift to blended learning. #neboedtech @TechCoachMyles… https://t.co/GtFfDZAalu,en,0,0,2021-11-17 14:23:24+00:00,0.75,0.8,Positive
15,"In an interview with YourStory, Dr. Payal Kanodia, Trustee, M3M Foundation, shared her journey of winning silver me… https://t.co/T3MSplvPHy",en,3,0,2021-11-17 11:50:18+00:00,0.75,0.5,Positive
16,"An exclusive opportunity in Retail!

COMING SOON @Sector-57, #Gurugram.

STAY TUNED!

#ThinkRealtyThinkElite… https://t.co/NywIpOU9fS",en,0,0,2021-11-17 11:46:18+00:00,0.0,0.0,Neutral
17,"Give wings to your imagination and experience soulful living.

For more info call on 9090906776… https://t.co/qDR5p5RlzL",en,1,0,2021-11-17 11:43:51+00:00,0.5,0.5,Positive
18,"The biggest opportunity in Retail!

COMING SOON @Sector-57, #Gurugram.

A retail development with dual benefits is… https://t.co/WMgDLWLcIl",en,1,0,2021-11-17 11:36:38+00:00,0.0,0.0,Neutral
19,"@Amrita084Mishra Our team will get in touch with you soon.

Regards
Team M3M",en,0,0,2021-11-17 11:26:17+00:00,0.0,0.0,Neutral
20,"@kukumajmera Please check your inbox and share your contact details.

Regards
Team M3M",en,0,0,2021-11-17 11:14:26+00:00,0.0,0.0,Neutral
21,"(2/2)  Some appreciated the innovative concept, while the others talked about the well-planned architecture etc. Th… https://t.co/EswAUS9NPO",en,0,0,2021-11-17 11:07:57+00:00,0.55,0.35,Positive
22,"(1/2) “𝐓𝐡𝐞 𝐛𝐞𝐬𝐭 𝐫𝐞𝐰𝐚𝐫𝐝 𝐟𝐨𝐫 𝐚𝐥𝐥 𝐨𝐮𝐫 𝐡𝐚𝐫𝐝 𝐰𝐨𝐫𝐤 𝐢𝐬 𝐭𝐡𝐞 𝐚𝐩𝐩𝐫𝐞𝐜𝐢𝐚𝐭𝐢𝐨𝐧 𝐟𝐫𝐨𝐦 𝐨𝐮𝐫 𝐜𝐮𝐬𝐭𝐨𝐦𝐞𝐫𝐬.”
 
At an all-successful… https://t.co/hKJ1VAglBX",en,1,0,2021-11-17 11:07:56+00:00,0.0,0.0,Neutral
23,"RT @elitelandbase: M3M 65th Avenue- A futuristic &amp; international standard mixed-use development located @Sec-65, Gurugram

Call for details…",en,0,0,2021-11-17 11:01:50+00:00,0.0,0.0,Neutral
24,"M3M 65th Avenue- A futuristic &amp; international standard mixed-use development located @Sec-65, Gurugram

Call for de… https://t.co/crGuiyCyqA",en,0,1,2021-11-17 10:11:32+00:00,0.0,0.0,Neutral
25,"#M3M 65th #AVENUE 
Give your business a new meaning
✔️ High Street Retail
✔️ Food Court
✔️ Office Space
✔️ Multiple… https://t.co/xlMvmEQUQ8",en,0,0,2021-11-17 09:41:58+00:00,0.4972727272727272,0.1481818181818182,Positive
26,"#M3M 65th #AVENUE 

Give your business a new meaning

✔️ High Street Retail
✔️ Food Court
✔️ Office Space
✔️ Multip… https://t.co/mtlipyNn2y",en,0,0,2021-11-17 09:39:51+00:00,0.4972727272727272,0.1481818181818182,Positive
27,"@Amrita084Mishra Kindly share your contact details for our team to get in touch with you.

Regards
Team M3M",en,0,0,2021-11-17 08:28:45+00:00,0.9,0.6,Positive
28,"RT @Prop_Station: A big Retail Opportunity at the center of the action

Coming Soon at Sushant Lok-3 sector 57 Gurugram

Call for more info…",en,0,0,2021-11-17 08:19:34+00:00,0.2,0.125,Positive
30,M3M Soulitude Sector 89 - A Perfect Site For Living - At Gurugram https://t.co/hKvG4GsKel via @YouTube,en,0,0,2021-11-17 08:08:42+00:00,1.0,1.0,Positive
36,"Introducing M3M - Soulitude Luxury Boutique Floors, a luxury residential project strategically located in the heart… https://t.co/dvABFeqbNm",en,0,0,2021-11-17 07:26:44+00:00,0.0,0.0,Neutral
43,"M3M Presents '𝐌𝟑𝐌 𝐒𝐨𝐥𝐢𝐭𝐮𝐝𝐞' Luxury Boutique Floors.
M3M Soulitude offers a holistic way of being, enveloping a uniq… https://t.co/Xl2t4iEFqo",en,0,0,2021-11-17 06:47:56+00:00,0.0,0.1,Positive
45,@M3MIndiaPvtLtd How long does it take for M3M to reply ? 1 month -- 2 months --- forever..,en,0,0,2021-11-17 06:39:38+00:00,0.4,-0.05,Negative
46,"A big Retail Opportunity at the center of the action

Coming Soon at Sushant Lok-3 sector 57 Gurugram

Call for mor… https://t.co/fIdR6JF78q",en,3,1,2021-11-17 05:52:18+00:00,0.10000000000000002,0.0,Neutral
47,"@PankajBansalM3M With all due respect to your father, I'm sure you don't intend to fail him in raising you to be th… https://t.co/tHUC9yk2X1",en,1,0,2021-11-17 05:45:22+00:00,0.5212962962962963,-0.041666666666666664,Negative
48,"Create your version of soulful living! 
With M3M Soulitude's My Space you get the freedom to personalise your space… https://t.co/8t1y2LdTb1",en,1,0,2021-11-17 05:32:26+00:00,0.0,0.0,Neutral
50,RT @Geetanjaligroup: M3M India Brings forth “Soulitude - Luxury Boutique Floors” in Gurugram with a vast array of Amenities.. Live and Cher…,en,0,0,2021-11-17 04:25:43+00:00,0.75,0.06818181818181818,Positive
51,#M3M Patience. Sit and wait. Near-term support needs to hold or that green pivot point line is a magnet.… https://t.co/N8bwB3ZpTd,en,1,0,2021-11-17 04:25:32+00:00,0.3,-0.2,Negative
53,"RT @YubabaNafeesah: M3m needs HALP! After being homeless for 2 yrs now, being ignored by millions of ppl &amp; avonline hate campaign lead by @…",en,0,0,2021-11-17 04:21:25+00:00,0.9,-0.8,Negative
55,RT @YubabaNafeesah: It’s honestly maddening what happened to M3m and the repercussions of that! They currently shadow b*****! They accounts…,en,0,0,2021-11-17 04:21:17+00:00,0.65,0.375,Positive
56,"The biggest opportunity in Retail!

COMING SOON @Sector-57, #Gurugram.

Grandeur than galleria &amp; good earth city ce… https://t.co/t2mLp0xHFI",en,0,0,2021-11-17 04:14:52+00:00,0.6000000000000001,0.7,Positive
58,"RT @YubabaNafeesah: M3m needs HALP! After being homeless for 2 yrs now, being ignored by millions of ppl &amp; avonline hate campaign lead by @…",en,0,0,2021-11-17 03:28:35+00:00,0.9,-0.8,Negative
59,"RT @YubabaNafeesah: M3m needs HALP! After being homeless for 2 yrs now, being ignored by millions of ppl &amp; avonline hate campaign lead by @…",en,0,0,2021-11-17 02:24:10+00:00,0.9,-0.8,Negative
60,"RT @YubabaNafeesah: M3m needs HALP! After being homeless for 2 yrs now, being ignored by millions of ppl &amp; avonline hate campaign lead by @…",en,0,0,2021-11-17 02:21:59+00:00,0.9,-0.8,Negative
61,RT @YubabaNafeesah: It’s honestly maddening what happened to M3m and the repercussions of that! They currently shadow b*****! They accounts…,en,0,0,2021-11-17 02:21:50+00:00,0.65,0.375,Positive
62,"RT @YubabaNafeesah: M3m needs HALP! After being homeless for 2 yrs now, being ignored by millions of ppl &amp; avonline hate campaign lead by @…",en,0,0,2021-11-17 02:21:47+00:00,0.9,-0.8,Negative
64,"RT @YubabaNafeesah: M3m needs HALP! After being homeless for 2 yrs now, being ignored by millions of ppl &amp; avonline hate campaign lead by @…",en,0,0,2021-11-17 00:48:11+00:00,0.9,-0.8,Negative
66,RT @YubabaNafeesah: It’s honestly maddening what happened to M3m and the repercussions of that! They currently shadow b*****! They accounts…,en,0,0,2021-11-17 00:02:33+00:00,0.65,0.375,Positive
67,"RT @YubabaNafeesah: M3m needs HALP! After being homeless for 2 yrs now, being ignored by millions of ppl &amp; avonline hate campaign lead by @…",en,0,0,2021-11-17 00:02:26+00:00,0.9,-0.8,Negative
68,"RT @gassin123Charts: Id Try to find another Beautiful bouncy #Bottom to Hold = No Secrets
#lithium #Copper #Nickel #Cobalt #Graphite #Tin #…",en,0,0,2021-11-16 22:58:17+00:00,1.0,0.85,Positive
69,"RT @YubabaNafeesah: M3m needs HALP! After being homeless for 2 yrs now, being ignored by millions of ppl &amp; avonline hate campaign lead by @…",en,0,0,2021-11-16 22:48:24+00:00,0.9,-0.8,Negative
70,"RT @YubabaNafeesah: M3m needs HALP! After being homeless for 2 yrs now, being ignored by millions of ppl &amp; avonline hate campaign lead by @…",en,0,0,2021-11-16 22:36:18+00:00,0.9,-0.8,Negative
71,"RT @YubabaNafeesah: M3m needs HALP! After being homeless for 2 yrs now, being ignored by millions of ppl &amp; avonline hate campaign lead by @…",en,0,0,2021-11-16 22:36:12+00:00,0.9,-0.8,Negative
72,RT @YubabaNafeesah: It’s honestly maddening what happened to M3m and the repercussions of that! They currently shadow b*****! They accounts…,en,0,0,2021-11-16 22:36:06+00:00,0.65,0.375,Positive
73,RT @YubabaNafeesah: It’s honestly maddening what happened to M3m and the repercussions of that! They currently shadow b*****! They accounts…,en,0,0,2021-11-16 22:35:59+00:00,0.65,0.375,Positive
74,RT @YubabaNafeesah: Wild how this was a trending topic under “transgender issues” M3m’s face has been seen by millions of people and has ye…,en,0,0,2021-11-16 22:34:52+00:00,0.4,0.1,Positive
75,"RT @YubabaNafeesah: M3m needs HALP! After being homeless for 2 yrs now, being ignored by millions of ppl &amp; avonline hate campaign lead by @…",en,0,0,2021-11-16 22:34:42+00:00,0.9,-0.8,Negative
76,RT @YubabaNafeesah: It’s honestly maddening what happened to M3m and the repercussions of that! They currently shadow b*****! They accounts…,en,0,0,2021-11-16 22:34:38+00:00,0.65,0.375,Positive
77,RT @YubabaNafeesah: It’s honestly maddening what happened to M3m and the repercussions of that! They currently shadow b*****! They accounts…,en,0,0,2021-11-16 22:32:12+00:00,0.65,0.375,Positive
78,"RT @YubabaNafeesah: M3m needs HALP! After being homeless for 2 yrs now, being ignored by millions of ppl &amp; avonline hate campaign lead by @…",en,0,0,2021-11-16 22:32:09+00:00,0.9,-0.8,Negative
79,"RT @YubabaNafeesah: M3m needs HALP! After being homeless for 2 yrs now, being ignored by millions of ppl &amp; avonline hate campaign lead by @…",en,0,0,2021-11-16 22:32:06+00:00,0.9,-0.8,Negative
80,"RT @YubabaNafeesah: M3m needs HALP! After being homeless for 2 yrs now, being ignored by millions of ppl &amp; avonline hate campaign lead by @…",en,0,0,2021-11-16 22:20:18+00:00,0.9,-0.8,Negative
81,"RT @YubabaNafeesah: M3m needs HALP! After being homeless for 2 yrs now, being ignored by millions of ppl &amp; avonline hate campaign lead by @…",en,0,0,2021-11-16 22:20:11+00:00,0.9,-0.8,Negative
82,"RT @YubabaNafeesah: M3m needs HALP! After being homeless for 2 yrs now, being ignored by millions of ppl &amp; avonline hate campaign lead by @…",en,0,0,2021-11-16 22:20:05+00:00,0.9,-0.8,Negative
83,"RT @YubabaNafeesah: M3m needs HALP! After being homeless for 2 yrs now, being ignored by millions of ppl &amp; avonline hate campaign lead by @…",en,0,0,2021-11-16 22:10:18+00:00,0.9,-0.8,Negative
84,"RT @YubabaNafeesah: M3m needs HALP! After being homeless for 2 yrs now, being ignored by millions of ppl &amp; avonline hate campaign lead by @…",en,0,0,2021-11-16 21:54:22+00:00,0.9,-0.8,Negative
85,"RT @YubabaNafeesah: M3m needs HALP! After being homeless for 2 yrs now, being ignored by millions of ppl &amp; avonline hate campaign lead by @…",en,0,0,2021-11-16 21:50:25+00:00,0.9,-0.8,Negative
86,"RT @YubabaNafeesah: M3m needs HALP! After being homeless for 2 yrs now, being ignored by millions of ppl &amp; avonline hate campaign lead by @…",en,0,0,2021-11-16 21:44:32+00:00,0.9,-0.8,Negative
88,"RT @mixtapeminimus1: Todays gains from my 3 main investment accounts are $8,066.15 today so far. This is why I’m giving up driving for the…",en,0,0,2021-11-16 20:39:18+00:00,0.6666666666666666,0.13333333333333333,Positive
89,"Todays gains from my 3 main investment accounts are $8,066.15 today so far. This is why I’m giving up driving for t… https://t.co/m4HZzTdJyF",en,9,1,2021-11-16 20:35:55+00:00,0.6666666666666666,0.13333333333333333,Positive
90,@PankajBansalM3M This is the project quality you deliver…its been 5-6 months i have been facing this issue snd no p… https://t.co/OnaedzFOMQ,en,2,0,2021-11-16 19:29:01+00:00,0.0,0.0,Neutral
93,"RT @M3MIndiaPvtLtd: (1/2) In a recent article by @EconomicTimes, 𝐌𝐫. 𝐏𝐚𝐧𝐤𝐚𝐣 𝐁𝐚𝐧𝐬𝐚𝐥, Director, M3M India mentions that the company has repai…",en,0,0,2021-11-16 17:53:06+00:00,0.625,-0.375,Negative
98,It is indeed a great pleasure to hear Mr. Deepak Sehgal appreciate his investment property at M3M 65th Avenue while… https://t.co/Cyxwk5gTeJ,en,0,0,2021-11-16 15:37:13+00:00,0.75,0.8,Positive
99,"RT @thephilacitizen: Panelists include Matt Pestronk, CEO of @postbrothers; 
@ABCrawley_M3MPR, president of @M3M_PR; Charles Lomax, co-foun…",en,0,0,2021-11-16 15:18:38+00:00,0.0,0.0,Neutral
2,RT @adaptationfund: Adaptation fund has been a top innovator &amp; pioneer in adaptation over the years. Fund's National Implementing Entities…,en,0,0,2021-11-18 21:01:01+00:00,0.5,0.5,Positive
3,Adaptation fund has been a top innovator &amp; pioneer in adaptation over the years. Fund's National Implementing Entit… https://t.co/CBEVcVXZN3,en,4,1,2021-11-18 19:34:36+00:00,0.5,0.5,Positive
5,RT @simantabh: @PankajBansalM3M @cmohry @mlkhattar @TOIGurgaon @HTGurgaon @Realty_Et @TeleProperty @PropertyWeek So this is how M3M adverti…,en,0,0,2021-11-18 17:50:40+00:00,0.0,0.0,Neutral
6,RT @acommon19611101: @PankajBansalM3M @cmohry @mlkhattar @TOIGurgaon @HTGurgaon @Realty_Et @TeleProperty @PropertyWeek Yeah photoshopped pi…,en,0,0,2021-11-18 17:50:17+00:00,0.0,0.0,Neutral
7,RT @Ashutos73547844: @PankajBansalM3M @cmohry @mlkhattar @TOIGurgaon @HTGurgaon @Realty_Et @TeleProperty @PropertyWeek Plz ask that residen…,en,0,0,2021-11-18 17:49:12+00:00,0.0,0.0,Neutral
8,RT @bhatiasumit1990: @PankajBansalM3M @cmohry @mlkhattar @TOIGurgaon @HTGurgaon @Realty_Et @TeleProperty @PropertyWeek How funny is this...…,en,0,0,2021-11-18 17:46:53+00:00,1.0,0.25,Positive
9,"RT @dineshgandhig: @PankajBansalM3M @cmohry @mlkhattar @TOIGurgaon @HTGurgaon @Realty_Et @TeleProperty @PropertyWeek Mr. Bansal , Come to M…",en,0,0,2021-11-18 17:45:52+00:00,0.0,0.0,Neutral
12,@M3ANED_M3M Believe it. You're Team Naruto! Take your banner and get out there! https://t.co/yxDX9zBIy1,en,1,0,2021-11-18 17:41:11+00:00,0.0,0.0,Neutral
13,RT @acommon19611101: @PankajBansalM3M @cmohry @mlkhattar @TOIGurgaon @HTGurgaon @Realty_Et @TeleProperty @PropertyWeek Yeah photoshopped pi…,en,0,0,2021-11-18 17:38:04+00:00,0.0,0.0,Neutral
14,@PankajBansalM3M @cmohry @mlkhattar @TOIGurgaon @HTGurgaon @Realty_Et @TeleProperty @PropertyWeek Plz ask that resi… https://t.co/HJVvSJuqj0,en,0,1,2021-11-18 17:13:48+00:00,0.0,0.0,Neutral
15,"RT @M3MIndiaPvtLtd: A world that captivates your soul! 

The premises of M3M Soulitude have been planned with themed gardens and health zon…",en,0,0,2021-11-18 17:01:09+00:00,0.0,0.0,Neutral
20,"86 Heathrow Dr, Toronto, North York, Ontario M3M 1X3, Canada
5 Beds | 2 Baths |

https://t.co/K26WqKBT9N",en,0,0,2021-11-18 15:55:14+00:00,0.0,0.0,Neutral
21,@PankajBansalM3M @cmohry @mlkhattar @TOIGurgaon @HTGurgaon @Realty_Et @TeleProperty @PropertyWeek This is your proj… https://t.co/veuDGjsSoj,en,0,0,2021-11-18 15:43:40+00:00,0.0,0.0,Neutral
28,"Medical
North York ON M3M
Dispatched: 18/11/21 @ 09:39 EST
[Stn: 146] Pumper-146
General Area:",en,0,0,2021-11-18 14:52:05+00:00,0.25,0.02500000000000001,Positive
29,"Medical
North York ON M3M
Dispatched: 18/11/21 @ 09:39 EST
[Stn: 146] Pumper-146
General Area:",en,0,0,2021-11-18 14:52:04+00:00,0.25,0.02500000000000001,Positive
30,RT @bhatiasumit1990: @PankajBansalM3M @cmohry @mlkhattar @TOIGurgaon @HTGurgaon @Realty_Et @TeleProperty @PropertyWeek How funny is this...…,en,0,0,2021-11-18 14:48:53+00:00,1.0,0.25,Positive
34,RT @PankajBansalM3M: A resident of M3M Marina sent me these picture in the morning. It just made my day. Smiles are contagious. When our re…,en,0,0,2021-11-18 14:31:35+00:00,0.0,0.0,Neutral
43,Take a glance through the construction of M3M 65th Avenue. This magnificent project boasts of high-Street retail sh… https://t.co/95Q1NMcJ5O,en,0,0,2021-11-18 12:05:29+00:00,1.0,1.0,Positive
44,@PankajBansalM3M @cmohry @mlkhattar @TOIGurgaon @HTGurgaon @Realty_Et @TeleProperty @PropertyWeek Yeah photoshopped… https://t.co/AQlHs2XUJM,en,5,2,2021-11-18 12:03:02+00:00,0.0,0.0,Neutral
45,M3M SCO 43 - Commercial Project At Sector 43 Gurgaon published by @kavishinsa1431 on @edocr https://t.co/Uk4PfBDYWY,en,0,0,2021-11-18 11:02:40+00:00,0.0,0.0,Neutral
46,"Introducing a whole new retail experience!
@Sec-57, Gurugram 

STAY TUNED!

#ThinkRealtyThinkElite #EliteLandbase… https://t.co/ajcjlc7MU5",en,0,0,2021-11-18 09:53:50+00:00,0.42727272727272725,0.20653409090909092,Positive
49,@PankajBansalM3M @cmohry @mlkhattar @TOIGurgaon @HTGurgaon @Realty_Et @TeleProperty @PropertyWeek So this is how M3… https://t.co/bDNuYjStSC,en,2,1,2021-11-18 09:14:02+00:00,0.0,0.0,Neutral
50,@PankajBansalM3M @cmohry @mlkhattar @TOIGurgaon @HTGurgaon @Realty_Et @TeleProperty @PropertyWeek How funny is this… https://t.co/H7Y57c7HrR,en,6,2,2021-11-18 09:02:31+00:00,1.0,0.25,Positive
51,"@PankajBansalM3M @cmohry @mlkhattar @TOIGurgaon @HTGurgaon @Realty_Et @TeleProperty @PropertyWeek Mr. Bansal , Come… https://t.co/9dhsS1nplB",en,3,1,2021-11-18 08:49:43+00:00,0.0,0.0,Neutral
52,"Story from the other side - M3M Marina Unhappy customers 
#M3mmarina #M3Mindia #M3Mflora
@M3MIndiaLtd @M3MIndiaLimi… https://t.co/uYr5AaiwHI",en,1,0,2021-11-18 08:24:42+00:00,0.6375,-0.3625,Negative
53,I just uploaded “M3M SCO SPACE IN SECTOR 43 GURGAON” to #Vimeo: https://t.co/uolrFGfVsr,en,0,0,2021-11-18 07:38:50+00:00,0.0,0.0,Neutral
54,Scan results - New 52 Week Closing High today: $TRL $STM $AS2 $PGO $JDR $PLY $SMI $MVL $IMA $MHJ $OGC $TLS $ABB $M3… https://t.co/oIJDce71HP,en,3,0,2021-11-18 07:37:24+00:00,0.4972727272727272,0.1481818181818182,Positive
55,New Launch Shop Cum Office Space In Sector 43 Gurgaon - M3M SCO 43 https://t.co/76CuMD3wp4 via @YouTube,en,0,0,2021-11-18 07:33:52+00:00,0.45454545454545453,0.13636363636363635,Positive
56,"Setting New Benchmarks
Coming Soon at Sushant Lok-3 sector 57 Gurugram

Call for more information
📞 9999 416 316… https://t.co/TBttjGSdzn",en,1,0,2021-11-18 06:56:31+00:00,0.4772727272727273,0.3181818181818182,Positive
57,"M3M Atrium Sector 57 sushant Lok Gurgaon 
M3M Atrium Sector 57 Gurgaon Offer Premium Commercial Project in Sector 5… https://t.co/CIFLsocrM9",en,0,0,2021-11-18 06:54:19+00:00,0.0,0.0,Neutral
58,"#4BHK #Apartment in M3M St Andrews, #Gurgaon #Flat #ForRent #Sector-65 #Residential #Property
https://t.co/PlhWriG0N3",en,0,0,2021-11-18 06:53:45+00:00,0.125,-0.025,Negative
59,"Luxury residences overlooking a signature 09 hole executive golf course, dotted with fountains, water bodies, and v… https://t.co/BXHdPWu14U",en,0,0,2021-11-18 06:11:57+00:00,0.0,0.0,Neutral
60,"M3M Low Rise Floors - Lots Of Lush Landscaping Project At Sector 79, Gur... https://t.co/bmL2QFTjO1 via @YouTube",en,0,0,2021-11-18 06:10:37+00:00,0.3,0.05,Positive
61,"#M3M #65thAVENUE is a new #commercial #Project having commercial shop, #Retail Shop and office spaces, launched by… https://t.co/Bc4mKuuWUl",en,0,0,2021-11-18 06:01:32+00:00,0.15151515151515152,0.04545454545454545,Positive
62,"M3M High Rise Apartments - Live A New Lifestyle  At Sector 113, Gurugram https://t.co/ZWODIUXvKi via @YouTube",en,0,0,2021-11-18 05:57:07+00:00,0.4981818181818182,0.14424242424242426,Positive
63,"M3M presents 65th Avenue, a futuristic and an international mixed use style development comprising retails and Uber… https://t.co/dlSAhEuOpd",en,1,0,2021-11-18 05:52:32+00:00,0.125,0.0,Neutral
64,"A world that captivates your soul! 

The premises of M3M Soulitude have been planned with themed gardens and health… https://t.co/vtpeDaBEw0",en,2,1,2021-11-18 05:48:08+00:00,0.0,0.0,Neutral
67,A resident of M3M Marina sent me these picture in the morning. It just made my day. Smiles are contagious. When our… https://t.co/deu0GaVi1w,en,18,1,2021-11-18 04:51:05+00:00,0.0,0.0,Neutral
68,"M3M Smart world Orchard Sector 61 Gurgaon Luxury Floors
Smart World Orchard Luxury Apartments Gurgaon At Best Price… https://t.co/cfjgk38BuD",en,0,0,2021-11-18 04:36:39+00:00,0.5285714285714286,0.4761904761904762,Positive
69,"RT @Geetanjaligroup: Give wings to your imagination and experience soulful living.

For more info call on 9090906776 

#Geetanjalihomestate…",en,0,0,2021-11-18 04:33:40+00:00,0.5,0.5,Positive
70,"@M3MIndiaPvtLtd Hi Team, Why the allotment layout is not matching with the Layout uploaded to the RERA website? For… https://t.co/qzHBdydTA9",en,1,0,2021-11-18 04:30:13+00:00,0.0,0.0,Neutral
71,- M3M Soulitude Residential Project Crosses Rs. 1000 Crore Sales within the First Week of its Launch https://t.co/GjaiKg73E0,en,0,0,2021-11-18 04:04:07+00:00,0.3333333333333333,0.25,Positive
74,Rose Above Previous Day's High today: $SPA $OGC $VIP $MAT $PIL $PRX $MXR $RDM $RMI $MTH $WCG $CPV $AVR $ERD $TUL $M… https://t.co/syJZcoVIW0,en,0,0,2021-11-18 01:11:12+00:00,0.4391666666666667,0.14833333333333334,Positive
77,"RT @gassin123Charts: Id Try to find another Beautiful bouncy #Bottom to Hold = No Secrets
#lithium #Copper #Nickel #Cobalt #Graphite #Tin #…",en,0,0,2021-11-18 00:16:28+00:00,1.0,0.85,Positive
81,@Curifeoccccc commom emstams  shamrkam :m3m,en,1,0,2021-11-17 22:20:10+00:00,0.0,0.0,Neutral
82,"RT @YubabaNafeesah: M3m needs HALP! After being homeless for 2 yrs now, being ignored by millions of ppl &amp; avonline hate campaign lead by @…",en,0,0,2021-11-17 21:34:22+00:00,0.9,-0.8,Negative
86,@bigbird2022 I've shot a lot of handguns and rifles ranging from .22 to 8x57IS (and a friend still owes me an after… https://t.co/wKmXe1VMnl,en,0,0,2021-11-17 17:08:15+00:00,0.0,0.0,Neutral
88,@KFC_India - Had an amazing conversation with store manager of M3M Urbana who made me realize customer service hold… https://t.co/lJJdBqc9rc,en,0,0,2021-11-17 17:06:17+00:00,0.9,0.6000000000000001,Positive
96,Great coaching tips from @Catlin_Tucker about helping Ts shift to blended learning. #neboedtech @TechCoachMyles… https://t.co/GtFfDZAalu,en,0,0,2021-11-17 14:23:24+00:00,0.75,0.8,Positive
0,@Monamohsen123 hasby allah w m3m l wakel🙂🙂🙂🙂🙂🙂😂😂😂😂😂😂😂 https://t.co/JtMD1XrsNl,en,0,0,2021-11-19 19:35:58+00:00,0.0,0.0,Neutral
1,Beauty! This German APC - IFV  mounts a FLW-200 (Fernbedienbare Leichte Waffenstation or remotely operated-light we… https://t.co/WG86eMQt06,en,2,0,2021-11-19 18:36:34+00:00,0.1,-0.05,Negative
6,"RT @Karan_Dhankhar: Despite construction ban, day night construction is going on in towers of M3M 65th Avenue project Sec 65, Gurgaon @DC_G…",en,0,0,2021-11-19 17:32:33+00:00,0.6,-0.1,Negative
7,M3M Gold Rush Boutique Floors Sector 89 Gurgaon https://t.co/G9d24cDJvo,en,0,0,2021-11-19 17:19:47+00:00,0.0,0.0,Neutral
11,"86 Heathrow Dr, Toronto, North York, Ontario M3M 1X3, Canada
5 Beds | 2 Baths |

https://t.co/K26WqKTuyn",en,0,0,2021-11-19 15:55:32+00:00,0.0,0.0,Neutral
13,"RT @PankajBansalM3M: At M3M we are a big joint family, who have remained together always. All our employees are our family members and part…",en,0,0,2021-11-19 14:18:40+00:00,0.1,0.0,Neutral
14,@ramjishukla6 @PankajBansalM3M @FinancialXpress @SMARTWORLDDEV @CimGOI @mlkhattar @cmohry We regret your experience… https://t.co/vj4c3nuwNN,en,0,0,2021-11-19 14:18:27+00:00,0.0,0.0,Neutral
15,"At M3M we are a big joint family, who have remained together always. All our employees are our family members and p… https://t.co/0I96hreB6p",en,7,1,2021-11-19 14:03:12+00:00,0.1,0.0,Neutral
16,"RT @Karan_Dhankhar: Despite construction ban, day night construction is going on in towers of M3M 65th Avenue project Sec 65, Gurgaon @DC_G…",en,0,0,2021-11-19 13:39:33+00:00,0.6,-0.1,Negative
20,"M3M 65th Avenue - Construction Update October 2021 https://t.co/1wiJYaSYL2 via @YouTube 
#Geetanjalihomestate #m3m #m3mindia",en,1,0,2021-11-19 12:59:03+00:00,0.0,0.0,Neutral
21,@PankajBansalM3M @FinancialXpress @SMARTWORLDDEV @CimGOI @mlkhattar @cmohry Sorry to say but the customer service n… https://t.co/OWSCVn9Awi,en,0,0,2021-11-19 12:54:13+00:00,1.0,-0.5,Negative
28,"RT @Karan_Dhankhar: Despite construction ban, day night construction is going on in towers of M3M 65th Avenue project Sec 65, Gurgaon @DC_G…",en,0,0,2021-11-19 12:05:22+00:00,0.6,-0.1,Negative
29,"Despite construction ban, day night construction is going on in towers of M3M 65th Avenue project Sec 65, Gurgaon… https://t.co/JjUribZ9mS",en,0,3,2021-11-19 12:00:05+00:00,0.6,-0.1,Negative
33,"Give your Business ""The Center Stage to Stand Out and Earn Loud""

 #M3MIndia #M3M #M3M65thAvenue #gurgaonproperties… https://t.co/Up1ZCeaWJt",en,0,0,2021-11-19 11:25:10+00:00,0.45,0.0,Neutral
34,I just uploaded “M3M 113 - Residential Project In Sector 113 Gurgaon” to #Vimeo: https://t.co/sIQzWlSKSp,en,0,0,2021-11-19 11:09:12+00:00,0.0,0.0,Neutral
37,"M3M new LAUNCH High-Street Retail &amp; F&amp;B at Sector-57
.
.
.
.
.
Coming Soon
For more info. call on 9090906776… https://t.co/IZmnSPJTAB",en,1,0,2021-11-19 08:58:35+00:00,0.4772727272727273,0.3181818181818182,Positive
38,"M3M Low Rise Floors Sector 82, Golf Course Extension Road -  Luxury That... https://t.co/9yfNyi5N4S via @YouTube",en,0,0,2021-11-19 08:08:08+00:00,0.3,0.0,Neutral
40,"@MENA_Conflict It's odd, when blackhawk/chinook have miniguns and wildcat has M3M. Would have thought it'd be ideal role for Kord.",en,0,0,2021-11-19 07:49:34+00:00,0.625,0.3666666666666667,Positive
47,"M3M Skycity - Apartments for sale
Address - Gurugram, Haryana, India
Area - 1280-1800 Sq. Ft.
Builder - M3M India L… https://t.co/3vcx8OS3VV",en,3,0,2021-11-19 06:40:17+00:00,0.0,0.0,Neutral
49,"On the birth anniversary of the founding father of Sikhism, I wish you truly take up the values that he preached an… https://t.co/Eo01dy3VSC",en,0,0,2021-11-19 05:37:39+00:00,0.0,0.0,Neutral
50,"On the birth anniversary of the founding father of Sikhism, I wish you truly take up the values that he preached an… https://t.co/ktnb2lELcN",en,0,0,2021-11-19 05:33:05+00:00,0.0,0.0,Neutral
53,"On the birth anniversary of the founding father of Sikhism, I wish you truly take up the values that he preached an… https://t.co/cMn1Q0r3VJ",en,0,0,2021-11-19 05:10:27+00:00,0.0,0.0,Neutral
54,"Water logged in this area throughout the last 6 months. Next to M3M Golf Estate, Sector 65,Gurgaon. Please look int… https://t.co/VzgeyIiCqb",en,0,0,2021-11-19 04:58:37+00:00,0.03333333333333333,0.0,Neutral
67,"We are delighted to share our collaboration with M3M Smart World, Gurgaon. They aim to be the catalyst of change in… https://t.co/hVLJrobVyU",en,0,0,2021-11-19 03:31:03+00:00,0.6714285714285715,0.45714285714285713,Positive
69,"RT @NitishSeth23: Story from the other side - M3M Marina Unhappy customers 
#M3mmarina #M3Mindia #M3Mflora
@M3MIndiaLtd @M3MIndiaLimited @P…",en,0,0,2021-11-19 03:04:50+00:00,0.6375,-0.3625,Negative
77,RT @adaptationfund: Adaptation fund has been a top innovator &amp; pioneer in adaptation over the years. Fund's National Implementing Entities…,en,0,0,2021-11-18 21:01:01+00:00,0.5,0.5,Positive
78,Adaptation fund has been a top innovator &amp; pioneer in adaptation over the years. Fund's National Implementing Entit… https://t.co/CBEVcVXZN3,en,8,1,2021-11-18 19:34:36+00:00,0.5,0.5,Positive
80,RT @simantabh: @PankajBansalM3M @cmohry @mlkhattar @TOIGurgaon @HTGurgaon @Realty_Et @TeleProperty @PropertyWeek So this is how M3M adverti…,en,0,0,2021-11-18 17:50:40+00:00,0.0,0.0,Neutral
81,RT @acommon19611101: @PankajBansalM3M @cmohry @mlkhattar @TOIGurgaon @HTGurgaon @Realty_Et @TeleProperty @PropertyWeek Yeah photoshopped pi…,en,0,0,2021-11-18 17:50:17+00:00,0.0,0.0,Neutral
82,RT @Ashutos73547844: @PankajBansalM3M @cmohry @mlkhattar @TOIGurgaon @HTGurgaon @Realty_Et @TeleProperty @PropertyWeek Plz ask that residen…,en,0,0,2021-11-18 17:49:12+00:00,0.0,0.0,Neutral
83,RT @bhatiasumit1990: @PankajBansalM3M @cmohry @mlkhattar @TOIGurgaon @HTGurgaon @Realty_Et @TeleProperty @PropertyWeek How funny is this...…,en,0,0,2021-11-18 17:46:53+00:00,1.0,0.25,Positive
84,"RT @dineshgandhig: @PankajBansalM3M @cmohry @mlkhattar @TOIGurgaon @HTGurgaon @Realty_Et @TeleProperty @PropertyWeek Mr. Bansal , Come to M…",en,0,0,2021-11-18 17:45:52+00:00,0.0,0.0,Neutral
87,@M3ANED_M3M Believe it. You're Team Naruto! Take your banner and get out there! https://t.co/yxDX9zBIy1,en,2,0,2021-11-18 17:41:11+00:00,0.0,0.0,Neutral
88,RT @acommon19611101: @PankajBansalM3M @cmohry @mlkhattar @TOIGurgaon @HTGurgaon @Realty_Et @TeleProperty @PropertyWeek Yeah photoshopped pi…,en,0,0,2021-11-18 17:38:04+00:00,0.0,0.0,Neutral
89,@PankajBansalM3M @cmohry @mlkhattar @TOIGurgaon @HTGurgaon @Realty_Et @TeleProperty @PropertyWeek Plz ask that resi… https://t.co/HJVvSJuqj0,en,0,1,2021-11-18 17:13:48+00:00,0.0,0.0,Neutral
90,"RT @M3MIndiaPvtLtd: A world that captivates your soul! 

The premises of M3M Soulitude have been planned with themed gardens and health zon…",en,0,0,2021-11-18 17:01:09+00:00,0.0,0.0,Neutral
95,"86 Heathrow Dr, Toronto, North York, Ontario M3M 1X3, Canada
5 Beds | 2 Baths |

https://t.co/K26WqKBT9N",en,0,0,2021-11-18 15:55:14+00:00,0.0,0.0,Neutral
96,@PankajBansalM3M @cmohry @mlkhattar @TOIGurgaon @HTGurgaon @Realty_Et @TeleProperty @PropertyWeek This is your proj… https://t.co/veuDGjsSoj,en,0,0,2021-11-18 15:43:40+00:00,0.0,0.0,Neutral
1,"M3M Group Organises Unique Two-Day Fest M3M Corner Walk  Fiesta In Sector-74, Gurugram https://t.co/U1zs7oFAER",en,2,0,2021-11-20 14:53:50+00:00,1.0,0.375,Positive
7,"@DrKasahun @M3M_Muse @YetneberkTadele 
@yetnex 
Thank you, I found it here. 
Africa must unite! 
#HandsoffEthiopia 
We fight imperialism!",en,2,0,2021-11-20 14:11:29+00:00,0.0,0.0,Neutral
9,"Medical
North York ON M3M
Dispatched: 20/11/21 @ 08:06 EST
[Stn: 146] Pumper-146
General Area:",en,0,0,2021-11-20 13:16:04+00:00,0.25,0.02500000000000001,Positive
10,"Medical
North York ON M3M
Dispatched: 20/11/21 @ 08:06 EST
[Stn: 146] Pumper-146
General Area:",en,0,0,2021-11-20 13:16:03+00:00,0.25,0.02500000000000001,Positive
11,"@cmohry @mlkhattar Sir, how much bribe in cash or kind being paid by Builder  M3M India pvt. Ltd, gurgaon to allow… https://t.co/tKtReVskpn",en,0,0,2021-11-20 12:10:31+00:00,0.55,0.4,Positive
12,"@cmohry @mlkhattar @DrKKKhandelwal Sir, builder  M3M India Pvt. Ltd. Doing large scale fraud with customer by payin… https://t.co/eVlkA6IRw8",en,0,0,2021-11-20 12:03:57+00:00,0.42857142857142855,0.21428571428571427,Positive
13,"@DrKKKhandelwal @cmohry @mlkhattar Sir, builder   M3M India Pvt. Ltd. Gurgaon doing large scale fraud with customer… https://t.co/RmZoHxkv8d",en,1,0,2021-11-20 11:58:33+00:00,0.42857142857142855,0.21428571428571427,Positive
14,"RT @GuyPlopsky: This is a Tu-22M3, not a M3M.",en,0,0,2021-11-20 11:56:22+00:00,0.0,0.0,Neutral
15,@IncomeTaxIndia @nsitharamanoffc @PMOIndia M3M India Pvt. Ltd. Gurgaon has done large scale TDS fraud. They made ca… https://t.co/EdufOa3omC,en,0,0,2021-11-20 11:54:26+00:00,0.42857142857142855,0.21428571428571427,Positive
16,"Coming Soon!!
High-street retail &amp; F&amp;B Spaces
Sector-57, Gurugram

#m3msector57 #GurgaonRealEstate #investment… https://t.co/07tkQsGEJL",en,0,0,2021-11-20 11:22:27+00:00,0.0,0.0,Neutral
17,"M3M Cosmopolitan is an amalgamation of retail, F&amp;amp;B and office spaces. A range of restaurants... #Shop #ForSale… https://t.co/yUug02HPqP",en,0,0,2021-11-20 10:46:31+00:00,0.1,0.0,Neutral
18,M3M Sushant Lok Sector 57 Gurugram - Download Brochure on @edocr https://t.co/7YeeQPtMiH,en,0,0,2021-11-20 10:24:55+00:00,0.0,0.0,Neutral
20,"RT @GuyPlopsky: This is a Tu-22M3, not a M3M.",en,0,0,2021-11-20 09:32:38+00:00,0.0,0.0,Neutral
21,"This is a Tu-22M3, not a M3M. https://t.co/iHypI7OC97",en,13,2,2021-11-20 09:31:42+00:00,0.0,0.0,Neutral
22,"M3M Sector 113, Gurgaon | Upcoming High-rise Apartments At Dwarka Express https://t.co/nqGn3JS6l0 via @YouTube… https://t.co/QB0fPKklJV",en,0,0,2021-11-20 08:40:39+00:00,0.0,0.0,Neutral
23,@ramjishukla6 @PankajBansalM3M @FinancialXpress @SMARTWORLDDEV @CimGOI @mlkhattar @cmohry Please check your inbox a… https://t.co/ZGAvCtmJRN,en,0,0,2021-11-20 08:39:26+00:00,0.0,0.0,Neutral
25,@PankajBansalM3M Thank you so much for taking time to see our problems. Really looking for your support to have at… https://t.co/3xx67Ap3BG,en,0,0,2021-11-20 07:32:29+00:00,0.2,0.2,Positive
30,"#M3M NEW 🏦#COMMERCIALPROJECT  LAUNCH 
#HighStreet #Retailshops📍@Sector_57# Sushant Lok, 
Ground Floor-30.5 ft. heig… https://t.co/KH0faRQaj0",en,0,0,2021-11-20 06:50:32+00:00,0.45454545454545453,0.13636363636363635,Positive
32,"#Apartment in M3M Woodshire, #Gurgaon #4BHK #Flat #ForSale #Sector-107 #Residential #Property
https://t.co/DYvkmfZuKf",en,0,0,2021-11-20 06:40:38+00:00,0.125,-0.025,Negative
34,M3M brings you a nest of endless possibilities with a community-friendly environment carrying a vast array of inter… https://t.co/qxq0TEehF8,en,2,0,2021-11-20 06:24:41+00:00,0.875,-0.0625,Negative
35,"OC RECEIVED!

M3M 65th Avenue- A futuristic &amp; international standard mixed-use development located @Sec-65, Gurugra… https://t.co/wYPTDnCqAG",en,0,0,2021-11-20 06:21:20+00:00,0.0,0.0,Neutral
37,"Don't miss the opportunity for your dream home. Multiple benefits, prime location, plethora of amenities,

Call for… https://t.co/d51QMQlY4q",en,1,0,2021-11-20 06:08:53+00:00,0.0,0.0,Neutral
38,"M3M new LAUNCH High-Street Retail &amp; F&amp;B  at Sector-57 Gurgaon. 
.
.
.
.
.
Coming Soon 
For more info. call on 90909… https://t.co/st5VucvRIY",en,2,0,2021-11-20 06:04:44+00:00,0.4772727272727273,0.3181818181818182,Positive
39,"Experience The New &amp; Independent Lifestyle! 

M3M brings you a nest of endless possibilities with a community-frien… https://t.co/bDjU60JdNB",en,4,0,2021-11-20 05:39:37+00:00,0.4431818181818182,0.0037878787878787845,Positive
40,"M3M Presenting New High-Street Retail &amp; F&amp;B with 12% assured return, 50:50 payment plan, Triple height showroom at… https://t.co/ZkIrktcimC",en,0,0,2021-11-20 05:23:03+00:00,0.45454545454545453,0.13636363636363635,Positive
43,@M3MIndiaPvtLtd @MoHUA_India @PMOIndia @M3MFoundation @PankajBansalM3M  please see your commitments which is yet to… https://t.co/7jCBThw4Mk,en,0,0,2021-11-20 02:54:44+00:00,0.0,0.0,Neutral
53,"Medical
North York ON M3M
Dispatched: 19/11/21 @ 18:32 EST
[Stn: 146] Aerial-142
General Area:",en,0,0,2021-11-19 23:42:03+00:00,0.25,0.02500000000000001,Positive
54,"Medical
North York ON M3M
Dispatched: 19/11/21 @ 18:32 EST
[Stn: 146] Aerial-142
General Area:",en,0,0,2021-11-19 23:42:03+00:00,0.25,0.02500000000000001,Positive
59,"Medical [Old Toronto]
North York ON M3M
Dispatched: 19/11/21 @ 16:35 EST
[Stn: 145] HazMat-145
General Area:",en,0,0,2021-11-19 21:42:08+00:00,0.2333333333333333,0.05000000000000001,Positive
60,"Medical [Old Toronto]
North York ON M3M
Dispatched: 19/11/21 @ 16:35 EST
[Stn: 145] HazMat-145
General Area:",en,0,0,2021-11-19 21:42:08+00:00,0.2333333333333333,0.05000000000000001,Positive
62,@Monamohsen123 hasby allah w m3m l wakel🙂🙂🙂🙂🙂🙂😂😂😂😂😂😂😂 https://t.co/JtMD1XrsNl,en,0,0,2021-11-19 19:35:58+00:00,0.0,0.0,Neutral
63,Beauty! This German APC - IFV  mounts a FLW-200 (Fernbedienbare Leichte Waffenstation or remotely operated-light we… https://t.co/WG86eMQt06,en,4,0,2021-11-19 18:36:34+00:00,0.1,-0.05,Negative
68,"RT @Karan_Dhankhar: Despite construction ban, day night construction is going on in towers of M3M 65th Avenue project Sec 65, Gurgaon @DC_G…",en,0,0,2021-11-19 17:32:33+00:00,0.6,-0.1,Negative
69,M3M Gold Rush Boutique Floors Sector 89 Gurgaon https://t.co/G9d24cDJvo,en,0,0,2021-11-19 17:19:47+00:00,0.0,0.0,Neutral
73,"86 Heathrow Dr, Toronto, North York, Ontario M3M 1X3, Canada
5 Beds | 2 Baths |

https://t.co/K26WqKTuyn",en,0,0,2021-11-19 15:55:32+00:00,0.0,0.0,Neutral
75,"RT @PankajBansalM3M: At M3M we are a big joint family, who have remained together always. All our employees are our family members and part…",en,0,0,2021-11-19 14:18:40+00:00,0.1,0.0,Neutral
76,@ramjishukla6 @PankajBansalM3M @FinancialXpress @SMARTWORLDDEV @CimGOI @mlkhattar @cmohry We regret your experience… https://t.co/vj4c3nuwNN,en,0,0,2021-11-19 14:18:27+00:00,0.0,0.0,Neutral
77,"At M3M we are a big joint family, who have remained together always. All our employees are our family members and p… https://t.co/0I96hreB6p",en,8,1,2021-11-19 14:03:12+00:00,0.1,0.0,Neutral
78,"RT @Karan_Dhankhar: Despite construction ban, day night construction is going on in towers of M3M 65th Avenue project Sec 65, Gurgaon @DC_G…",en,0,0,2021-11-19 13:39:33+00:00,0.6,-0.1,Negative
82,"M3M 65th Avenue - Construction Update October 2021 https://t.co/1wiJYaSYL2 via @YouTube 
#Geetanjalihomestate #m3m #m3mindia",en,3,0,2021-11-19 12:59:03+00:00,0.0,0.0,Neutral
83,@PankajBansalM3M @FinancialXpress @SMARTWORLDDEV @CimGOI @mlkhattar @cmohry Sorry to say but the customer service n… https://t.co/OWSCVn9Awi,en,0,0,2021-11-19 12:54:13+00:00,1.0,-0.5,Negative
90,"RT @Karan_Dhankhar: Despite construction ban, day night construction is going on in towers of M3M 65th Avenue project Sec 65, Gurgaon @DC_G…",en,0,0,2021-11-19 12:05:22+00:00,0.6,-0.1,Negative
91,"Despite construction ban, day night construction is going on in towers of M3M 65th Avenue project Sec 65, Gurgaon… https://t.co/JjUribZ9mS",en,0,3,2021-11-19 12:00:05+00:00,0.6,-0.1,Negative
95,"Give your Business ""The Center Stage to Stand Out and Earn Loud""

 #M3MIndia #M3M #M3M65thAvenue #gurgaonproperties… https://t.co/Up1ZCeaWJt",en,0,0,2021-11-19 11:25:10+00:00,0.45,0.0,Neutral
96,I just uploaded “M3M 113 - Residential Project In Sector 113 Gurgaon” to #Vimeo: https://t.co/sIQzWlSKSp,en,0,0,2021-11-19 11:09:12+00:00,0.0,0.0,Neutral
99,"M3M new LAUNCH High-Street Retail &amp; F&amp;B at Sector-57
.
.
.
.
.
Coming Soon
For more info. call on 9090906776… https://t.co/IZmnSPJTAB",en,2,0,2021-11-19 08:58:35+00:00,0.4772727272727273,0.3181818181818182,Positive
1,"The upgraded Tu-22 M3M Backfire supersonic bomber is reportedly flying, causing a major heartburn in NATO circles.… https://t.co/rPGIrBgpRH",en,0,0,2021-11-21 07:45:28+00:00,0.5,0.0625,Positive
3,"RT @YubabaNafeesah: STILL:

M3m needs HALP! After being homeless for 2 yrs now, being ignored by millions of ppl &amp; an online hate campaign…",en,0,0,2021-11-21 06:08:15+00:00,0.9,-0.8,Negative
5,"At M3M Soulitude we prioritize your privacy over everything else. Providing you with independent floors, equipped w… https://t.co/eqggFqlD09",en,1,0,2021-11-21 06:00:36+00:00,0.125,0.0,Neutral
7,"Experience the true sense of owning a space! 

At M3M Soulitude we prioritize your privacy over everything else. Pr… https://t.co/7wr22EJgfx",en,1,0,2021-11-21 05:47:26+00:00,0.65,0.4375,Positive
8,"M3M Commercial Projects Price Sheet.
#M3MCommercialProperty #M3MCommercial #CommercialProperty… https://t.co/X91DSM1aG3",en,0,0,2021-11-21 05:45:35+00:00,0.0,0.0,Neutral
9,"newly constructed #Shop in M3M Corner Walk sect 74 #Gurgaon #ForSale #Sector-74 #Commercial #Property
https://t.co/HG9oGuyW3n",en,0,1,2021-11-21 05:39:27+00:00,0.22727272727272727,0.06818181818181818,Positive
10,"RT @YubabaNafeesah: STILL:

M3m needs HALP! After being homeless for 2 yrs now, being ignored by millions of ppl &amp; an online hate campaign…",en,0,0,2021-11-21 05:12:05+00:00,0.9,-0.8,Negative
11,"RT @YubabaNafeesah: STILL:

M3m needs HALP! After being homeless for 2 yrs now, being ignored by millions of ppl &amp; an online hate campaign…",en,0,0,2021-11-21 05:06:40+00:00,0.9,-0.8,Negative
12,"RT @YubabaNafeesah: STILL:

M3m needs HALP! After being homeless for 2 yrs now, being ignored by millions of ppl &amp; an online hate campaign…",en,0,0,2021-11-21 05:03:15+00:00,0.9,-0.8,Negative
13,@M3MIndiaPvtLtd @M3MFoundation @PMOIndia @PankajBansalM3M   Real estates are mean to grow big by looting the money… https://t.co/iaNBGh6D9J,en,0,0,2021-11-21 04:43:36+00:00,0.36250000000000004,-0.0375,Negative
14,"RT @YubabaNafeesah: STILL:

M3m needs HALP! After being homeless for 2 yrs now, being ignored by millions of ppl &amp; an online hate campaign…",en,0,0,2021-11-21 04:43:15+00:00,0.9,-0.8,Negative
15,"RT @YubabaNafeesah: STILL:

M3m needs HALP! After being homeless for 2 yrs now, being ignored by millions of ppl &amp; an online hate campaign…",en,0,0,2021-11-21 04:37:08+00:00,0.9,-0.8,Negative
16,The premises of M3M Soulitude have been planned with themed gardens and health zones. Enhance your lifestyle with y… https://t.co/l9DXeK6m48,en,0,0,2021-11-21 04:28:28+00:00,0.0,0.0,Neutral
18,"@PankajBansalM3M Dear Mr.Bansal,
Appreciate your attention to The Marina finally. It's already been a year since po… https://t.co/ngBHGjXEhy",en,0,0,2021-11-21 04:18:27+00:00,1.0,0.0,Neutral
20,"STILL:

M3m needs HALP! After being homeless for 2 yrs now, being ignored by millions of ppl &amp; an online hate campa… https://t.co/C5phYyXGi3",en,6,6,2021-11-21 03:43:43+00:00,0.9,-0.8,Negative
21,"Medical [Old Toronto]
North York ON M3M
Dispatched: 20/11/21 @ 22:35 EST
[Stn: 146] Pumper-146
General Area:",en,0,0,2021-11-21 03:42:05+00:00,0.2333333333333333,0.05000000000000001,Positive
22,"Medical [Old Toronto]
North York ON M3M
Dispatched: 20/11/21 @ 22:35 EST
[Stn: 146] Pumper-146
General Area:",en,0,0,2021-11-21 03:42:04+00:00,0.2333333333333333,0.05000000000000001,Positive
27,"Don't miss the opportunity for your dream home. Multiple benefits, prime location, plethora of amenities,… https://t.co/ZQ0X4pEHes",en,1,0,2021-11-21 02:55:51+00:00,0.0,0.0,Neutral
28,"Setting New Benchmarks
Coming Soon at Sushant Lok-3 sector 57 Gurugram

#M3M #SushantLok57 #CoomingSoon #RealEstate… https://t.co/TO0h2ZuvJs",en,0,0,2021-11-21 02:43:07+00:00,0.45454545454545453,0.13636363636363635,Positive
29,"Thanks M3M India for selecting as Channel Partner of the day.

#m3m #3horizons #m3mindia #channelpartner #gurgaon… https://t.co/tCvXzibsJS",en,1,0,2021-11-21 02:25:31+00:00,0.2,0.2,Positive
34,"RT @GuyPlopsky: This is a Tu-22M3, not a M3M.",en,0,0,2021-11-21 00:32:20+00:00,0.0,0.0,Neutral
38,"RT @GuyPlopsky: This is a Tu-22M3, not a M3M.",en,0,0,2021-11-20 22:17:38+00:00,0.0,0.0,Neutral
40,"RT @M3MIndiaPvtLtd: Experience The New &amp; Independent Lifestyle! 

M3M brings you a nest of endless possibilities with a community-friendly…",en,0,0,2021-11-20 18:04:49+00:00,0.4431818181818182,0.0037878787878787845,Positive
41,@historiaxvmt The M3M has a housing on the nose for the aerial refueling probe (as seen here): https://t.co/CpaKQZZR3g,en,2,0,2021-11-20 17:51:01+00:00,0.0,0.0,Neutral
42,RT @AllaaAahmed: @Monamohsen123 hasby allah w m3m l wakel🙂🙂🙂🙂🙂🙂😂😂😂😂😂😂😂,en,0,0,2021-11-20 16:43:18+00:00,0.0,0.0,Neutral
44,"86 Heathrow Dr, Toronto, North York, Ontario M3M 1X3, Canada
5 Beds | 2 Baths |

https://t.co/K26WqKTuyn",en,0,0,2021-11-20 15:55:38+00:00,0.0,0.0,Neutral
46,"M3M Group Organises Unique Two-Day Fest M3M Corner Walk  Fiesta In Sector-74, Gurugram https://t.co/U1zs7oFAER",en,2,0,2021-11-20 14:53:50+00:00,1.0,0.375,Positive
52,"@DrKasahun @M3M_Muse @YetneberkTadele 
@yetnex 
Thank you, I found it here. 
Africa must unite! 
#HandsoffEthiopia 
We fight imperialism!",en,2,0,2021-11-20 14:11:29+00:00,0.0,0.0,Neutral
54,"Medical
North York ON M3M
Dispatched: 20/11/21 @ 08:06 EST
[Stn: 146] Pumper-146
General Area:",en,0,0,2021-11-20 13:16:04+00:00,0.25,0.02500000000000001,Positive
55,"Medical
North York ON M3M
Dispatched: 20/11/21 @ 08:06 EST
[Stn: 146] Pumper-146
General Area:",en,0,0,2021-11-20 13:16:03+00:00,0.25,0.02500000000000001,Positive
56,"@cmohry @mlkhattar Sir, how much bribe in cash or kind being paid by Builder  M3M India pvt. Ltd, gurgaon to allow… https://t.co/tKtReVskpn",en,0,0,2021-11-20 12:10:31+00:00,0.55,0.4,Positive
57,"@cmohry @mlkhattar @DrKKKhandelwal Sir, builder  M3M India Pvt. Ltd. Doing large scale fraud with customer by payin… https://t.co/eVlkA6IRw8",en,0,0,2021-11-20 12:03:57+00:00,0.42857142857142855,0.21428571428571427,Positive
58,"@DrKKKhandelwal @cmohry @mlkhattar Sir, builder   M3M India Pvt. Ltd. Gurgaon doing large scale fraud with customer… https://t.co/RmZoHxkv8d",en,1,0,2021-11-20 11:58:33+00:00,0.42857142857142855,0.21428571428571427,Positive
59,"RT @GuyPlopsky: This is a Tu-22M3, not a M3M.",en,0,0,2021-11-20 11:56:22+00:00,0.0,0.0,Neutral
60,@IncomeTaxIndia @nsitharamanoffc @PMOIndia M3M India Pvt. Ltd. Gurgaon has done large scale TDS fraud. They made ca… https://t.co/EdufOa3omC,en,0,0,2021-11-20 11:54:26+00:00,0.42857142857142855,0.21428571428571427,Positive
61,"Coming Soon!!
High-street retail &amp; F&amp;B Spaces
Sector-57, Gurugram

#m3msector57 #GurgaonRealEstate #investment… https://t.co/07tkQsGEJL",en,0,0,2021-11-20 11:22:27+00:00,0.0,0.0,Neutral
62,"M3M Cosmopolitan is an amalgamation of retail, F&amp;amp;B and office spaces. A range of restaurants... #Shop #ForSale… https://t.co/yUug02HPqP",en,0,0,2021-11-20 10:46:31+00:00,0.1,0.0,Neutral
63,M3M Sushant Lok Sector 57 Gurugram - Download Brochure on @edocr https://t.co/7YeeQPtMiH,en,0,0,2021-11-20 10:24:55+00:00,0.0,0.0,Neutral
65,"RT @GuyPlopsky: This is a Tu-22M3, not a M3M.",en,0,0,2021-11-20 09:32:38+00:00,0.0,0.0,Neutral
66,"This is a Tu-22M3, not a M3M. https://t.co/iHypI7OC97",en,22,4,2021-11-20 09:31:42+00:00,0.0,0.0,Neutral
67,"M3M Sector 113, Gurgaon | Upcoming High-rise Apartments At Dwarka Express https://t.co/nqGn3JS6l0 via @YouTube… https://t.co/QB0fPKklJV",en,0,0,2021-11-20 08:40:39+00:00,0.0,0.0,Neutral
68,@ramjishukla6 @PankajBansalM3M @FinancialXpress @SMARTWORLDDEV @CimGOI @mlkhattar @cmohry Please check your inbox a… https://t.co/ZGAvCtmJRN,en,0,0,2021-11-20 08:39:26+00:00,0.0,0.0,Neutral
70,@PankajBansalM3M Thank you so much for taking time to see our problems. Really looking for your support to have at… https://t.co/3xx67Ap3BG,en,0,0,2021-11-20 07:32:29+00:00,0.2,0.2,Positive
75,"#M3M NEW 🏦#COMMERCIALPROJECT  LAUNCH 
#HighStreet #Retailshops📍@Sector_57# Sushant Lok, 
Ground Floor-30.5 ft. heig… https://t.co/KH0faRQaj0",en,0,0,2021-11-20 06:50:32+00:00,0.45454545454545453,0.13636363636363635,Positive
77,"#Apartment in M3M Woodshire, #Gurgaon #4BHK #Flat #ForSale #Sector-107 #Residential #Property
https://t.co/DYvkmfZuKf",en,0,0,2021-11-20 06:40:38+00:00,0.125,-0.025,Negative
79,M3M brings you a nest of endless possibilities with a community-friendly environment carrying a vast array of inter… https://t.co/qxq0TEehF8,en,2,0,2021-11-20 06:24:41+00:00,0.875,-0.0625,Negative
80,"OC RECEIVED!

M3M 65th Avenue- A futuristic &amp; international standard mixed-use development located @Sec-65, Gurugra… https://t.co/wYPTDnCqAG",en,0,0,2021-11-20 06:21:20+00:00,0.0,0.0,Neutral
82,"Don't miss the opportunity for your dream home. Multiple benefits, prime location, plethora of amenities,

Call for… https://t.co/d51QMQlY4q",en,2,0,2021-11-20 06:08:53+00:00,0.0,0.0,Neutral
83,"M3M new LAUNCH High-Street Retail &amp; F&amp;B  at Sector-57 Gurgaon. 
.
.
.
.
.
Coming Soon 
For more info. call on 90909… https://t.co/st5VucvRIY",en,2,0,2021-11-20 06:04:44+00:00,0.4772727272727273,0.3181818181818182,Positive
84,"Experience The New &amp; Independent Lifestyle! 

M3M brings you a nest of endless possibilities with a community-frien… https://t.co/bDjU60JdNB",en,5,1,2021-11-20 05:39:37+00:00,0.4431818181818182,0.0037878787878787845,Positive
85,"M3M Presenting New High-Street Retail &amp; F&amp;B with 12% assured return, 50:50 payment plan, Triple height showroom at… https://t.co/ZkIrktcimC",en,0,0,2021-11-20 05:23:03+00:00,0.45454545454545453,0.13636363636363635,Positive
88,@M3MIndiaPvtLtd @MoHUA_India @PMOIndia @M3MFoundation @PankajBansalM3M  please see your commitments which is yet to… https://t.co/7jCBThw4Mk,en,0,0,2021-11-20 02:54:44+00:00,0.0,0.0,Neutral
98,"Medical
North York ON M3M
Dispatched: 19/11/21 @ 18:32 EST
[Stn: 146] Aerial-142
General Area:",en,0,0,2021-11-19 23:42:03+00:00,0.25,0.02500000000000001,Positive
99,"Medical
North York ON M3M
Dispatched: 19/11/21 @ 18:32 EST
[Stn: 146] Aerial-142
General Area:",en,0,0,2021-11-19 23:42:03+00:00,0.25,0.02500000000000001,Positive
0,RT @M3MTheMarina: Protest by Marina Residents due to unavailability of basic amenities as promised by M3M during property purchase by @M3MI…,en,0,0,2021-11-22 07:26:40+00:00,0.25,-0.0625,Negative
1,"The premises of M3M Soulitude have jogging tracks, themed gardens and health zones to help you attain a balanced st… https://t.co/99DfOIWCj2",en,1,0,2021-11-22 07:19:44+00:00,0.0,0.0,Neutral
2,Just posted a photo @ M3M Skycity https://t.co/CwVpYUUZfq,en,0,0,2021-11-22 07:17:12+00:00,0.0,0.0,Neutral
3,"#3BHK #Apartment in M3M Latitude #Flat #ForRent #Sector-65 #Gurgaon #Residential #Property
https://t.co/Oa3i004zb9",en,0,0,2021-11-22 07:11:42+00:00,0.125,-0.025,Negative
4,"@ArifKhanskier I am from M3M Foundation, kindly share your contact details if you are looking for sponsorship.

M3M… https://t.co/2F1EGSIltY",en,0,0,2021-11-22 06:59:03+00:00,0.9,0.6,Positive
5,"At M3M Soulitude we prioritize your privacy over everything else.Providing you with independent floors, equipped wi… https://t.co/jeQ2vOX2fL",en,1,0,2021-11-22 06:45:50+00:00,0.125,0.0,Neutral
6,"M3M NEW SOFT LAUNCH IN CENTRAL GURGAON.
M3M New Commercial Project Launch
Retail Shops Starting From 70 Lac*
2 Side… https://t.co/vwfxcgnw0y",en,0,0,2021-11-22 06:36:29+00:00,0.2681818181818182,0.06212121212121211,Positive
9,"Ready to move #2BHK #Apartment in M3M Woodshire #Flat #ForSale #Sector-107 #Gurgaon #Residential #Property
https://t.co/ZnbdfTm1MD",en,0,0,2021-11-22 06:14:16+00:00,0.3125,0.08750000000000001,Positive
15,"A Commercial Investment Opportunity Like Never Before Is On It’s Way 

Coming Soon at The Most Prime Location Susha… https://t.co/S40mQ9Xo7w",en,1,0,2021-11-22 05:31:49+00:00,0.25,0.25,Positive
16,"URBAN CUBES 71

*20mins IGI Airport
*5 mins from Sohna Road Gurgaon
*8 mins from DLE Garden City
*15mins from Cyber… https://t.co/t6LApSu8uM",en,0,0,2021-11-22 04:57:49+00:00,0.0,0.0,Neutral
17,"Ready to move #3BHK #Apartment in M3M Woodshire, #Gurgaon #Flat #ForSale #Sector-107 #Residential #Property
https://t.co/LXBGFQnQj3",en,0,0,2021-11-22 04:55:21+00:00,0.3125,0.08750000000000001,Positive
18,"Get your dream commercial #property at Sushant Lok, Sector 57, #Gurgaon with a flexible payment plan of 50:50 &amp; 12%… https://t.co/NpXTccXY2B",en,0,0,2021-11-22 04:46:57+00:00,0.0,0.0,Neutral
21,"RT @AxFunnymentals: So $m3m $7.7mil market cap with $4.5mil cash on hand 28mil Soi and no one is discovering this gem? 
Recent high grades…",en,0,0,2021-11-22 03:35:37+00:00,0.39499999999999996,0.08,Positive
22,"RT @asxdecks: M3 Mining Limited $M3M $M3M.AX

New #ASX investor presentation: Investor Presentation - August

See the full deck at https://…",en,0,0,2021-11-22 03:34:21+00:00,0.38246753246753246,0.1383116883116883,Positive
24,"@evanvassos $M3M another one of Eddie King's mate! The goat of small caps, looking forward to $RB6",en,3,0,2021-11-22 01:39:27+00:00,0.4,-0.25,Negative
27,Rose Above Previous Day's High today: $TYM $AMS $TYR $ABR $MMM $ASQ $MGOC $AKO $EPN $M3M $ANX $LIS $AND $ZGL $AGY… https://t.co/8Fz1P7c1lc,en,0,0,2021-11-22 01:06:13+00:00,0.4391666666666667,0.14833333333333334,Positive
35,"RT @YubabaNafeesah: STILL:

M3m needs HALP! After being homeless for 2 yrs now, being ignored by millions of ppl &amp; an online hate campaign…",en,0,0,2021-11-22 00:27:03+00:00,0.9,-0.8,Negative
40,"RT @YubabaNafeesah: STILL:

M3m needs HALP! After being homeless for 2 yrs now, being ignored by millions of ppl &amp; an online hate campaign…",en,0,0,2021-11-21 21:51:36+00:00,0.9,-0.8,Negative
42,"RT @Classienu: M3M’s CEO, A. Bruce Crawley, will be a panelist at an event moderated by Larry Platt, co-founder, The Philadelphia Citizen,o…",en,0,0,2021-11-21 18:49:13+00:00,0.0,0.0,Neutral
43,"M3M’s CEO, A. Bruce Crawley, will be a panelist at an event moderated by Larry Platt, co-founder, The Philadelphia… https://t.co/AGpeH3b9v0",en,2,1,2021-11-21 17:56:56+00:00,0.0,0.0,Neutral
44,"Larry Platt,The Phila.Citizen,moderates a 11/22 panel,at Fitler Club,on how intentional development lessens City in… https://t.co/IxyUryCR0H",en,0,0,2021-11-21 17:24:25+00:00,0.0,0.0,Neutral
45,THE WAVE IS COMING ( M3M ) 😈😈😈 #MR3MILLI #MADEM3M,en,0,0,2021-11-21 16:26:33+00:00,0.0,0.0,Neutral
46,"Medical
North York ON M3M
Dispatched: 21/11/21 @ 11:15 EST
[Stn: 146] Pumper-142
General Area:",en,0,0,2021-11-21 16:22:04+00:00,0.25,0.02500000000000001,Positive
47,"Medical
North York ON M3M
Dispatched: 21/11/21 @ 11:15 EST
[Stn: 146] Pumper-142
General Area:",en,0,0,2021-11-21 16:22:04+00:00,0.25,0.02500000000000001,Positive
48,"Medical
North York ON M3M
Dispatched: 21/11/21 @ 11:12 EST
[Stn: 146] Pumper-146
General Area:",en,0,0,2021-11-21 16:22:03+00:00,0.25,0.02500000000000001,Positive
49,"Medical
North York ON M3M
Dispatched: 21/11/21 @ 11:12 EST
[Stn: 146] Pumper-146
General Area:",en,0,0,2021-11-21 16:22:03+00:00,0.25,0.02500000000000001,Positive
50,"RT @salvatorised: STILL:

M3m needs HALP! After being homeless for 2 yrs now, being ignored by millions of ppl &amp; an online hate campaign le…",en,0,0,2021-11-21 16:06:35+00:00,0.9,-0.8,Negative
52,"86 Heathrow Dr, Toronto, North York, Ontario M3M 1X3, Canada
5 Beds | 2 Baths |

https://t.co/K26WqKTuyn",en,0,0,2021-11-21 15:55:40+00:00,0.0,0.0,Neutral
57,"STILL:

M3m needs HALP! After being homeless for 2 yrs now, being ignored by millions of ppl &amp; an online hate campa… https://t.co/F8qKV86NF2",en,1,1,2021-11-21 15:22:17+00:00,0.9,-0.8,Negative
59,"RT @M3MIndiaPvtLtd: Experience the true sense of owning a space! 

At M3M Soulitude we prioritize your privacy over everything else. Provid…",en,0,0,2021-11-21 14:56:02+00:00,0.65,0.4375,Positive
0,"RT @Geetanjaligroup: Yes !!
It's time to Achieve your Financial Goals .
Come &amp; Join Us a Business Partner !!
.
.
.
.
Call on 9090906776 to…",en,0,0,2021-11-23 17:20:52+00:00,0.0,0.0,Neutral
3,"Yes !!
It's time to Achieve your Financial Goals .
Come &amp; Join Us a Business Partner !!
.
.
.
.
Call on 9090906776… https://t.co/vS8bgLODY5",en,0,0,2021-11-23 15:30:09+00:00,0.0,0.0,Neutral
4,"RT @Geetanjaligroup: Yes !!
It's time to Achieve your Financial Goals .
Come &amp; Join Us a Business Partner !!
.
.
.
.
Call on 9090906776 to…",en,0,0,2021-11-23 15:00:44+00:00,0.0,0.0,Neutral
7,"RT @Geetanjaligroup: Yes !!
It's time to Achieve your Financial Goals .
Come &amp; Join Us a Business Partner !!
.
.
.
.
Call on 9090906776 to…",en,0,0,2021-11-23 13:43:02+00:00,0.0,0.0,Neutral
12,This looks like an amazing resource for Ss! Thanks to @shannonmmiller for creating and sharing. #choiceboard… https://t.co/CBq8m8sdDa,en,3,0,2021-11-23 13:10:20+00:00,0.55,0.4750000000000001,Positive
15,@PankajBansalM3M I am one of the buyer into your company's project Broadway. I have been cheated &amp; defrauded by the… https://t.co/g48EC1kqEt,en,0,0,2021-11-23 12:37:42+00:00,0.0,0.0,Neutral
18,"RT @Geetanjaligroup: Yes !!
It's time to Achieve your Financial Goals .
Come &amp; Join Us a Business Partner !!
.
.
.
.
Call on 9090906776 to…",en,0,0,2021-11-23 11:50:23+00:00,0.0,0.0,Neutral
20,"RT @Geetanjaligroup: Yes !!
It's time to Achieve your Financial Goals .
Come &amp; Join Us a Business Partner !!
.
.
.
.
Call on 9090906776 to…",en,0,0,2021-11-23 11:28:48+00:00,0.0,0.0,Neutral
21,"Whether it's a refreshing swim or matching wits in a game of chess, private celebrations with your closed ones, or… https://t.co/sQsZlVCX0Q",en,1,0,2021-11-23 11:20:26+00:00,0.46875,-6.938893903907228e-18,Negative
33,"RT @Geetanjaligroup: Yes !!
It's time to Achieve your Financial Goals .
Come &amp; Join Us a Business Partner !!
.
.
.
.
Call on 9090906776 to…",en,0,0,2021-11-23 09:35:46+00:00,0.0,0.0,Neutral
35,"RT @ShrisayRealty: M3M Broadway Sector 71, Gurgaon, Commercial Spaces Start @ 80 Lacs*

&gt;9 Yrs Lease* &amp; 3 Yrs Lock-In*
&gt;First Floor- 16500/…",en,0,0,2021-11-23 09:09:27+00:00,0.0,0.0,Neutral
39,"M3M Broadway Sector 71, Gurgaon, Commercial Spaces Start @ 80 Lacs*

&gt;9 Yrs Lease* &amp; 3 Yrs Lock-In*
&gt;First Floor- 1… https://t.co/5YRlpYaYQt",en,0,1,2021-11-23 07:32:11+00:00,0.0,0.0,Neutral
40,"RFP- For Sankalp – Environment Conservation Programme: M3m Foundation, Gurugram, Haryana https://t.co/lGmXmNohXu",en,1,0,2021-11-23 07:30:07+00:00,0.0,0.0,Neutral
41,"RFP - Application For Sports And Arts Sponsorship Under Lakshya Programme: M3m Foundation, Gurugram, Haryana https://t.co/Fw1s2nCjSR",en,1,0,2021-11-23 07:30:06+00:00,0.0,0.0,Neutral
42,"RFP - Application For Grant For Social Innovation Under Mashaal Programme: M3m Foundation, Gurugram, Haryana https://t.co/zvoVgju1nh",en,1,0,2021-11-23 07:30:04+00:00,0.06666666666666667,0.03333333333333333,Positive
43,"Request For Proposal For Impower Academy For Skills: M3m Foundation, Gurugram, Haryana https://t.co/TTb5GW2iCR",en,1,0,2021-11-23 07:30:03+00:00,0.0,0.0,Neutral
45,"$m3m.ax AGM is next Monday and I wonder when will news be out re Victoria Bore project’s drills. 

36.9mil soi and… https://t.co/KMvo3pfoOQ",en,2,0,2021-11-23 07:10:43+00:00,0.0,0.0,Neutral
46,"Welcome to the world of indulgence! 

Whether it's a refreshing swim or matching wits in a game of chess, private c… https://t.co/nlFK3whBTu",en,0,0,2021-11-23 06:59:41+00:00,0.66875,0.275,Positive
47,M3M Sector 58 Gurgaon - A Heightened Sense Of Security While Indulging I... https://t.co/cUte9AyMgt via @YouTube,en,0,0,2021-11-23 06:47:17+00:00,0.0,0.0,Neutral
49,I just uploaded “M3M Sector 58 Gurugram -  Residential Project In Gurgaon” to #Vimeo: https://t.co/dO0hhmZHav,en,0,0,2021-11-23 06:41:43+00:00,0.0,0.0,Neutral
50,"RT @Geetanjaligroup: Yes !!
It's time to Achieve your Financial Goals .
Come &amp; Join Us a Business Partner !!
.
.
.
.
Call on 9090906776 to…",en,0,0,2021-11-23 06:33:31+00:00,0.0,0.0,Neutral
51,"RT @industrialplots: M3M Smart world Orchard Sector 61 Gurgaon Luxury Floors
Smart World Orchard Luxury Apartments Gurgaon At Best Price
Sm…",en,0,0,2021-11-23 05:45:56+00:00,0.5285714285714286,0.4761904761904762,Positive
52,"M3M NEW SOFT LAUNCH IN CENTRAL GURGAON.
M3M New Commercial Project Launch
Retail Shops Starting From 70 Lac*
2 Side… https://t.co/KwTaI5ELkL",en,0,0,2021-11-23 05:38:44+00:00,0.2681818181818182,0.06212121212121211,Positive
53,"RT @Geetanjaligroup: Yes !!
It's time to Achieve your Financial Goals .
Come &amp; Join Us a Business Partner !!
.
.
.
.
Call on 9090906776 to…",en,0,0,2021-11-23 05:26:53+00:00,0.0,0.0,Neutral
54,"M3M NEW SOFT LAUNCH IN CENTRAL GURGAON.
M3M New Commercial Project Launch
Retail Shops Starting From 70 Lac*
2 Side… https://t.co/cHrUU6I2kq",en,0,0,2021-11-23 05:05:46+00:00,0.2681818181818182,0.06212121212121211,Positive
55,"RT @Geetanjaligroup: Yes !!
It's time to Achieve your Financial Goals .
Come &amp; Join Us a Business Partner !!
.
.
.
.
Call on 9090906776 to…",en,0,0,2021-11-23 04:52:15+00:00,0.0,0.0,Neutral
57,"RT @Geetanjaligroup: Yes !!
It's time to Achieve your Financial Goals .
Come &amp; Join Us a Business Partner !!
.
.
.
.
Call on 9090906776 to…",en,0,0,2021-11-23 04:10:11+00:00,0.0,0.0,Neutral
65,"RT @Geetanjaligroup: Yes !!
It's time to Achieve your Financial Goals .
Come &amp; Join Us a Business Partner !!
.
.
.
.
Call on 9090906776 to…",en,0,0,2021-11-23 02:30:56+00:00,0.0,0.0,Neutral
67,"RT @Geetanjaligroup: Yes !!
It's time to Achieve your Financial Goals .
Come &amp; Join Us a Business Partner !!
.
.
.
.
Call on 9090906776 to…",en,0,0,2021-11-23 02:28:27+00:00,0.0,0.0,Neutral
70,"RT @David_TaskerIR: Enjoyed being out on site with @M3Mining $M3M &amp;  team from Strike Drilling for maiden drill program, proximal to the hi…",en,0,0,2021-11-23 01:38:41+00:00,0.7,0.5,Positive
71,"Medical
North York ON M3M
Dispatched: 22/11/21 @ 19:38 EST
[Stn: 146] Pumper-146
General Area:",en,0,0,2021-11-23 00:46:03+00:00,0.25,0.02500000000000001,Positive
72,"Medical
North York ON M3M
Dispatched: 22/11/21 @ 19:38 EST
[Stn: 146] Pumper-146
General Area:",en,0,0,2021-11-23 00:46:03+00:00,0.25,0.02500000000000001,Positive
75,"RT @Geetanjaligroup: Yes !!
It's time to Achieve your Financial Goals .
Come &amp; Join Us a Business Partner !!
.
.
.
.
Call on 9090906776 to…",en,0,0,2021-11-22 21:59:32+00:00,0.0,0.0,Neutral
79,"RT @M3MIndiaPvtLtd: The premises of M3M Soulitude have jogging tracks, themed gardens and health zones to help you attain a balanced state…",en,0,0,2021-11-22 19:43:35+00:00,0.0,0.0,Neutral
80,"Medical [Old Toronto]
North York ON M3M
Dispatched: 22/11/21 @ 13:16 EST
[Stn: 141] Pumper-141
General Area:",en,0,0,2021-11-22 18:22:07+00:00,0.2333333333333333,0.05000000000000001,Positive
81,"Medical [Old Toronto]
North York ON M3M
Dispatched: 22/11/21 @ 13:16 EST
[Stn: 141] Pumper-141
General Area:",en,0,0,2021-11-22 18:22:07+00:00,0.2333333333333333,0.05000000000000001,Positive
82,"RT @Geetanjaligroup: Yes !!
It's time to Achieve your Financial Goals .
Come &amp; Join Us a Business Partner !!
.
.
.
.
Call on 9090906776 to…",en,0,0,2021-11-22 17:50:24+00:00,0.0,0.0,Neutral
84,Just posted a photo @ M3M Golf Estate https://t.co/zVdqbq68gu,en,1,0,2021-11-22 17:24:13+00:00,0.0,0.0,Neutral
86,"RT @Geetanjaligroup: Yes !!
It's time to Achieve your Financial Goals .
Come &amp; Join Us a Business Partner !!
.
.
.
.
Call on 9090906776 to…",en,0,0,2021-11-22 17:17:30+00:00,0.0,0.0,Neutral
87,"Wall Paneling &amp; Installation by Team D Allure
#wallpanel #dallure #dallurefurnishing® #wall #walldecor #walls #home… https://t.co/sBKXRcL6vW",en,0,0,2021-11-22 17:16:59+00:00,0.0,0.0,Neutral
88,"RT @Geetanjaligroup: Yes !!
It's time to Achieve your Financial Goals .
Come &amp; Join Us a Business Partner !!
.
.
.
.
Call on 9090906776 to…",en,0,0,2021-11-22 16:24:30+00:00,0.0,0.0,Neutral
90,RT @thephilacitizen: Tonight! Join us 6-7pm @FitlerClub for a conversation with Matt Pestronk of @postbrothers; A.Bruce Crawley of @M3M_PR;…,en,0,0,2021-11-22 15:23:18+00:00,0.0,0.0,Neutral
91,Tonight! Join us 6-7pm @FitlerClub for a conversation with Matt Pestronk of @postbrothers; A.Bruce Crawley of… https://t.co/qPgVTMlnEB,en,4,1,2021-11-22 15:02:21+00:00,0.0,0.0,Neutral
