,tweet,language,likes,retweets,datetime,Subjectivity,Polarity,Analysis
4,45’ @setchey4 drills the ball low and it deflects off the wall and past Thomas Middlehurst to nestle into the bottom of the net. #htvbt 0-1,en,4,0,2021-11-16 20:31:58+00:00,0.18333333333333335,-0.08333333333333333,Negative
6,@StokerB4 @Nestle Maybe that's because they sell water..,en,0,0,2021-11-16 20:30:22+00:00,0.0,0.0,Neutral
7,Are you looking for a job or a new career? Join Nestle Purina on campus in Building N for a job fair tomorrow! Regi… https://t.co/AxB241PADF,en,0,0,2021-11-16 20:29:58+00:00,0.6772727272727272,0.5056818181818181,Positive
9,RT @conspiracyb0t: In the 1970s Nestle killed hundreds of thousands of children in developing countries by promoting infant formula over br…,en,0,0,2021-11-16 20:28:48+00:00,0.0,-0.2,Negative
11,"@jaegersfreedom ""I hung around with you too much, Jaeger. You corrupted me. I was a sweet, quiet, innocent girl bef… https://t.co/zOYNd2CErL",en,0,0,2021-11-16 20:28:44+00:00,0.4708333333333333,0.2625,Positive
13,Must read! @RandiRhodes on fire today reposting this  WSJ article about inflation! Big companies like Procter &amp; Gam… https://t.co/48hs0r3jC1,en,0,0,2021-11-16 20:27:45+00:00,0.1,0.0,Neutral
14,@NesteGlobal Your name is too close to Nestlé for comfort.  Consider changing it for that sole reason.,en,0,0,2021-11-16 20:27:35+00:00,0.25,0.0,Neutral
21,"@OthrVirginiaGuy @Literroy LOL Ok bub. China is ""totalitarian' as SCOTUS ruled that Nestle can have child slaves in Africa. 🤣",en,2,0,2021-11-16 20:26:21+00:00,0.6,0.65,Positive
27,"@LakotaMan1 Something the Nestle corporation. Seems determined to destroy. 
I’ll have to go back down a rabbit hole… https://t.co/2YQFBliVBc",en,0,0,2021-11-16 20:22:54+00:00,0.09629629629629631,-0.11851851851851854,Negative
34,@Weaselpher @RobertFifoot @Rachael_Swindon @LickPeachesGC The joy of mobile phones … the nestle in your hand. 🤯,en,1,0,2021-11-16 20:19:00+00:00,0.2,0.8,Positive
40,@captmaryjaneway @jamesdurham309 @GaryMillrat @sebusher Mostly the way corporations have changed the way we see it… https://t.co/FUUMsCvt9q,en,0,0,2021-11-16 20:16:12+00:00,0.5,0.5,Positive
46,"RT @ninanotman: With input from @Dr_LarsBode, @Townsend_Lab, @glycoworld, @biomilq, @TurtleTree_, @Chr_Hansen, @Nestle, @BASF and others 
h…",en,0,0,2021-11-16 20:13:48+00:00,0.0,0.0,Neutral
53,RT @conspiracyb0t: In the 1970s Nestle killed hundreds of thousands of children in developing countries by promoting infant formula over br…,en,0,0,2021-11-16 20:11:21+00:00,0.0,-0.2,Negative
58,"RT @ClareNash20: Invited to a #sustainability conference on greening the supply chain, speakers include Shell, McDonalds, and Nestle. https…",en,0,0,2021-11-16 20:09:30+00:00,0.0,0.0,Neutral
61,"RT @ClareNash20: Invited to a #sustainability conference on greening the supply chain, speakers include Shell, McDonalds, and Nestle. https…",en,0,0,2021-11-16 20:08:11+00:00,0.0,0.0,Neutral
77,Picking a bottle of Nestle water over a Bottle of Sprite is the greatest challenge of my life rn..,en,0,0,2021-11-16 20:02:56+00:00,1.0,1.0,Positive
87,"RT @marquisele: Girl, fuck you. And Dariush Mozaffarian and William Dietz and Jason Block and Marion Nestle and Robert Lustig, who contribu…",en,0,0,2021-11-16 20:00:12+00:00,0.6,-0.4,Negative
89,"@CllrIanSherwood @Nestle Nice never to early for After eights. Though not had them in a while well about a year.
Enjoy",en,0,0,2021-11-16 20:00:07+00:00,0.6,0.3666666666666667,Positive
90,"RT @CanadiansOrg: Blue Triton, the corporation that bought Nestle’s North American bottled water business earlier this year, will take a to…",en,0,0,2021-11-16 20:00:06+00:00,0.19999999999999998,0.0,Neutral
92,The DARK WORLD ChroniclesXXX: Nestlé: The Most Evil Business in the World https://t.co/lAK1RCV5zO,en,0,0,2021-11-16 19:58:56+00:00,0.6333333333333333,-0.21666666666666667,Negative
96,"RT @CanadiansOrg: Blue Triton, the corporation that bought Nestle’s North American bottled water business earlier this year, will take a to…",en,0,0,2021-11-16 19:57:38+00:00,0.19999999999999998,0.0,Neutral
97,"Blue Triton, the corporation that bought Nestle’s North American bottled water business earlier this year, will tak… https://t.co/Q4942iQaoe",en,3,2,2021-11-16 19:57:16+00:00,0.19999999999999998,0.0,Neutral
0,@thenarwhalca @thatemfagan Tried to find who owns licence to bottle water from artesian well @ 84th Ave &amp; 120th Str… https://t.co/zNqXp14h3N,en,0,0,2021-11-17 20:07:16+00:00,0.9,0.9,Positive
7,"@privilegelog This coulda been you 

https://t.co/gGAd45HDwA",en,0,0,2021-11-17 20:04:49+00:00,0.0,0.0,Neutral
11,Hi eco-friendlies! The well known unnatural company Nestle who uses 1.7 MILLION of plastic only on packaging🤢! Fun… https://t.co/Ct7F1yQv35,en,0,0,2021-11-17 20:03:54+00:00,1.0,0.0,Neutral
13,There’s no need for me to keep acting big to protect and support him. Because we’re equal comrades who nestle close and help each other out.,en,0,0,2021-11-17 20:03:21+00:00,0.18125,-0.03125,Negative
52,"RT @rustyrockets: Find somewhere peaceful to nestle down with this week’s guided meditation. Today on #AboveTheNoise, we address the proble…",en,0,0,2021-11-17 19:51:20+00:00,0.3944444444444445,0.04722222222222221,Positive
53,"RT @WrittenTherapy: a warm body
is a crescent moon
of strength enveloping
me in the darkness

he exhales stardust
into my neck and blows
my…",en,0,0,2021-11-17 19:50:59+00:00,0.6,0.6,Positive
55,Blue Triton is the huge corporation that bought out Nestle’s bottled water business. 😡#FordfailedOntario https://t.co/H0U8Er0L0u,en,0,0,2021-11-17 19:50:43+00:00,0.5,0.20000000000000004,Positive
70,"The Earth will survive, the human species will go extinct along with our civilization. @exxonmobil @Chevron… https://t.co/MD4jfvox5j",en,0,0,2021-11-17 19:45:49+00:00,0.35,-0.2,Negative
73,"a warm body
is a crescent moon
of strength enveloping
me in the darkness

he exhales stardust
into my neck and blow… https://t.co/fnAsCuMVjT",en,6,1,2021-11-17 19:45:08+00:00,0.6,0.6,Positive
74,Swiss food giant Nestlé won its bid on Wednesday to revive its European Union logo trademark after a court ruled th… https://t.co/k2qXUvt993,en,0,0,2021-11-17 19:45:02+00:00,0.5,0.0,Neutral
75,@ONgov Stop ruining our water supply.   Ruination via extraction &amp; fill of more plastic bottles. You are corrupt bo… https://t.co/ReMX79UIou,en,0,0,2021-11-17 19:44:47+00:00,0.75,0.0,Neutral
78,RT @IHateNYT: the rot really set in when they started naming beloved attractions/community gathering spaces after random corporations that…,en,0,0,2021-11-17 19:44:11+00:00,0.5666666666666667,0.1333333333333333,Positive
89,RT @ReutersAngelM: Purchasing documents found by Reuters suggest cocoa farmer cooperatives serving some of the chocolate industry’s biggest…,en,0,0,2021-11-17 19:41:31+00:00,0.0,0.0,Neutral
92,"RT @CanadiansOrg: Blue Triton, the corporation that bought Nestle’s North American bottled water business earlier this year, will take a to…",en,0,0,2021-11-17 19:41:08+00:00,0.19999999999999998,0.0,Neutral
98,@NestleTollHouse I am happy to hear she is still part of the Nestle story since she invented the much loved chocola… https://t.co/gWB1ILyvLO,en,0,0,2021-11-17 19:38:51+00:00,0.9,0.75,Positive
99,"@aaaishmmm wait no i did it wrong it actally 
the money crow will now buy a nestle bottle. he didnt know about currency before",en,1,0,2021-11-17 19:38:43+00:00,0.9,-0.5,Negative
5,@sortedfood I usually go with buttered popcorn and Nestle's bunch a crunch,en,0,0,2021-11-18 22:09:54+00:00,0.25,-0.25,Negative
7,@kookswaistchain tiny bottles make me happy but no nestle water is always gross,en,0,0,2021-11-18 22:09:31+00:00,0.5,0.26666666666666666,Positive
8,@rage_elf @Wowhead you know the pants you bought are for the CEO of the brand you got? OMG that's so vile! And the… https://t.co/CLwYMYflWb,en,0,0,2021-11-18 22:09:15+00:00,0.0,0.0,Neutral
13,@Y00NJ1NHER nestle water is only good in the tiny bottles,en,1,0,2021-11-18 22:08:22+00:00,0.7000000000000001,0.2333333333333333,Positive
15,@bottygerjoe At the end of the day a trip to the hospital for you is profitable in some way for a Corporation like… https://t.co/mAbzRboNbV,en,0,0,2021-11-18 22:08:00+00:00,0.0,0.0,Neutral
16,@kookswaistchain ew no nestle water and deer park water are two brands i will never let near my mouth,en,1,0,2021-11-18 22:07:59+00:00,0.4,0.1,Positive
17,"@Gatekeeper_1111 @chi_un_lee I called this a few months ago... The new brainwashing, a cure for all diseases... Pro… https://t.co/lsefiVHiBW",en,0,0,2021-11-18 22:07:43+00:00,0.2772727272727273,-0.03181818181818183,Negative
21,@AuthorJRose Nestle Crunch and Snickers,en,0,0,2021-11-18 22:07:05+00:00,0.0,0.0,Neutral
26,@Y00NJ1NHER that stupid nestle water is only good cold,en,1,0,2021-11-18 22:05:30+00:00,0.9,-0.175,Negative
46,Nothing warms up the holiday season like a fresh baked cookie! These turtle cookies from the Nestle Tollhouse Café… https://t.co/h1vcMeknfh,en,0,0,2021-11-18 22:01:24+00:00,0.5,0.375,Positive
50,@bottygerjoe 75% of your body should be made of mineral additives? From nestle!? Lmao fasho man keep drinking that bs. I'm not,en,0,0,2021-11-18 22:00:16+00:00,1.0,0.6,Positive
52,That's Why I Love Nestlé Crunch https://t.co/KYAzI0lQ6m,en,0,0,2021-11-18 21:59:10+00:00,0.6,0.5,Positive
55,"@bottygerjoe So  you're guaranteeing me that Nestle, the makers of the Crunch Bar, are paying attention to add the… https://t.co/PueXVotZ8f",en,0,0,2021-11-18 21:57:50+00:00,0.0,0.0,Neutral
56,RT @shikome_1: Nestle Ghana is here… @AyigbeniDogbeda @quophitm @FlorentJAYB @KCJBello @QwekuBurniton @Ernest_pabi @Nii_Ayi_Mantse,en,0,0,2021-11-18 21:57:24+00:00,0.0,0.0,Neutral
60,Companies like Nestle and Coca-Cola are eager to use more recycled material — here's why that actually raises conce… https://t.co/7PkliXvmsO,en,0,0,2021-11-18 21:56:47+00:00,0.3,0.25,Positive
61,RT @FabAcademic: @mystekane @kitkatsa @UCT_news @KITKAT @Nestle I can buy Kitkat but I need just R1m finding for students registered for pr…,en,0,0,2021-11-18 21:56:25+00:00,0.0,0.0,Neutral
66,Hi environmentalists! The well known toxic company Nestle who uses 1.7 MILLION of plastic only on packaging😖! Who k… https://t.co/aky6hlQCwn,en,0,0,2021-11-18 21:54:11+00:00,1.0,0.0,Neutral
73,"@KLGLASS2 good thing I read that a second time.

or you would have gotten
kraft
Nestle
Adidas

hahahaahahahaha",en,1,0,2021-11-18 21:51:41+00:00,0.30000000000000004,0.35,Positive
76,"RT @CaldoChico: Nestle
#ness #ssb https://t.co/RVSCXN0Myq",en,0,0,2021-11-18 21:50:59+00:00,0.0,0.0,Neutral
77,@NestleCare thank you but the number you gave me to call was to @Nestle's Birpal Singh. He was rude on the phone an… https://t.co/iiJuqFEDqp,en,0,0,2021-11-18 21:50:54+00:00,0.6,-0.3,Negative
79,RT @shikome_1: Nestle Ghana is here… @AyigbeniDogbeda @quophitm @FlorentJAYB @KCJBello @QwekuBurniton @Ernest_pabi @Nii_Ayi_Mantse,en,0,0,2021-11-18 21:50:39+00:00,0.0,0.0,Neutral
89,Greetings environmentalists! Your number one un-green company Nestle who uses 1.7 MILLION of plastic only on packag… https://t.co/1T1GDG6cPo,en,0,0,2021-11-18 21:44:06+00:00,1.0,0.0,Neutral
1,"RT @euronewsgreen: Palm oil companies have boasted about using child labour and beating local workers in Papua New Guinea, a major investig…",en,0,0,2021-11-19 19:41:31+00:00,0.3181818181818182,0.06628787878787878,Positive
3,RT @FoodInsider: Nestle is teaming up with a vegan startup to develop meatless chicken wings that include realistic skin and bones https://…,en,0,0,2021-11-19 19:41:11+00:00,0.6416666666666666,-0.21666666666666667,Negative
10,Nestle invests in maker of fake chicken that has skin and bones https://t.co/oHfYHLxFb7 https://t.co/CZ0UDkUmCN,en,0,0,2021-11-19 19:36:34+00:00,0.975,-0.55,Negative
11,"Ffs @CocaCola @PepsiCo @Nestle
Take responsibility 
#EndPlasticWaste #endplasticpollution
#plasticwaste https://t.co/ZLOFzXux9P",en,0,0,2021-11-19 19:36:07+00:00,0.0,0.0,Neutral
12,Why do companies like @Nestle rely on Behaviorally solutions like our quantitative online PackFlash® fused with qua… https://t.co/UrU5c74yJF,en,0,0,2021-11-19 19:36:01+00:00,0.0,0.0,Neutral
14,Nestle is teaming up with a vegan startup to develop meatless chicken wings that include realistic skin and bones https://t.co/mmubuywKuN,en,0,0,2021-11-19 19:35:06+00:00,0.6416666666666666,-0.21666666666666667,Negative
15,Plant-Based Food Stocks Tick Lower Following Business Insider Report 'Nestle is teaming up with a vegan startup to… https://t.co/HV4p61xgoX,en,0,0,2021-11-19 19:34:46+00:00,0.1,0.0,Neutral
16,"RT @Arunstockguru: If you are looking to have 12-15% compounding for next 15-20 years,you probably don't need to work hard. This things wil…",en,0,0,2021-11-19 19:33:36+00:00,0.2708333333333333,-0.14583333333333334,Negative
19,"RT @Curious_Indian_: 💎 Multibagger Monopoly Stocks 💎
⚡CDSL
⚡MCX
⚡BSE
⚡IEX
⚡IRCTC
⚡ITC Ltd
⚡EXIDE Ind
⚡Marico
⚡HAL
⚡Pidilite Ind
⚡Nestle
⚡CA…",en,0,0,2021-11-19 19:30:51+00:00,0.0,0.0,Neutral
26,"“Nestle Rittenhouse cookies.  They’re criminally delicious . . . oh wait, that’s not a crime?”",en,0,0,2021-11-19 19:28:45+00:00,1.0,1.0,Positive
27,"RT @Arunstockguru: If you are looking to have 12-15% compounding for next 15-20 years,you probably don't need to work hard. This things wil…",en,0,0,2021-11-19 19:28:32+00:00,0.2708333333333333,-0.14583333333333334,Negative
31,Hey green thumbs! Today we have everyone's favorite contaminating company Nestle who uses 1.7 MILLION of plastic on… https://t.co/BDV3mPcL9W,en,0,0,2021-11-19 19:24:17+00:00,0.65,0.125,Positive
32,"Vegan chicken wing maker Sundial Foods raised $4m in seed funding from Nestle, Food Labs, Clear Current Capital and… https://t.co/qyE1GmKRWY",en,0,0,2021-11-19 19:24:00+00:00,0.5777777777777778,-0.16666666666666666,Negative
38,May our weekend be beautiful... may we share joy and peace... may it be good news... may be moments of many emotion… https://t.co/1KdALYnSml,en,1,0,2021-11-19 19:20:26+00:00,0.575,0.7124999999999999,Positive
39,Nestle invests in East Bay maker of fake chicken that has skin and bones https://t.co/OHMKe5M5Lt,en,0,0,2021-11-19 19:20:21+00:00,0.975,-0.55,Negative
40,"RT @Arunstockguru: If you are looking to have 12-15% compounding for next 15-20 years,you probably don't need to work hard. This things wil…",en,0,0,2021-11-19 19:19:55+00:00,0.2708333333333333,-0.14583333333333334,Negative
41,"@AJD_1975 Of course they are. @Nestle follow they're noses to ..........................MONEY!
That's all they know… https://t.co/j3hErMpxmf",en,1,0,2021-11-19 19:17:31+00:00,0.0,0.0,Neutral
42,"RT @nkinnama_: Free yourself. Nestle in the bosom of forgiveness. For you. For others.
#30daysofNovember https://t.co/rnvTFR1gwS",en,0,0,2021-11-19 19:17:16+00:00,0.8,0.4,Positive
43,"@business ...after plan A didn't work out as envisioned 
#Nestle #Vegan #veganfood #Govegan https://t.co/gydZuxFfdn",en,0,0,2021-11-19 19:16:03+00:00,0.0,0.0,Neutral
46,"RT @Curious_Indian_: 💎 Multibagger Monopoly Stocks 💎
⚡CDSL
⚡MCX
⚡BSE
⚡IEX
⚡IRCTC
⚡ITC Ltd
⚡EXIDE Ind
⚡Marico
⚡HAL
⚡Pidilite Ind
⚡Nestle
⚡CA…",en,0,0,2021-11-19 19:13:08+00:00,0.0,0.0,Neutral
50,"RT @Big_Blue_Empire: $QEDN Big week next week!!
Love to see a PR announcement about production starting for the Nestlé required Tetra Pack.…",en,0,0,2021-11-19 19:10:19+00:00,0.19999999999999998,0.125,Positive
51,"RT @Big_Blue_Empire: $QEDN Big week next week!!
Love to see a PR announcement about production starting for the Nestlé required Tetra Pack.…",en,0,0,2021-11-19 19:09:13+00:00,0.19999999999999998,0.125,Positive
52,RT @FoodInsider: Nestle is teaming up with a vegan startup to develop meatless chicken wings that include realistic skin and bones https://…,en,0,0,2021-11-19 19:09:01+00:00,0.6416666666666666,-0.21666666666666667,Negative
53,Nestle is teaming up with a vegan startup to develop meatless chicken wings that include realistic skin and bones https://t.co/4FaKJ8fBs5,en,0,0,2021-11-19 19:08:42+00:00,0.6416666666666666,-0.21666666666666667,Negative
56,Nestle Teams With Startup to Make Realistic Meatless Chicken Wings https://t.co/qPTcVlhhqp,en,0,0,2021-11-19 19:07:18+00:00,0.6416666666666666,-0.21666666666666667,Negative
58,@chrislibertynow @agarthapill @Liberat67627787 @syndaxvuzz I've had a Nestlé buyer telling me the situation is dire… https://t.co/pfIYEsea8H,en,2,0,2021-11-19 19:06:22+00:00,0.0,0.0,Neutral
67,RT @FoodInsider: Nestle is teaming up with a vegan startup to develop meatless chicken wings that include realistic skin and bones https://…,en,0,0,2021-11-19 19:01:21+00:00,0.6416666666666666,-0.21666666666666667,Negative
68,RT @FoodInsider: Nestle is teaming up with a vegan startup to develop meatless chicken wings that include realistic skin and bones https://…,en,0,0,2021-11-19 19:00:34+00:00,0.6416666666666666,-0.21666666666666667,Negative
69,RT @FoodInsider: Nestle is teaming up with a vegan startup to develop meatless chicken wings that include realistic skin and bones https://…,en,0,0,2021-11-19 19:00:31+00:00,0.6416666666666666,-0.21666666666666667,Negative
72,Why is everyone like this? They put so much time and energy into getting angry about every single little injustice… https://t.co/UKJcKEotdV,en,1,0,2021-11-19 19:00:05+00:00,0.47857142857142854,-0.13973214285714286,Negative
73,"RT @DanielC55186873: Wearied by its incessant whispering, he ripped that part of his soul out, but now it would nestle inside the ear of fr…",en,0,0,2021-11-19 18:59:56+00:00,0.0,0.0,Neutral
77,"RT @Big_Blue_Empire: $QEDN Big week next week!!
Love to see a PR announcement about production starting for the Nestlé required Tetra Pack.…",en,0,0,2021-11-19 18:58:16+00:00,0.19999999999999998,0.125,Positive
78,Nestle is teaming up with a vegan startup to develop meatless chicken wings that include realistic skin and bones https://t.co/uLxGb0IWmw,en,17,5,2021-11-19 18:58:09+00:00,0.6416666666666666,-0.21666666666666667,Negative
79,"RT @Curious_Indian_: 💎 Multibagger Monopoly Stocks 💎
⚡CDSL
⚡MCX
⚡BSE
⚡IEX
⚡IRCTC
⚡ITC Ltd
⚡EXIDE Ind
⚡Marico
⚡HAL
⚡Pidilite Ind
⚡Nestle
⚡CA…",en,0,0,2021-11-19 18:57:56+00:00,0.0,0.0,Neutral
85,"remember, if you see someone stealing nestle products, no you didn't! https://t.co/ZfrmJqujFF",en,0,0,2021-11-19 18:55:56+00:00,0.0,0.0,Neutral
87,"RT @Curious_Indian_: 💎 Multibagger Monopoly Stocks 💎
⚡CDSL
⚡MCX
⚡BSE
⚡IEX
⚡IRCTC
⚡ITC Ltd
⚡EXIDE Ind
⚡Marico
⚡HAL
⚡Pidilite Ind
⚡Nestle
⚡CA…",en,0,0,2021-11-19 18:55:17+00:00,0.0,0.0,Neutral
88,"$QEDN Big week next week!!
Love to see a PR announcement about production starting for the Nestlé required Tetra Pa… https://t.co/ZH10sbeLpB",en,9,3,2021-11-19 18:55:14+00:00,0.19999999999999998,0.125,Positive
90,RT @__papi_1: Nestle doesn't know codeine is what makes me low.,en,0,0,2021-11-19 18:54:46+00:00,0.3,0.0,Neutral
91,Ready Refresh worst customer service ever!! #nestle #bottled-water #PolandSprings,en,0,0,2021-11-19 18:54:45+00:00,0.75,-0.4,Negative
94,"if literally everyone except the heads of 100 corporations and the US military all DIED tomorrow, over 70% of carbo… https://t.co/uH9uGdpOob",en,0,0,2021-11-19 18:54:00+00:00,0.1,-0.1,Negative
0,"RT @conspiracyb0t: In the 1970s, Nestle sent sales women dressed as nurses and doctors into African villages to convince mothers to forgo b…",en,0,0,2021-11-20 15:29:39+00:00,0.0,0.0,Neutral
1,"RT @conspiracyb0t: In the 1970s, Nestle sent sales women dressed as nurses and doctors into African villages to convince mothers to forgo b…",en,0,0,2021-11-20 15:29:30+00:00,0.0,0.0,Neutral
2,"RT @conspiracyb0t: In the 1970s, Nestle sent sales women dressed as nurses and doctors into African villages to convince mothers to forgo b…",en,0,0,2021-11-20 15:29:02+00:00,0.0,0.0,Neutral
4,RT @Hidden__Truth__: @conspiracyb0t Nestle and Monsanto are corporate branches of the Nazi Fourth Reich.,en,0,0,2021-11-20 15:28:41+00:00,0.0,0.0,Neutral
5,"RT @conspiracyb0t: In the 1970s, Nestle sent sales women dressed as nurses and doctors into African villages to convince mothers to forgo b…",en,0,0,2021-11-20 15:28:38+00:00,0.0,0.0,Neutral
8,"RT @conspiracyb0t: In the 1970s, Nestle sent sales women dressed as nurses and doctors into African villages to convince mothers to forgo b…",en,0,0,2021-11-20 15:28:20+00:00,0.0,0.0,Neutral
9,"RT @conspiracyb0t: In the 1970s, Nestle sent sales women dressed as nurses and doctors into African villages to convince mothers to forgo b…",en,0,0,2021-11-20 15:28:13+00:00,0.0,0.0,Neutral
10,@DubbyFreshWater @EYEAMNEGUS Nestle crunch five O clock shadows is crazy,en,0,0,2021-11-20 15:28:12+00:00,0.9,-0.6,Negative
12,"RT @Forum4theFuture: Based on expert opinions &amp; insights from leading industry partners such as @Unilever, @Nestle, @IngkaGroup &amp; @KCCorp,…",en,0,0,2021-11-20 15:27:56+00:00,0.5,0.0,Neutral
13,RT @FarmPolicy: Nestle invested in a vegan #startup that is trying to mimic #chicken in the most realistic way possible — that includes fak…,en,0,0,2021-11-20 15:27:15+00:00,0.6958333333333333,0.01666666666666667,Positive
14,"RT @conspiracyb0t: In the 1970s, Nestle sent sales women dressed as nurses and doctors into African villages to convince mothers to forgo b…",en,0,0,2021-11-20 15:27:14+00:00,0.0,0.0,Neutral
15,RT @FarmPolicy: Nestle invested in a vegan #startup that is trying to mimic #chicken in the most realistic way possible — that includes fak…,en,0,0,2021-11-20 15:27:14+00:00,0.6958333333333333,0.01666666666666667,Positive
26,"RT @conspiracyb0t: In the 1970s, Nestle sent sales women dressed as nurses and doctors into African villages to convince mothers to forgo b…",en,0,0,2021-11-20 15:24:30+00:00,0.0,0.0,Neutral
28,"RT @conspiracyb0t: In the 1970s, Nestle sent sales women dressed as nurses and doctors into African villages to convince mothers to forgo b…",en,0,0,2021-11-20 15:23:59+00:00,0.0,0.0,Neutral
29,"RT @conspiracyb0t: In the 1970s, Nestle sent sales women dressed as nurses and doctors into African villages to convince mothers to forgo b…",en,0,0,2021-11-20 15:23:55+00:00,0.0,0.0,Neutral
34,RT @PalmOilDetect: @MLaura54 @ElephantsRule @IUCN_AsESG @prdthailand @buddhistcentre @Tatnews_Org @pakhead @ukinthailand Hi Laura use your…,en,0,0,2021-11-20 15:23:19+00:00,0.0,0.0,Neutral
35,"RT @conspiracyb0t: In the 1970s, Nestle sent sales women dressed as nurses and doctors into African villages to convince mothers to forgo b…",en,0,0,2021-11-20 15:23:03+00:00,0.0,0.0,Neutral
36,RT @PalmOilDetect: @MLaura54 @ElephantsRule @IUCN_AsESG @prdthailand @buddhistcentre @Tatnews_Org @pakhead @ukinthailand Hi Laura use your…,en,0,0,2021-11-20 15:22:58+00:00,0.0,0.0,Neutral
37,"RT @conspiracyb0t: In the 1970s, Nestle sent sales women dressed as nurses and doctors into African villages to convince mothers to forgo b…",en,0,0,2021-11-20 15:22:49+00:00,0.0,0.0,Neutral
41,Pure Life by Nestle farms. https://t.co/YfKLY7WEhS,en,0,0,2021-11-20 15:21:25+00:00,0.5,0.21428571428571427,Positive
42,"RT @conspiracyb0t: In the 1970s, Nestle sent sales women dressed as nurses and doctors into African villages to convince mothers to forgo b…",en,0,0,2021-11-20 15:21:13+00:00,0.0,0.0,Neutral
43,"RT @conspiracyb0t: In the 1970s, Nestle sent sales women dressed as nurses and doctors into African villages to convince mothers to forgo b…",en,0,0,2021-11-20 15:20:59+00:00,0.0,0.0,Neutral
45,"RT @conspiracyb0t: In the 1970s, Nestle sent sales women dressed as nurses and doctors into African villages to convince mothers to forgo b…",en,0,0,2021-11-20 15:20:41+00:00,0.0,0.0,Neutral
50,@aimlab nestle,en,0,0,2021-11-20 15:19:23+00:00,0.0,0.0,Neutral
51,"RT @conspiracyb0t: In the 1970s, Nestle sent sales women dressed as nurses and doctors into African villages to convince mothers to forgo b…",en,0,0,2021-11-20 15:19:19+00:00,0.0,0.0,Neutral
52,This. The Nestle greed is astounding. I am sure they are just one of many companies whose ethics should be held acc… https://t.co/1o26Og0TjR,en,1,0,2021-11-20 15:19:12+00:00,0.7962962962962963,0.5333333333333333,Positive
53,"RT @conspiracyb0t: In the 1970s, Nestle sent sales women dressed as nurses and doctors into African villages to convince mothers to forgo b…",en,0,0,2021-11-20 15:18:49+00:00,0.0,0.0,Neutral
55,"RT @conspiracyb0t: In the 1970s, Nestle sent sales women dressed as nurses and doctors into African villages to convince mothers to forgo b…",en,0,0,2021-11-20 15:18:42+00:00,0.0,0.0,Neutral
59,"RT @conspiracyb0t: In the 1970s, Nestle sent sales women dressed as nurses and doctors into African villages to convince mothers to forgo b…",en,0,0,2021-11-20 15:17:57+00:00,0.0,0.0,Neutral
60,"RT @conspiracyb0t: In the 1970s, Nestle sent sales women dressed as nurses and doctors into African villages to convince mothers to forgo b…",en,0,0,2021-11-20 15:17:36+00:00,0.0,0.0,Neutral
61,"RT @conspiracyb0t: In the 1970s, Nestle sent sales women dressed as nurses and doctors into African villages to convince mothers to forgo b…",en,0,0,2021-11-20 15:17:21+00:00,0.0,0.0,Neutral
65,RT @PalmOilDetect: @BrutoMeyer @griffjane @CheetahGirl001 @SWraggett @orangutans @griffin_ghia @orangulandtrust @Augenzeuge2 @kaffiene_nz @…,en,0,0,2021-11-20 15:16:00+00:00,0.0,0.0,Neutral
66,"RT @conspiracyb0t: In the 1970s, Nestle sent sales women dressed as nurses and doctors into African villages to convince mothers to forgo b…",en,0,0,2021-11-20 15:15:38+00:00,0.0,0.0,Neutral
68,Fake meat is often eaten on plant based dieters. Plant based dieters also take supplements to combat the nutritiona… https://t.co/yzSFff9PdO,en,0,0,2021-11-20 15:14:45+00:00,1.0,-0.5,Negative
72,"RT @conspiracyb0t: In the 1970s, Nestle sent sales women dressed as nurses and doctors into African villages to convince mothers to forgo b…",en,0,0,2021-11-20 15:13:48+00:00,0.0,0.0,Neutral
75,"RT @bsksrivastava: 🛒Top SIP stocks :
1. Bajaj Finance
2. HDFC Bank
3. TCS
4. Asian Paints
5. Nestle
6. HUL",en,0,0,2021-11-20 15:13:07+00:00,0.0,0.0,Neutral
76,RT @changeist: When will we evolve away from animal skeuomorphs? https://t.co/Z4KptETnQF,en,0,0,2021-11-20 15:12:04+00:00,0.0,0.0,Neutral
79,RT @BeavenJill: Guess what @Nestle @CadburyUK I nolonger eat your #chocolate as u cause #deforestation for #palmoil and #cocoa. Stop this r…,en,0,0,2021-11-20 15:11:30+00:00,0.0,0.0,Neutral
80,"RT @conspiracyb0t: In the 1970s, Nestle sent sales women dressed as nurses and doctors into African villages to convince mothers to forgo b…",en,0,0,2021-11-20 15:11:24+00:00,0.0,0.0,Neutral
82,"RT @euronewsgreen: Palm oil companies have boasted about using child labour and beating local workers in Papua New Guinea, a major investig…",en,0,0,2021-11-20 15:11:20+00:00,0.3181818181818182,0.06628787878787878,Positive
86,"RT @conspiracyb0t: In the 1970s, Nestle sent sales women dressed as nurses and doctors into African villages to convince mothers to forgo b…",en,0,0,2021-11-20 15:10:03+00:00,0.0,0.0,Neutral
88,"RT @conspiracyb0t: In the 1970s, Nestle sent sales women dressed as nurses and doctors into African villages to convince mothers to forgo b…",en,0,0,2021-11-20 15:09:25+00:00,0.0,0.0,Neutral
89,"RT @conspiracyb0t: In the 1970s, Nestle sent sales women dressed as nurses and doctors into African villages to convince mothers to forgo b…",en,0,0,2021-11-20 15:09:24+00:00,0.0,0.0,Neutral
93,"RT @BMHLTD: #DDDD $LBPS

It hasn’t always been plain sailing for $MCRB but they have attracted huge investment with an inferior pipeline. I…",en,0,0,2021-11-20 15:07:31+00:00,0.6285714285714286,0.0928571428571429,Positive
95,@victorious_4Lif @conspiracyb0t @Nestle Lol are u asking the criminals to admit to their crimes? Like Epstein being… https://t.co/nqN2Cs5vgw,en,0,0,2021-11-20 15:07:18+00:00,0.7,0.8,Positive
97,"RT @conspiracyb0t: In the 1970s, Nestle sent sales women dressed as nurses and doctors into African villages to convince mothers to forgo b…",en,0,0,2021-11-20 15:06:32+00:00,0.0,0.0,Neutral
99,"RT @DanielC55186873: Wearied by its incessant whispering, he ripped that part of his soul out, but now it would nestle inside the ear of fr…",en,0,0,2021-11-20 15:06:25+00:00,0.0,0.0,Neutral
10,"RT @IainJamsandwich: @CocaCola_GB https://t.co/Dhtj7wxpqX

Anything to say?",en,0,0,2021-11-21 08:33:51+00:00,0.0,0.0,Neutral
18,"RT @euronewsgreen: Palm oil companies have boasted about using child labour and beating local workers in Papua New Guinea, a major investig…",en,0,0,2021-11-21 08:32:57+00:00,0.3181818181818182,0.06628787878787878,Positive
20,"RT @Henrik_Palmgren: A new Schwab/WEF narrative just dropped. ""The Great Narrative"" was launched at a World Economic Forum event in the Uni…",en,0,0,2021-11-21 08:32:38+00:00,0.4681818181818182,0.37878787878787884,Positive
25,Nestle Health Science Partners with Healint to Initiate a Fully Virtual Study on Ketogenic Treatment for Migraines,en,0,0,2021-11-21 08:31:22+00:00,0.0,0.0,Neutral
36,RT @PalmOilDetect: @year5phoenix @RSPOtweets @MayorLpool @DirEd_Liverpool @sreddy100 @chesterzoo @GretaThunberg @BBCNews @CheyenneMtnZoo @g…,en,0,0,2021-11-21 08:29:40+00:00,0.0,0.0,Neutral
37,RT @PalmOilDetect: @year5phoenix @RSPOtweets @MayorLpool @DirEd_Liverpool @sreddy100 @chesterzoo @GretaThunberg @BBCNews @CheyenneMtnZoo @g…,en,0,0,2021-11-21 08:29:38+00:00,0.0,0.0,Neutral
47,@PalmOilDetect @year5phoenix @RSPOtweets @MayorLpool @DirEd_Liverpool @sreddy100 @chesterzoo @GretaThunberg… https://t.co/u6IOfzBVHQ,en,0,0,2021-11-21 08:28:02+00:00,0.0,0.0,Neutral
48,@PalmOilDetect @year5phoenix @RSPOtweets @MayorLpool @DirEd_Liverpool @sreddy100 @chesterzoo @GretaThunberg… https://t.co/TbcOk10Zvr,en,0,0,2021-11-21 08:27:56+00:00,0.0,0.0,Neutral
58,RT @PalmOilDetect: @year5phoenix @RSPOtweets @MayorLpool @DirEd_Liverpool @sreddy100 @chesterzoo @GretaThunberg @BBCNews @CheyenneMtnZoo @g…,en,0,0,2021-11-21 08:26:52+00:00,0.0,0.0,Neutral
59,RT @PalmOilDetect: @year5phoenix @RSPOtweets @MayorLpool @DirEd_Liverpool @sreddy100 @chesterzoo @GretaThunberg @BBCNews @CheyenneMtnZoo @g…,en,0,0,2021-11-21 08:26:50+00:00,0.0,0.0,Neutral
60,"RT @Henrik_Palmgren: A new Schwab/WEF narrative just dropped. ""The Great Narrative"" was launched at a World Economic Forum event in the Uni…",en,0,0,2021-11-21 08:26:44+00:00,0.4681818181818182,0.37878787878787884,Positive
73,"RT @conspiracyb0t: In the 1970s, Nestle sent sales women dressed as nurses and doctors into African villages to convince mothers to forgo b…",en,0,0,2021-11-21 08:23:51+00:00,0.0,0.0,Neutral
80,"RT @Henrik_Palmgren: A new Schwab/WEF narrative just dropped. ""The Great Narrative"" was launched at a World Economic Forum event in the Uni…",en,0,0,2021-11-21 08:22:36+00:00,0.4681818181818182,0.37878787878787884,Positive
84,"Medical Nutrition Market: Size, Growth, Forecast, Business Outlook 2021-2027 - Energy Siren https://t.co/AdivRdzycr",en,0,0,2021-11-21 08:22:00+00:00,0.0,0.0,Neutral
85,Nestle Health Science Partners with Healint to Initiate a Fully Virtual Study on Ketogenic ... https://t.co/AXrsw5oeJ9,en,0,0,2021-11-21 08:21:56+00:00,0.0,0.0,Neutral
86,Nestle-backed vegan wing startup raises $4 million https://t.co/Q9kkL1dFVg,en,0,0,2021-11-21 08:21:36+00:00,0.0,0.0,Neutral
94,@lemonroohafza I hope they dont get a straw when the buy nestle juice pack,en,0,0,2021-11-21 08:20:44+00:00,0.0,0.0,Neutral
99,"Nestlé CERELAC Fortified Baby Cereal with Milk, Wheat Apple Carrot – From 6 Months, 300g BIB Pack
         https://t.co/mtNES8zIqN",en,0,0,2021-11-21 08:19:40+00:00,0.0,0.0,Neutral
0,RT @AnAmericanTeac1: @MDLZ @Nestle @Unilever @Jnjcares @cussonspro @Pepsi @CocaCola and more cause #deforestation #humanrights abuses for #…,en,0,0,2021-11-22 07:30:28+00:00,0.5,0.5,Positive
7,RT @PalmOilDetect: The violence and land-grabbing in Guatemala is connected to @RSPOtweets member NaturAceites they  use so-called 'sustain…,en,0,0,2021-11-22 07:27:37+00:00,0.0,0.0,Neutral
20,"Job Alert
Nestle Company Engineering is hiring Sales Operations Executive
Interested candidates can apply by creati… https://t.co/NdzMQbB3lP",en,0,0,2021-11-22 07:22:40+00:00,0.5,0.25,Positive
23,Nestle got the best water,en,0,0,2021-11-22 07:21:31+00:00,0.3,1.0,Positive
41,RT @AICPDF: @adityakalra @Reuters @FMCGbrands @CAITIndia @praveendel @HUL_News @Nestle @Reckitt @ColgateIndia @BritanniaIndLtd @ITCCorpCom…,en,0,0,2021-11-22 07:17:01+00:00,0.0,0.0,Neutral
50,RT @PalmOilDetect: The violence and land-grabbing in Guatemala is connected to @RSPOtweets member NaturAceites they  use so-called 'sustain…,en,0,0,2021-11-22 07:15:41+00:00,0.0,0.0,Neutral
53,"RT @MILOSouthAfrica: Are you ready for our NEW look? We still have the same great NESTLÉ MILO Choco-Malt taste that you love, to keep you g…",en,0,0,2021-11-22 07:15:32+00:00,0.48590909090909096,0.32727272727272727,Positive
59,RT @PalmOilDetect: Buy #palmoilfree and #boycott all @KelloggCompany @MDLZ @Nestle @fererro_EU @Unilever @CP_news @danone as their #palmoil…,en,0,0,2021-11-22 07:14:34+00:00,0.0,0.0,Neutral
68,"#GroceryGourmetFoodsDeal 

Buy this amazing 'Nestle Everyday Dairy Whitener, Milk Powder for Tea, 1Kg Pouch' at jus… https://t.co/eZ8dkTYq1o",en,1,0,2021-11-22 07:12:53+00:00,0.75,0.20000000000000004,Positive
84,RT @PalmOilDetect: The violence and land-grabbing in Guatemala is connected to @RSPOtweets member NaturAceites they  use so-called 'sustain…,en,0,0,2021-11-22 07:09:58+00:00,0.0,0.0,Neutral
90,"@kncbe @Health_Z_Wealth Nestle, Britannia, Dabur 

Consumables are FOREVER  !!",en,0,0,2021-11-22 07:08:03+00:00,0.0,0.0,Neutral
91,Ha ha ha. Amazing nonsense. Mr. @srinathraghava3 have you worked in the FMCG sector in India? Any clue on how FMCG… https://t.co/fVg8mqmaRo,en,1,0,2021-11-22 07:07:58+00:00,0.9,0.6000000000000001,Positive
97,RT @PalmOilDetect: Buy #palmoilfree and #boycott all @KelloggCompany @MDLZ @Nestle @fererro_EU @Unilever @CP_news @danone as their #palmoil…,en,0,0,2021-11-22 07:05:27+00:00,0.0,0.0,Neutral
2,@OshawottKing23 @TheFunny_mp4 Africans when nestle workers arrive,en,0,0,2021-11-23 18:44:54+00:00,0.0,0.0,Neutral
3,"wow
Nestlé: The Most Evil Business in the World https://t.co/Std0ofIe6e via @YouTube",en,0,0,2021-11-23 18:44:18+00:00,0.8333333333333334,-0.13333333333333333,Negative
7,"@KlausIohannis @AClearUmbrella 

United Nations World Food Programme (WFP) - https://t.co/cRpeSuU2Zw… https://t.co/oUSuQNs9Ss",en,0,0,2021-11-23 18:43:47+00:00,0.0,0.0,Neutral
8,"@HammondTwain Braising liquid was 2 cups red wine, 1 cup chicken stock, and 2 Tbsp honey. After deglazing nestle ra… https://t.co/hFk6cRjy90",en,1,0,2021-11-23 18:43:19+00:00,0.475,-0.3,Negative
14,"RT @espioj: Nestle is #hiring! AUTOMATION &amp; INSTRUMENTATION ENGINEER #jobtube #ghana #vacancy #jobseekers #jobsearch #employment @Nestle

👉…",en,0,0,2021-11-23 18:40:42+00:00,0.0,0.0,Neutral
16,"🚨JUST IN: 
@cocacola
@PepsiCo
@Unilever
@Nestle
@ProcterGamble
are the
Top 5 Corporate Plastic Polluters of 2021🚨… https://t.co/FjJmlITLWu",en,0,0,2021-11-23 18:38:59+00:00,0.25,0.25,Positive
22,@vegwomensummit @Nestle @SundialFoods Smart. The future is #plantbased.,en,0,0,2021-11-23 18:35:43+00:00,0.38392857142857145,0.10714285714285714,Positive
26,@StocktwitsIndia Nestle,en,0,0,2021-11-23 18:34:42+00:00,0.0,0.0,Neutral
29,RT @ToddPlaster3: Yes iam allergic to titanium metals in my body think about it iam my bloodline DNA 1 percent of the population I cant hav…,en,0,0,2021-11-23 18:33:57+00:00,0.0,0.0,Neutral
30,Yes iam allergic to titanium metals in my body think about it iam my bloodline DNA 1 percent of the population I ca… https://t.co/PGj35pajes,en,1,1,2021-11-23 18:33:51+00:00,0.0,0.0,Neutral
32,"RT @Big_Blue_Empire: $QEDN Look for production to start any day for the Tetra Pack beverage Nestlé required.
Official PR could causes a dou…",en,0,0,2021-11-23 18:32:31+00:00,0.0,0.0,Neutral
36,"#AirDriedFood Market for B2B Will Hit $114 Billion by 2026: Global Market Insights, Inc.
Key Players - Nestle S.A.,… https://t.co/vrRqzQNm89",en,0,0,2021-11-23 18:30:23+00:00,0.5,0.0,Neutral
41,@jonathanizard What isn't it? PepsiCo? Nestle?,en,0,0,2021-11-23 18:25:27+00:00,0.0,0.0,Neutral
43,"RT @e4mevents: Thank You to the wonderful grand jury for the great support #e4midea 

@TataMotors @titanwatches @ashwinielephant  @WolffOli…",en,0,0,2021-11-23 18:24:36+00:00,0.9166666666666666,0.7666666666666666,Positive
44,"RT @storyofstuff: Imagine how quickly the plastic crisis would be solved if major polluters like Nestle, Coca-Cola, and Unilever were fined…",en,0,0,2021-11-23 18:24:16+00:00,0.5,0.19791666666666666,Positive
50,"RT @e4mevents: Thank You to the wonderful grand jury for the great support #e4midea 

@TataMotors @titanwatches @ashwinielephant  @WolffOli…",en,0,0,2021-11-23 18:19:54+00:00,0.9166666666666666,0.7666666666666666,Positive
51,"@Reet_Sihota @Devinder_Sharma Thanks for proving my point too mam,kerela with no apmc still has a better  farmer PC… https://t.co/jKAF0ICDSj",en,0,0,2021-11-23 18:18:45+00:00,0.35,0.35,Positive
52,@rusticfem Oh my... My mom had something similar but they just ripped out pieces of her flesh with it😖 It wasn't li… https://t.co/RIN2DIZvLL,en,0,0,2021-11-23 18:17:51+00:00,0.4,0.0,Neutral
53,@GeekMomProjects @theavalkyrie @adafruit You would be the consulting expert I would say. @kattni is doing that for… https://t.co/oGK9wMhdK0,en,1,0,2021-11-23 18:17:38+00:00,0.0,0.0,Neutral
55,"New open platform provides access to diet-related health data for more than 190 countries
https://t.co/yE5KHdOe9H",en,0,0,2021-11-23 18:17:03+00:00,0.48484848484848486,0.21212121212121213,Positive
64,Nestlé’s aggressive e-commerce target won’t be without challenges https://t.co/hX5WGc7uuZ,en,0,0,2021-11-23 18:13:44+00:00,0.0,0.0,Neutral
65,@_txjosh Mad cuz u ain’t wanna add sun nestle to it,en,0,0,2021-11-23 18:13:07+00:00,1.0,-0.625,Negative
66,@nestle_coco Is my bf here too?,en,1,0,2021-11-23 18:12:39+00:00,0.0,0.0,Neutral
74,I'm just realising Elim 50cl Bottle water has been reduced in size yet the price has gone higher.. no be ment be th… https://t.co/hgnsRW20YC,en,0,0,2021-11-23 18:07:21+00:00,0.5,0.25,Positive
76,"I wonder why @Nestle continues to make chocolate Boosts?

I’m positive they see that this product sits on every stores shelf.",en,0,0,2021-11-23 18:05:53+00:00,0.5454545454545454,0.22727272727272727,Positive
78,"Nestlé CERELAC Baby Cereal with Milk, 5 Grains &amp; Fruits – From 18 to 24 Months, 300g BIB Pack https://t.co/vNal1LWh2K",en,0,0,2021-11-23 18:03:55+00:00,0.0,0.0,Neutral
85,"RT @gburton: That original team, @ByIanJames @jaymcalderon @Jill_Castellano among them, produced critically important stories about permits…",en,0,0,2021-11-23 18:02:55+00:00,0.875,0.3875,Positive
86,"RT @s_globalist: Marc Benioff, Chair and Chief Executive Officer, Salesforce

Thomas Buberl, CEO, AXA

Laurence Fink, Chairman &amp; CEO, Black…",en,0,0,2021-11-23 18:02:29+00:00,0.0,0.0,Neutral
87,First Nestle and now Kellogs has gone on my No Buy list! https://t.co/aGUGnKDstu,en,1,0,2021-11-23 18:02:22+00:00,0.3333333333333333,0.3125,Positive
89,3.3 @CharityMiles for @charitywater sponsored by a company owned by water stealing Nestle https://t.co/RbsZgjGHZO,en,0,0,2021-11-23 17:59:53+00:00,0.0,0.0,Neutral
