,tweet,language,likes,retweets,datetime,Subjectivity,Polarity,Analysis
2,"RT @ashishnahata: @hvgoenka NTPC profit ₹15319 cr, DE ratio 1.6, Dividend yield 4.58, Market Cap 1.30 lac cr.
In the same sector Adani Gree…",en,0,0,2021-11-16 19:33:55+00:00,0.125,0.0,Neutral
3,"RT @SKMondalIES: NTPC please release waiting list for recruitment of E1 grade officers through GATE 2021 @ntpclimited 
#Recruitment_05_21",en,0,0,2021-11-16 19:33:36+00:00,0.0,0.0,Neutral
4,"NTPC Recruitment 2021: Apart from salary, the selected candidates will get HRA and other facilities. Apply now on… https://t.co/oMgk2c1XeE",en,1,0,2021-11-16 19:17:24+00:00,0.375,-0.125,Negative
7,@AshwiniVaishnaw @PMOIndia @narendramodi @BJP4MP @ChouhanShivraj @PIB_India @DDNewslive Ntpc result and group d exam pe b dhyan do sir,en,0,0,2021-11-16 18:45:18+00:00,0.0,0.0,Neutral
9,"RT @Everydaynew__: When the exam will conduct
Plzz support everyone.

@AshwiniVaishnaw
@narendramodi #speakupforrailwaystudents
#rrb_ntpc_c…",en,0,0,2021-11-16 18:35:35+00:00,0.0,0.0,Neutral
12,"@beinglimitlesss This is huge positive for Inox Wind , Suzlon. Govt has recommended a mix of Solar and Wind in park… https://t.co/4AmETgBzR9",en,0,0,2021-11-16 18:28:41+00:00,0.7227272727272727,0.31363636363636366,Positive
13,"RT @BusinessNewsPo1: #Sensex Down 396.34 Points (0.65%) to close at 60322.37 , Today's High - 60802.79 , Today's Low - 60199.56 
Top 5 Lose…",en,0,0,2021-11-16 18:05:41+00:00,0.4072222222222222,0.12611111111111112,Positive
14,RT @rjreturns3: Online application for selection of Jr. Clerk &amp; Sr. Clerk under GDCE quota Notification RRC/CR/GDCE-02/2019 dated 18/12/201…,en,0,0,2021-11-16 17:55:00+00:00,0.0,0.0,Neutral
15,"#Sensex Down 396.34 Points (0.65%) to close at 60322.37 , Today's High - 60802.79 , Today's Low - 60199.56 
Top 5 L… https://t.co/v3t04Cq7Ns",en,0,1,2021-11-16 17:47:34+00:00,0.4072222222222222,0.12611111111111112,Positive
16,"RT @ashishnahata: @hvgoenka NTPC profit ₹15319 cr, DE ratio 1.6, Dividend yield 4.58, Market Cap 1.30 lac cr.
In the same sector Adani Gree…",en,0,0,2021-11-16 17:38:33+00:00,0.125,0.0,Neutral
17,"RT @srivatsayb: Nehru built AIIMS
Nehru built IIMs
Nehru built IITs/NITs
Nehru built SAIL/BEL/BHEL
Nehru built LIC/ONGC/NTPC
Nehru built DR…",en,0,0,2021-11-16 17:36:53+00:00,0.0,0.0,Neutral
20,"Rest Losers
#UltraTechCement Down 2.09%
#NTPC Loses 2.08%
#IndusindBank Slips 1.98%
#Grasim Falls 1.76%
#Cipla Drop… https://t.co/WIlFD8YsR3",en,0,0,2021-11-16 17:30:40+00:00,0.1962962962962963,-0.21851851851851856,Negative
23,"NTPC Limited Invites Application for 15 Executive Recruitment 2021 
 Executive (Hydro): INR60000 

 https://t.co/a7oMCM6ugN",en,0,0,2021-11-16 17:23:32+00:00,0.14285714285714285,-0.07142857142857142,Negative
24,"RT @shivaji_1983: Giving couple of Deepawali Crackers👇
Expecting some fireworks in these stocks going forward with 1-2 months view

Can be…",en,0,0,2021-11-16 17:21:09+00:00,0.0,0.0,Neutral
27,RT @rjreturns3: Online application for selection of Jr. Clerk &amp; Sr. Clerk under GDCE quota Notification RRC/CR/GDCE-02/2019 dated 18/12/201…,en,0,0,2021-11-16 17:08:29+00:00,0.0,0.0,Neutral
28,"RT @ntpclimited: At this school in NTPC Vindhyachal
the students are #ambidextrous, (can write with both hands) an #art acquired with #prac…",en,0,0,2021-11-16 17:08:29+00:00,0.0,0.0,Neutral
29,Online application for selection of Jr. Clerk &amp; Sr. Clerk under GDCE quota Notification RRC/CR/GDCE-02/2019 dated 1… https://t.co/Rvcjx2nyIO,en,1,2,2021-11-16 17:08:11+00:00,0.0,0.0,Neutral
30,"RT @TheAPONews: How can #APO projects directly lead to visible #productivity? As a trainer at NTPC, Amrish Narayan of Fiji has inspired oth…",en,0,0,2021-11-16 17:07:03+00:00,0.4,0.1,Positive
31,Thread done 3/4 discarded 1/4 carry ( #ntpc SL - 136.20 ),en,0,0,2021-11-16 17:03:39+00:00,0.0,0.0,Neutral
34,NTPC extends collaboration with Archery Association of India by three years - PSU Connect https://t.co/fy1hhkblqp,en,0,0,2021-11-16 17:00:02+00:00,0.0,0.0,Neutral
35,"RT @SKMondalIES: NTPC please release waiting list for recruitment of E1 grade officers through GATE 2021 @ntpclimited 
#Recruitment_05_21",en,0,0,2021-11-16 16:59:14+00:00,0.0,0.0,Neutral
36,"@JoshiPralhad @secl_cil More #coal for #India 

Billions of dollars more revenue for #railway #NTPC #Adani and all… https://t.co/KSkZ7dP65c",en,0,0,2021-11-16 16:58:44+00:00,0.5,0.5,Positive
38,"RT @MukeshK99073281: @PiyushGoyal 
@RailMinIndia 
@PMOIndia 

Our current government is always talking about the youth and digital India.…",en,0,0,2021-11-16 16:52:24+00:00,0.2,0.0,Neutral
39,@RailMinIndia @RRBKOLKATA @PMOIndia @narendramodi Oh! My Lord. My girlfriend's wedding relations are coming  in her… https://t.co/LLSfxia3OJ,en,0,0,2021-11-16 16:47:32+00:00,0.0,0.0,Neutral
40,"#railway_groupd_examdate
Meanwhile students waiting for GROUP D exam date and NTPC CBT-1 result 
@GaganPratapMath https://t.co/lvvfOfhisV",en,2,0,2021-11-16 16:44:30+00:00,0.0,0.0,Neutral
45,"Stock Price Range for TD 17-Nov-2021 #NTPC
  
Estimate for Trend Up Day
Low = 134.5 &amp; High = 139.3
  
Estimate for… https://t.co/2cRwbaJcVK",en,0,0,2021-11-16 16:23:34+00:00,0.41999999999999993,0.08,Positive
50,"@PTI_News
@PMOIndia
Appeal 4 site visit of #NTPC.
RAMMAM HYDRO ELECTRIC PROJECT
located at #DARJELLING  #SIKKIM bor… https://t.co/wdpW0O5uq0",en,0,0,2021-11-16 16:10:30+00:00,0.0,0.0,Neutral
51,@beinglimitlesss Will this impact ntpc,en,0,0,2021-11-16 16:09:14+00:00,0.0,0.0,Neutral
53,"RT @SKMondalIES: NTPC please release waiting list for recruitment of E1 grade officers through GATE 2021 @ntpclimited 
#Recruitment_05_21",en,0,0,2021-11-16 16:06:47+00:00,0.0,0.0,Neutral
54,"@AshwiniVaishnaw @RailMinIndia @RailwaySeva why government is inept to conduct  RRB NTPC and RRB group D exams. 
10… https://t.co/2i9vncPVyP",en,0,0,2021-11-16 16:02:17+00:00,0.0,0.0,Neutral
59,"RT @MukeshK99073281: @PiyushGoyal 
@RailMinIndia 
@PMOIndia 

Our current government is always talking about the youth and digital India.…",en,0,0,2021-11-16 15:32:59+00:00,0.2,0.0,Neutral
61,"Thanks @NidhiTanejaa
#RRB_GROUPD_EXAMDATE #rrb_ntpc_result @RailMinIndia https://t.co/rWazWQXi00",en,0,0,2021-11-16 15:30:44+00:00,0.2,0.2,Positive
63,RT @anantku246: @AshwiniVaishnaw @PMOIndia @narendramodi @BJP4MP @ChouhanShivraj @PIB_India @DDNewslive Railway ntpc or group d ka kab hoga…,en,0,0,2021-11-16 15:28:40+00:00,0.0,0.0,Neutral
65,RT @syaduvanshii0: @AshwiniVaishnaw @PMOIndia @narendramodi @BJP4MP @ChouhanShivraj @PIB_India @DDNewslive group d k exam or ntpc ka result…,en,0,0,2021-11-16 15:27:13+00:00,0.0,0.0,Neutral
68,"RT @NSEIndia: Congratulations NTPC Limited on completing 17 years of listing on NSE, a company built on the values of integrity, mutual res…",en,0,0,2021-11-16 15:26:26+00:00,0.14285714285714285,-0.07142857142857142,Negative
69,@narendramodi Sir #RRBNTPC #RRB_GROUPD_EXAMDATE #rrb_ntpc_result   railway exams ki bhi glimpse krwa do,en,0,0,2021-11-16 15:26:10+00:00,0.0,0.0,Neutral
70,NTPC Executive Recruitment 2021 – NTPC 15 Executive (Hydro) Vacancy https://t.co/20C7pNOckE,en,0,0,2021-11-16 15:25:35+00:00,0.0,0.0,Neutral
71,"@PiyushGoyal 
@RailMinIndia 
@PMOIndia 

Our current government is always talking about the youth and digital India… https://t.co/PbFPuQNJw7",en,2,2,2021-11-16 15:20:33+00:00,0.2,0.0,Neutral
72,RT @ExcelsiorComsoc: NTPC Ltd and Indian Oil signed a MoU to collaborate in the field of renewable energy &amp; mutually explore opportunities…,en,0,0,2021-11-16 15:20:13+00:00,0.0,0.0,Neutral
79,"Our current government is always talking about the youth and digital India.

In digital India youths are waiting fo… https://t.co/88juVgrKNq",en,0,0,2021-11-16 15:12:09+00:00,0.13333333333333333,0.0,Neutral
84,"@CeoNoida 
Sir, 
I have a flat in Gardenia glory - sector 46 , Noida booked when I was in service in NTPC. I have s… https://t.co/qFyAkzu7Rw",en,0,0,2021-11-16 14:57:27+00:00,0.125,-0.025,Negative
88,"RT @kunalpratap1507: Thank you Nidhi Taneja Ji to become voice of lakhs of people. 
#RRB_GROUPD_EXAMDATE 
#rrb_ntpc_cbt1_result 
#rrb_ntpc_…",en,0,0,2021-11-16 14:50:18+00:00,0.0,0.0,Neutral
90,"RT @ntpclimited: Shri R K Singh, Hon'ble Union Minister of Power, New &amp; Renewable Energy, addressing employees  on the occasion of 47th Rai…",en,0,0,2021-11-16 14:34:55+00:00,0.45454545454545453,0.13636363636363635,Positive
91,RT @airnewsalerts: Power Minister @RajKSinghIndia addresses 47th Raising Day of NTPC; Says that NTPC is a special company and it is the lar…,en,0,0,2021-11-16 14:34:51+00:00,0.5714285714285714,0.35714285714285715,Positive
92,RT @PIBAgartala: NTPC needs to keep growing as the demand for energy in India also increasing at a rapid pace: Power Minister Shri RK Singh…,en,0,0,2021-11-16 14:34:47+00:00,0.0,0.0,Neutral
93,RT @MinOfPower: NTPC needs to keep growing as the demand for energy in India also increasing at a rapid pace: Power Minister Shri RK Singh…,en,0,0,2021-11-16 14:34:37+00:00,0.0,0.0,Neutral
94,"RT @NSEIndia: Congratulations NTPC Limited on completing 17 years of listing on NSE, a company built on the values of integrity, mutual res…",en,0,0,2021-11-16 14:34:12+00:00,0.14285714285714285,-0.07142857142857142,Negative
95,"RT @PBNS_India: Union Minister of Power and New &amp; Renewable Energy, @OfficeOfRKSingh lauds NTPC's contribution; states it needs to keep gro…",en,0,0,2021-11-16 14:34:02+00:00,0.45454545454545453,0.13636363636363635,Positive
96,"RT @Powerline_Mag: ""Getting Real with Hydrogen""
A special guest article for the 25th anniversary issue of Power Line Magazine, by Gurdeep S…",en,0,0,2021-11-16 14:33:57+00:00,0.4357142857142857,0.2785714285714286,Positive
97,"RT @ntpclimited: At this school in NTPC Vindhyachal
the students are #ambidextrous, (can write with both hands) an #art acquired with #prac…",en,0,0,2021-11-16 14:33:53+00:00,0.0,0.0,Neutral
98,RT @ntpclimited: NTPC in collaboration with @IndianOilcl to expand footprint in Renewable Energy &amp; mutually explore opportunities for the s…,en,0,0,2021-11-16 14:33:27+00:00,0.0,0.0,Neutral
99,"RT @ntpclimited: NVVN Ltd, a wholly-owned subsidiary of NTPC Ltd to set up solid waste management plant in Ramana, Varanasi to turn segrega…",en,0,0,2021-11-16 14:33:22+00:00,0.05,-0.1,Negative
0,RT @deepakk48905178: #railway_groupd_examdate do ntpc cbt1 result  @narendramodi @ANI @AshwiniVaishnaw  @RailMinIndia @gmscrailway,en,0,0,2021-11-17 20:00:58+00:00,0.0,0.0,Neutral
1,#NTPC - NTPC TREND REVERSAL TO BULLISH - TradingView - https://t.co/7OYOUHiUn0,en,0,0,2021-11-17 19:50:02+00:00,0.0,0.0,Neutral
4,"RT @SumitResearch: Tomorrow is #historical day

#PayTmIPO #listing

Approx Mcap at Flat listing would be 1.40 Lk Cr 

At This Mcap it would…",en,0,0,2021-11-17 19:03:44+00:00,0.0625,-0.0125,Negative
5,Indian Oil and NTPC ink deal to collaborate on green energy https://t.co/93b1z7VeDw,en,0,0,2021-11-17 19:00:43+00:00,0.3,-0.2,Negative
6,"RT @srivatsayb: Nehru built AIIMS
Nehru built IIMs
Nehru built IITs/NITs
Nehru built SAIL/BEL/BHEL
Nehru built LIC/ONGC/NTPC
Nehru built DR…",en,0,0,2021-11-17 18:56:24+00:00,0.0,0.0,Neutral
8,"RT @srivatsayb: Nehru built AIIMS
Nehru built IIMs
Nehru built IITs/NITs
Nehru built SAIL/BEL/BHEL
Nehru built LIC/ONGC/NTPC
Nehru built DR…",en,0,0,2021-11-17 18:54:30+00:00,0.0,0.0,Neutral
9,"RT @ashishnahata: @hvgoenka NTPC profit ₹15319 cr, DE ratio 1.6, Dividend yield 4.58, Market Cap 1.30 lac cr.
In the same sector Adani Gree…",en,0,0,2021-11-17 18:45:30+00:00,0.125,0.0,Neutral
10,"Tomorrow is #historical day

#PayTmIPO #listing

Approx Mcap at Flat listing would be 1.40 Lk Cr 

At This Mcap it… https://t.co/1xvx3hBtRD",en,0,0,2021-11-17 18:41:12+00:00,0.0625,-0.0125,Negative
11,"RT @MaheshS68098887: 1) RRB NTPC CBT1 RESULT
2) RRB GROUP D EXAM DATE
3) UPSC IRMS VACANCY
#RRBNTPC
#RRB_GROUPD_EXAMDATE
#conduct_irms #IRM…",en,0,0,2021-11-17 18:37:39+00:00,0.0,0.0,Neutral
12,"RT @MaheshS68098887: 1) RRB NTPC CBT1 RESULT
2) RRB GROUP D EXAM DATE
3) UPSC IRMS VACANCY
#RRBNTPC
#RRB_GROUPD_EXAMDATE
#conduct_irms #IRM…",en,0,0,2021-11-17 18:37:11+00:00,0.0,0.0,Neutral
13,"RT @MaheshS68098887: @RailMinIndia 1) RRB NTPC CBT1 RESULT
2) RRB GROUP D EXAM DATE
3) UPSC IRMS VACANCY
#RRBNTPC #RRB_GROUPD_EXAMDATE #con…",en,0,0,2021-11-17 18:30:56+00:00,0.0,0.0,Neutral
14,"RT @HritikV60817680: @TAlchemist12 We will take our rights....
#railway_groupd_examdate 
#ntpc_cbt1_result https://t.co/gggz7cqidl",en,0,0,2021-11-17 18:26:21+00:00,0.0,0.0,Neutral
15,@AshwiniVaishnaw @RailMinIndia @Bishweswar_Tudu NTPC result declare.....,en,0,0,2021-11-17 18:21:05+00:00,0.0,0.0,Neutral
16,"RT @MaheshS68098887: @RailMinIndia 1) RRB NTPC CBT1 RESULT
2) RRB GROUP D EXAM DATE
3) UPSC IRMS VACANCY
#RRBNTPC #RRB_GROUPD_EXAMDATE #con…",en,0,0,2021-11-17 18:20:24+00:00,0.0,0.0,Neutral
17,@RailwaySeva Pls ntpc result declare..,en,0,0,2021-11-17 18:19:48+00:00,0.0,0.0,Neutral
18,"IOCL and NTPC tied up to collaborate in Renewable Energy, an MoU is signed by both. A good step in the direction of energy.",en,0,0,2021-11-17 18:14:15+00:00,0.6000000000000001,0.7,Positive
19,@RailMinIndia # rrb ntpc results,en,0,0,2021-11-17 18:12:56+00:00,0.0,0.0,Neutral
20,"Rest Risers
#ITC Rises 1.72%
#NTPC up 1.60%
#IndusindBank Advances 1.28%
#TechMahindra gains 1.16%
#BajajFinance Rises 0.69%
#SBI up 0.62%",en,0,0,2021-11-17 18:07:29+00:00,0.0,0.0,Neutral
21,"We are celebrated world diabetes day.given health education
Beat diabetes - 
*Be aware
*Eat right
*Adopt an active… https://t.co/GBnozKLkOJ",en,0,0,2021-11-17 18:00:27+00:00,0.5119047619047619,0.29523809523809524,Positive
22,"RT @ClassesMd: #railway_groupd_examdate
Almost 3M tweets , PM and railway minister ji please understand , it's the matter of 1.26 crore stu…",en,0,0,2021-11-17 17:59:44+00:00,0.0,0.0,Neutral
23,"RT @ClassesMd: #railway_groupd_examdate
Almost 3M tweets , PM and railway minister ji please understand , it's the matter of 1.26 crore stu…",en,0,0,2021-11-17 17:59:40+00:00,0.0,0.0,Neutral
24,"RT @AmanAhm51250475: @ClassesMd @Everydaynew8 support tommorrow
#rrb_ntpc_result #RRBNTPC #railway_groupd_examdate",en,0,0,2021-11-17 17:58:58+00:00,0.0,0.0,Neutral
26,"@ClassesMd @Everydaynew8 support tommorrow
#rrb_ntpc_result #RRBNTPC #railway_groupd_examdate https://t.co/cnkVy6cFxY",en,0,1,2021-11-17 17:44:51+00:00,0.0,0.0,Neutral
31,"RT @shiv_niharika: #railway_ntpc_result
#railway_groupd_examdate 
#Restore_shivrajmeena123
Retweet kre ! https://t.co/a6A1aVFtHk",en,0,0,2021-11-17 17:31:14+00:00,0.0,0.0,Neutral
34,"RT @HritikV60817680: @TAlchemist12 We will take our rights....
#railway_groupd_examdate 
#ntpc_cbt1_result https://t.co/gggz7cqidl",en,0,0,2021-11-17 17:30:14+00:00,0.0,0.0,Neutral
35,"RT @Kaushalvarshne8: @narendramodi
@PMOIndia
@RailMinIndia @RahulGandhi @AmitShah sir, plz declare the result of ntpc and exam date of grou…",en,0,0,2021-11-17 17:30:12+00:00,0.0,0.0,Neutral
38,RT @deepakk48905178: #railway_groupd_examdate do ntpc cbt1 result  @narendramodi @ANI @AshwiniVaishnaw  @RailMinIndia @gmscrailway,en,0,0,2021-11-17 17:29:41+00:00,0.0,0.0,Neutral
40,"RT @Prakash60163526: #railway_groupd_examdate
@whokumargaurav @khansirpatna @kajalsihag1 @abhinaymaths  @GaganPratapMath 
We want NTPC &amp;Gro…",en,0,0,2021-11-17 17:27:40+00:00,0.0,0.0,Neutral
41,"RT @Prakash60163526: #railway_groupd_examdate
@khansirpatna @kajalsihag1 @whokumargaurav @abhinaymaths @GaganPratapMath 
We want NTPC &amp;Grou…",en,0,0,2021-11-17 17:27:35+00:00,0.0,0.0,Neutral
42,"RT @AmanAhm51250475: #railway_groupd_examdate 
My request to all teachers and youtubers please support us in these campaigns

@GaganPratapM…",en,0,0,2021-11-17 17:27:27+00:00,0.0,0.0,Neutral
46,"RT @indranil_pahan: #railway_groupd_examdate 
#rrb_ntpc_result 
#drdo_mts_examdate2019
Exam date 🙏🙏🙏🙏🙏🙏",en,0,0,2021-11-17 17:25:14+00:00,0.0,0.0,Neutral
48,"RT @abe_abhay: @ABPNews eager to watch show on #Unemployment but afraid it will become a #BJP spokeperson's show, with fallacies. 
#railway…",en,0,0,2021-11-17 17:24:56+00:00,0.9,-0.6,Negative
54,"@DrSenthil_MDRD @SuVe4Madurai @KanimozhiDMK 2019 Feburary யில் வெளிவந்த railway இன் NTPC(35,208 vacancies,Around 1.… https://t.co/AIi8fQq2cd",en,0,0,2021-11-17 17:17:59+00:00,0.0,0.0,Neutral
55,"NTPC Recruitment 2021: Wage as much as Rs 60000 Per Month, Apply For These Government Posts Now on… https://t.co/YF2yoeDAqd",en,0,0,2021-11-17 17:17:59+00:00,0.2,0.2,Positive
56,@sahneydeepak sir ur view on ntpc for this month end,en,0,0,2021-11-17 17:16:29+00:00,0.0,0.0,Neutral
58,ntpc cbt 1 question paper 2021 | ntpc 2021 question paper book | ntpc cb... https://t.co/1VTjXccfY8 via @YouTube,en,0,0,2021-11-17 17:15:14+00:00,0.0,0.0,Neutral
59,@PiyushGoyal  please sir railway dwara group d ki modification link jari krae Jay q hum logo ke form me poto shi nh… https://t.co/U6IgvsWshm,en,0,0,2021-11-17 17:14:35+00:00,0.0,0.0,Neutral
61,Check out my #NTPC analysis on @TradingView: https://t.co/nfyrRy6E5b,en,0,0,2021-11-17 17:04:21+00:00,0.0,0.0,Neutral
62,@RailMinIndia When will you release RRB NTPC CBT 1 https://t.co/R7KKjUGwij there any rules or not it has been almos… https://t.co/ZR1yixFqqh,en,0,0,2021-11-17 17:03:32+00:00,0.0,0.0,Neutral
63,@AshwiniVaishnaw @RailMinIndia What is happening minister.why are you not releasing RRB NTPC CBT 1.I think you have… https://t.co/YQgFzAq9pb,en,1,0,2021-11-17 17:01:03+00:00,0.0,0.0,Neutral
65,"RT @SumitResearch: Tomorrow is #historical day

#PayTmIPO #listing

Approx Mcap at Flat listing would be 1.40 Lk Cr 

At This Mcap it would…",en,0,0,2021-11-17 16:53:18+00:00,0.0625,-0.0125,Negative
67,"RT @RrbVoice: @DrGauravGarg4 Sir I request you to raise your voice on behalf of Crore of  Railway students #1000days 
#rrc_groupd_date
#rrb…",en,0,0,2021-11-17 16:48:50+00:00,0.0,0.0,Neutral
68,"RT @rajvikash1510: 993 Days:- RAILWAY NTPC 2019......

CBT-1 RESULT IS AWAITING........

NEXT STAGES:-
1. CBT-2
2. SKILL TEST(TYPING)
3. PS…",en,0,0,2021-11-17 16:48:28+00:00,0.0,0.0,Neutral
69,"RT @rajvikash1510: 993 Days:- RAILWAY NTPC 2019

ADVERTISEMENT WAS PUBLISHED ON 1st MARCH, 2019....TOTAL 993 days have now been completed..…",en,0,0,2021-11-17 16:48:17+00:00,0.0,0.0,Neutral
71,"RT @Narendr02449796: #railway_ntpc_result
#railway_groupd_examdate 
Retweet kre !",en,0,0,2021-11-17 16:44:40+00:00,0.0,0.0,Neutral
73,RT @AjeetKushwaha33: Some tough questions for Govt as well as for The railways ministry 1)When will be the railway grp-d exam conducted???…,en,0,0,2021-11-17 16:43:58+00:00,0.8333333333333334,-0.3888888888888889,Negative
76,NTPC Ltd. and Indian Oil signed a memorandum of understanding (MoU) to collaborate in the field of renewable energy… https://t.co/rm7Pa99g4J,en,0,0,2021-11-17 16:36:16+00:00,0.0,0.0,Neutral
78,"RT @HritikV60817680: @TAlchemist12 We will take our rights....
#railway_groupd_examdate 
#ntpc_cbt1_result https://t.co/gggz7cqidl",en,0,0,2021-11-17 16:32:00+00:00,0.0,0.0,Neutral
79,"Stock Price Range for TD 18-Nov-2021 #NTPC
  
Estimate for Trend Up Day
Low = 135.7 &amp; High = 140.6
  
Estimate for… https://t.co/IGIbzj2QrL",en,0,0,2021-11-17 16:29:42+00:00,0.41999999999999993,0.08,Positive
80,"RT @HritikV60817680: @TAlchemist12 We will take our rights....
#railway_groupd_examdate 
#ntpc_cbt1_result https://t.co/gggz7cqidl",en,0,0,2021-11-17 16:26:25+00:00,0.0,0.0,Neutral
81,🎯🎯🇮🇳🇮🇳🎄🎄💯💯💯💯🚂🚂🚂🎁🎁🔱🙏🙏🙏🙏🙏🔥🔥🔥rrb ntpc 2021-20 cut off waiting results expectedly coming soon 79/100 *** A+ 400/- rrb n… https://t.co/Q0Ou2TnJ0P,en,0,0,2021-11-17 16:21:27+00:00,0.4,-0.1,Negative
82,"@RailMinIndia 1) RRB NTPC CBT1 RESULT
2) RRB GROUP D EXAM DATE
3) UPSC IRMS VACANCY
#RRBNTPC #RRB_GROUPD_EXAMDATE… https://t.co/y7PHfo7Tif",en,1,2,2021-11-17 16:19:57+00:00,0.0,0.0,Neutral
84,"RT @HritikV60817680: @TAlchemist12 We will take our rights....
#railway_groupd_examdate 
#ntpc_cbt1_result https://t.co/gggz7cqidl",en,0,0,2021-11-17 16:13:42+00:00,0.0,0.0,Neutral
85,"RT @Purvick2: TATA POWER , Adani Green  , NTPC : Govt to allow thermal power co. To produce, Supply Green Energy
@kuttrapali26",en,0,0,2021-11-17 16:11:25+00:00,0.3,-0.2,Negative
88,@CNBC_Awaaz  i have got 100 shares of ntpc at price of 139. I can wait for 3 months . What should i do.,en,0,0,2021-11-17 15:56:47+00:00,0.0,0.0,Neutral
89,"Tomorrow is #historical day

#PayTmIPO #listing

Approx Mcap at Flat listing would be 1.40 Lk Cr 

At This Mcap it… https://t.co/t85PNqhnxC",en,0,0,2021-11-17 15:55:05+00:00,0.0625,-0.0125,Negative
90,"@manishbgagarwal Yes, me too; general view seems to be that NTPC and Adani are bound to get some advantage here, bu… https://t.co/vTm2Dd6nMw",en,1,0,2021-11-17 15:51:29+00:00,0.5,0.05000000000000002,Positive
92,"RT @MaheshS68098887: @AshwiniVaishnaw @PIB_India @DDNewslive @PMOIndia 1) RRB NTPC CBT1 RESULT
2) RRB GROUP D EXAM DATE
3) UPSC IRMS VACANC…",en,0,0,2021-11-17 15:47:59+00:00,0.0,0.0,Neutral
94,"RT @SKMondalIES: NTPC please release waiting list for recruitment of E1 grade officers through GATE 2021 @ntpclimited 
#Recruitment_05_21",en,0,0,2021-11-17 15:35:32+00:00,0.0,0.0,Neutral
95,"@AshwiniVaishnaw @RailMinIndia 1) RRB NTPC CBT1 RESULT
2) RRB GROUP D EXAM DATE
3) UPSC IRMS VACANCY
#RRBNTPC… https://t.co/07bltXwdWx",en,0,0,2021-11-17 15:34:11+00:00,0.0,0.0,Neutral
96,"RT @ntpclimited: At this school in NTPC Vindhyachal
the students are #ambidextrous, (can write with both hands) an #art acquired with #prac…",en,0,0,2021-11-17 15:33:06+00:00,0.0,0.0,Neutral
97,@drprashantmish6 #IOCL looks interesting but #TATAPower looks better as they have already leading in this field and… https://t.co/6QvjglbrAn,en,1,0,2021-11-17 15:30:33+00:00,0.5,0.5,Positive
0,"RT @DrGauravGarg4: Is it true that it's been 1000 days since there is no update from @RailMinIndia.
What about NTPC CBT -1 Exam Result?
Wha…",en,0,0,2021-11-18 22:09:21+00:00,0.65,0.35,Positive
2,"RT @AnupamConnects: It is indeed disturbing that even after two &amp; half yrs of notifying the NTPC and group D recruitment, @RailMinIndia has…",en,0,0,2021-11-18 21:49:00+00:00,0.48333333333333334,-0.3333333333333333,Negative
3,RT @yuvahallabol: Listen to @AnupamConnects bhaiya in discussion with @Smita_Sharma on how the Indian Railways has been cheating the educat…,en,0,0,2021-11-18 21:48:50+00:00,0.0,0.0,Neutral
4,"RT @khushvendrajha: 1) RRB NTPC CBT1 RESULT
2) RRB GROUP D EXAM DATE
3) UPSC IRMS VACANCY
#RRBNTPC #RRB_GROUPD_EXAMDATE #conduct_IRMS
#IRMS…",en,0,0,2021-11-18 21:17:31+00:00,0.0,0.0,Neutral
9,"RT @HariomM37964780: #Speakupforntpcresult
#rrbgroupdexamdate
Almost 1000 day completed for railway notice for group D and ntpc but still n…",en,0,0,2021-11-18 21:09:47+00:00,0.0,0.0,Neutral
10,"RT @Amarpan49972672: @AshwiniVaishnaw @M_Raj03 Puppet..!!
#RRB_NTPC_Results 
#rrbgroupdexamdate",en,0,0,2021-11-18 21:09:44+00:00,0.0,0.0,Neutral
11,RT @Kpkiranpradhan: Everything will be decided when our turn. #RRB_GROUPD_EXAMDATE #group_d_examdate #RRBGroupDexamdate #ntpc_result #RRBNT…,en,0,0,2021-11-18 21:08:30+00:00,0.0,0.0,Neutral
14,"RT @RaviShekSingh18: Railway Group D exam date and NTPC results
#railway_groupd_examdate 
#1000_days https://t.co/nElr9IUsgU",en,0,0,2021-11-18 20:30:33+00:00,0.0,0.0,Neutral
15,"RT @Pankaj_Guru_: Today 1000 days passed but no one know where is NTPC 2019 CBT 1 result no one know where is group D cbt 1 exam date.
#rai…",en,0,0,2021-11-18 20:12:11+00:00,0.0,0.0,Neutral
16,"RT @DrGauravGarg4: Is it true that it's been 1000 days since there is no update from @RailMinIndia.
What about NTPC CBT -1 Exam Result?
Wha…",en,0,0,2021-11-18 20:05:32+00:00,0.65,0.35,Positive
17,"RT @DrGauravGarg4: Is it true that it's been 1000 days since there is no update from @RailMinIndia.
What about NTPC CBT -1 Exam Result?
Wha…",en,0,0,2021-11-18 20:02:20+00:00,0.65,0.35,Positive
18,"RT @DrGauravGarg4: Is it true that it's been 1000 days since there is no update from @RailMinIndia.
What about NTPC CBT -1 Exam Result?
Wha…",en,0,0,2021-11-18 20:00:43+00:00,0.65,0.35,Positive
19,"RT @DrGauravGarg4: Is it true that it's been 1000 days since there is no update from @RailMinIndia.
What about NTPC CBT -1 Exam Result?
Wha…",en,0,0,2021-11-18 19:56:37+00:00,0.65,0.35,Positive
20,"RT @Kamu17992580: PLZ have some shame modi govt it's been 1000 days since exam notification
#railway_groupd_examdate
Declare NTPC exam resu…",en,0,0,2021-11-18 19:56:12+00:00,0.0,0.0,Neutral
21,"RT @Kamu17992580: Now we have done with this delay tactics 
#railway_groupd_examdate
@RahulGandhi 
@aajtak 
Declare NTPC EXAM date https://…",en,0,0,2021-11-18 19:55:50+00:00,0.0,0.0,Neutral
22,RT @AjeetKushwaha33: Some tough questions for Govt as well as for The railways ministry 1)When will be the railway grp-d exam conducted???…,en,0,0,2021-11-18 19:49:57+00:00,0.8333333333333334,-0.3888888888888889,Negative
23,"RT @Pankaj_Guru_: Today 1000 days passed but no one know where is NTPC 2019 CBT 1 result no one know where is group D cbt 1 exam date.
#rai…",en,0,0,2021-11-18 19:48:51+00:00,0.0,0.0,Neutral
24,"RT @DrGauravGarg4: Is it true that it's been 1000 days since there is no update from @RailMinIndia.
What about NTPC CBT -1 Exam Result?
Wha…",en,0,0,2021-11-18 19:48:28+00:00,0.65,0.35,Positive
27,"RT @Evardaynew8: #railway_groupd_examdate
Today 1000 days passed but no one know where is NTPC 2019 CBT 1 result no one know where is group…",en,0,0,2021-11-18 19:31:18+00:00,0.0,0.0,Neutral
29,"RT @DrGauravGarg4: Is it true that it's been 1000 days since there is no update from @RailMinIndia.
What about NTPC CBT -1 Exam Result?
Wha…",en,0,0,2021-11-18 19:20:49+00:00,0.65,0.35,Positive
30,"RT @Kamu17992580: PLZ have some shame modi govt it's been 1000 days since exam notification
#railway_groupd_examdate
Declare NTPC exam resu…",en,0,0,2021-11-18 19:19:40+00:00,0.0,0.0,Neutral
32,RT @AjeetKushwaha33: Some tough questions for Govt as well as for The railways ministry 1)When will be the railway grp-d exam conducted???…,en,0,0,2021-11-18 19:16:08+00:00,0.8333333333333334,-0.3888888888888889,Negative
33,"RT @timesofindia: Delhi: How states, NTPC failed to fulfil vows to tackle stubble 

https://t.co/dTPvC0wkzx https://t.co/LwsRP99HO1",en,0,0,2021-11-18 19:15:27+00:00,0.3,-0.5,Negative
34,"RT @DrGauravGarg4: Is it true that it's been 1000 days since there is no update from @RailMinIndia.
What about NTPC CBT -1 Exam Result?
Wha…",en,0,0,2021-11-18 19:15:19+00:00,0.65,0.35,Positive
35,@AshwiniVaishnaw Please NTPC results &amp; NTPC 2nd stage exam date sir G,en,0,0,2021-11-18 19:15:16+00:00,0.0,0.0,Neutral
36,@kajalsihag1 Group d and NTPC 2nd phase exam held on 2023 nov Dec and new railway vaccine 2 lakh in January 2024 ex… https://t.co/zM0MMEyjtA,en,1,0,2021-11-18 19:08:58+00:00,0.22727272727272727,0.06818181818181818,Positive
37,"RT @Kamu17992580: PLZ have some shame modi govt it's been 1000 days since exam notification
#railway_groupd_examdate
Declare NTPC exam resu…",en,0,0,2021-11-18 19:05:03+00:00,0.0,0.0,Neutral
38,"RT @Kamu17992580: Now we have done with this delay tactics 
#railway_groupd_examdate
@RahulGandhi 
@aajtak 
Declare NTPC EXAM date https://…",en,0,0,2021-11-18 19:04:49+00:00,0.0,0.0,Neutral
39,"RT @DrGauravGarg4: Is it true that it's been 1000 days since there is no update from @RailMinIndia.
What about NTPC CBT -1 Exam Result?
Wha…",en,0,0,2021-11-18 19:01:44+00:00,0.65,0.35,Positive
40,"RT @RrbVoice: #1000_days
#railway_groupd_examdate
Yaad rakhna 1.3 cr ntpc k candidates hai, 1.25 cr rrc group d k candidate hai or unke sat…",en,0,0,2021-11-18 18:57:47+00:00,0.0,0.0,Neutral
41,@AshwiniVaishnaw Sir plz group d and ntpc ka kya hua?,en,0,0,2021-11-18 18:56:36+00:00,0.0,0.0,Neutral
43,"RT @RaviShekSingh18: Railway Group D exam date and NTPC results
#railway_groupd_examdate 
#1000_days https://t.co/nElr9IUsgU",en,0,0,2021-11-18 18:55:20+00:00,0.0,0.0,Neutral
45,"RT @ntpclimited: At this school in NTPC Vindhyachal
the students are #ambidextrous, (can write with both hands) an #art acquired with #prac…",en,0,0,2021-11-18 18:51:48+00:00,0.0,0.0,Neutral
46,"RT @DrGauravGarg4: Is it true that it's been 1000 days since there is no update from @RailMinIndia.
What about NTPC CBT -1 Exam Result?
Wha…",en,0,0,2021-11-18 18:51:11+00:00,0.65,0.35,Positive
47,"RT @Evardaynew8: #railway_groupd_examdate
#1000_days
#railway_groupd_examdate
Yaad rakhna 1.3 cr ntpc k candidates hai, 1.25 cr rrc group d…",en,0,0,2021-11-18 18:49:25+00:00,0.0,0.0,Neutral
49,"RT @DrGauravGarg4: Is it true that it's been 1000 days since there is no update from @RailMinIndia.
What about NTPC CBT -1 Exam Result?
Wha…",en,0,0,2021-11-18 18:42:23+00:00,0.65,0.35,Positive
50,@anuj_ntpc Thanks for joining the crew! The hunt begins soon. Look out for our hints and follow the trail. Reply #Stop to opt out.,en,0,0,2021-11-18 18:41:19+00:00,0.2,0.25,Positive
51,"RT @DrGauravGarg4: Is it true that it's been 1000 days since there is no update from @RailMinIndia.
What about NTPC CBT -1 Exam Result?
Wha…",en,0,0,2021-11-18 18:39:46+00:00,0.65,0.35,Positive
52,RT @yuvahallabol: Listen to @AnupamConnects bhaiya in discussion with @Smita_Sharma on how the Indian Railways has been cheating the educat…,en,0,0,2021-11-18 18:38:16+00:00,0.0,0.0,Neutral
53,"RT @MaheshS68098887: @AshwiniVaishnaw @narendramodi 1) RRB NTPC CBT1 RESULT
2) RRB GROUP D EXAM DATE
3) UPSC IRMS VACANCY
#RRBNTPC #RRB_GRO…",en,0,0,2021-11-18 18:38:12+00:00,0.0,0.0,Neutral
54,RT @anupam30193: @AshwiniVaishnaw @GoI_MeitY @PIB_India @DDNewslive @PMOIndia Congratulations mantri ji for delaying NTPC Result. @narendra…,en,0,0,2021-11-18 18:37:38+00:00,0.0,0.0,Neutral
57,"RT @MaheshS68098887: @AshwiniVaishnaw @GoI_MeitY @PIB_India @DDNewslive @PMOIndia 1) RRB NTPC CBT1 RESULT
2) RRB GROUP D EXAM DATE
3) UPSC…",en,0,0,2021-11-18 18:35:23+00:00,0.0,0.0,Neutral
59,"RT @DrGauravGarg4: Is it true that it's been 1000 days since there is no update from @RailMinIndia.
What about NTPC CBT -1 Exam Result?
Wha…",en,0,0,2021-11-18 18:35:09+00:00,0.65,0.35,Positive
63,"RT @SameerDeo5: @AshwiniVaishnaw @narendramodi @PMOIndia
@RahulGandhi
What about we students, expecting RRB NTPC exam result from bottom of…",en,0,0,2021-11-18 18:30:31+00:00,0.0,0.0,Neutral
68,"RT @MaheshS68098887: @AshwiniVaishnaw @narendramodi 1) RRB NTPC CBT1 RESULT
2) RRB GROUP D EXAM DATE
3) UPSC IRMS VACANCY
#RRBNTPC #RRB_GRO…",en,0,0,2021-11-18 18:30:13+00:00,0.0,0.0,Neutral
69,"RT @RrbVoice: @AskAnshul #railway_groupd_examdate 
#1000_days
#railway_ntpc_result 
#rrb_ntpc_result
This is also India where #Napunsak_rai…",en,0,0,2021-11-18 18:28:29+00:00,0.0,0.0,Neutral
70,"@AskAnshul #railway_groupd_examdate 
#1000_days
#railway_ntpc_result 
#rrb_ntpc_result
This is also India where… https://t.co/G2ptpPnAig",en,1,1,2021-11-18 18:28:26+00:00,0.0,0.0,Neutral
71,RT @yuvahallabol: Listen to @AnupamConnects bhaiya in discussion with @Smita_Sharma on how the Indian Railways has been cheating the educat…,en,0,0,2021-11-18 18:26:45+00:00,0.0,0.0,Neutral
72,RT @rahulme86782255: RRB Group D students still await their exam schedule after 2.5 years. Request students to please highlight their conce…,en,0,0,2021-11-18 18:25:42+00:00,0.0,0.0,Neutral
73,"RT @AmeyaSathaye: @ntpclimited honoured with the Championship Trophy at AIMA’s National Management Games 
@Deepna_M @madhurjyalahar 
https:…",en,0,0,2021-11-18 18:24:51+00:00,0.0,0.0,Neutral
75,"RT @RrbVoice: @satyakumar_y @narendramodi @AshwiniVaishnaw @DarshanaJardosh #railway_groupd_examdate 
#1000_days
#railway_ntpc_result 
#rrb…",en,0,0,2021-11-18 18:23:11+00:00,0.0,0.0,Neutral
76,"@satyakumar_y @narendramodi @AshwiniVaishnaw @DarshanaJardosh #railway_groupd_examdate 
#1000_days… https://t.co/9CJDawrNaN",en,1,1,2021-11-18 18:23:06+00:00,0.0,0.0,Neutral
77,"RT @DrGauravGarg4: Is it true that it's been 1000 days since there is no update from @RailMinIndia.
What about NTPC CBT -1 Exam Result?
Wha…",en,0,0,2021-11-18 18:22:15+00:00,0.65,0.35,Positive
79,"RT @Evardaynew8: #railway_groupd_examdate
#1000_days
#railway_groupd_examdate
Yaad rakhna 1.3 cr ntpc k candidates hai, 1.25 cr rrc group d…",en,0,0,2021-11-18 18:19:29+00:00,0.0,0.0,Neutral
80,"RT @DrGauravGarg4: Is it true that it's been 1000 days since there is no update from @RailMinIndia.
What about NTPC CBT -1 Exam Result?
Wha…",en,0,0,2021-11-18 18:18:14+00:00,0.65,0.35,Positive
81,"RT @DrGauravGarg4: Is it true that it's been 1000 days since there is no update from @RailMinIndia.
What about NTPC CBT -1 Exam Result?
Wha…",en,0,0,2021-11-18 18:15:03+00:00,0.65,0.35,Positive
82,"RT @Evardaynew8: #railway_groupd_examdate
#1000_days
#railway_groupd_examdate
Yaad rakhna 1.3 cr ntpc k candidates hai, 1.25 cr rrc group d…",en,0,0,2021-11-18 18:13:36+00:00,0.0,0.0,Neutral
83,"RT @MaheshS68098887: @RailMinIndia 1) RRB NTPC CBT1 RESULT
2) RRB GROUP D EXAM DATE
3) UPSC IRMS VACANCY
#RRBNTPC #RRB_GROUPD_EXAMDATE #con…",en,0,0,2021-11-18 18:10:59+00:00,0.0,0.0,Neutral
84,"RT @DrGauravGarg4: Is it true that it's been 1000 days since there is no update from @RailMinIndia.
What about NTPC CBT -1 Exam Result?
Wha…",en,0,0,2021-11-18 18:10:16+00:00,0.65,0.35,Positive
85,"@RailMinIndia 1) RRB NTPC CBT1 RESULT
2) RRB GROUP D EXAM DATE
3) UPSC IRMS VACANCY
#RRBNTPC #RRB_GROUPD_EXAMDATE… https://t.co/uTdR1BE6u3",en,2,1,2021-11-18 18:07:29+00:00,0.0,0.0,Neutral
86,RT @DistrictAdm_FBD: Mock drill was conducted by the team of NDRF 8th Battalion at BPCL Bottling Plant and NTPC. https://t.co/RMnobx7sT5,en,0,0,2021-11-18 18:07:08+00:00,0.0,0.0,Neutral
87,"RT @DrGauravGarg4: Is it true that it's been 1000 days since there is no update from @RailMinIndia.
What about NTPC CBT -1 Exam Result?
Wha…",en,0,0,2021-11-18 18:05:24+00:00,0.65,0.35,Positive
88,"Delhi pollution woes: How states, NTPC failed to fulfil vows to tackle stubble
 https://t.co/Q9Xr6dRJx3
Download th… https://t.co/abVJ4Myhl7",en,0,0,2021-11-18 18:04:36+00:00,0.3,-0.5,Negative
91,"RT @DrGauravGarg4: Is it true that it's been 1000 days since there is no update from @RailMinIndia.
What about NTPC CBT -1 Exam Result?
Wha…",en,0,0,2021-11-18 18:02:40+00:00,0.65,0.35,Positive
92,"RT @SameerDeo5: @AshwiniVaishnaw @narendramodi @PMOIndia
@RahulGandhi
What about we students, expecting RRB NTPC exam result from bottom of…",en,0,0,2021-11-18 18:02:28+00:00,0.0,0.0,Neutral
93,"RT @DrGauravGarg4: Is it true that it's been 1000 days since there is no update from @RailMinIndia.
What about NTPC CBT -1 Exam Result?
Wha…",en,0,0,2021-11-18 18:00:59+00:00,0.65,0.35,Positive
97,"RT @DrGauravGarg4: Is it true that it's been 1000 days since there is no update from @RailMinIndia.
What about NTPC CBT -1 Exam Result?
Wha…",en,0,0,2021-11-18 17:57:57+00:00,0.65,0.35,Positive
98,"RT @DrGauravGarg4: Is it true that it's been 1000 days since there is no update from @RailMinIndia.
What about NTPC CBT -1 Exam Result?
Wha…",en,0,0,2021-11-18 17:57:44+00:00,0.65,0.35,Positive
0,"RT @srivatsayb: Nehru built AIIMS
Nehru built IIMs
Nehru built IITs/NITs
Nehru built SAIL/BEL/BHEL
Nehru built LIC/ONGC/NTPC
Nehru built DR…",en,0,0,2021-11-19 19:39:46+00:00,0.0,0.0,Neutral
1,"RT @lrbishnoiassam: Participated in a very productive session on “Preventive Vigilance” as a part of Vigilance Awareness Week, with senior…",en,0,0,2021-11-19 19:32:36+00:00,0.3,0.2,Positive
2,"RT @srivatsayb: Nehru built AIIMS
Nehru built IIMs
Nehru built IITs/NITs
Nehru built SAIL/BEL/BHEL
Nehru built LIC/ONGC/NTPC
Nehru built DR…",en,0,0,2021-11-19 19:26:09+00:00,0.0,0.0,Neutral
3,Railway ntpc exam kb aaya?...abhi tk pre complete nhi hua... students ke time ki koi value hi nhi..plzz🙏 ese mt kro… https://t.co/lXSEcOJGlk,en,0,0,2021-11-19 19:14:25+00:00,0.4,0.1,Positive
5,"RT @srivatsayb: Nehru built AIIMS
Nehru built IIMs
Nehru built IITs/NITs
Nehru built SAIL/BEL/BHEL
Nehru built LIC/ONGC/NTPC
Nehru built DR…",en,0,0,2021-11-19 19:03:38+00:00,0.0,0.0,Neutral
7,"@BorlakuntaMp sir please open the B GATE IN NTPC TOWNSHIP,LOT OF PROBLEM  FACING KV SCHOOL CHILDREN AND ST CLAIRE S… https://t.co/RCfpkmZm64",en,0,0,2021-11-19 18:57:49+00:00,0.5,0.0,Neutral
8,"RT @srivatsayb: Nehru built AIIMS
Nehru built IIMs
Nehru built IITs/NITs
Nehru built SAIL/BEL/BHEL
Nehru built LIC/ONGC/NTPC
Nehru built DR…",en,0,0,2021-11-19 18:56:31+00:00,0.0,0.0,Neutral
9,"RT @srivatsayb: Nehru built AIIMS
Nehru built IIMs
Nehru built IITs/NITs
Nehru built SAIL/BEL/BHEL
Nehru built LIC/ONGC/NTPC
Nehru built DR…",en,0,0,2021-11-19 18:54:51+00:00,0.0,0.0,Neutral
11,RT @Rishabh17928143: @ANI Railway is ready to take exams #railway_groupd_examdate #ntpc_cbt1_result date is not decided since 1000 days @As…,en,0,0,2021-11-19 18:53:03+00:00,0.5,0.2,Positive
12,"RT @srivatsayb: Nehru built AIIMS
Nehru built IIMs
Nehru built IITs/NITs
Nehru built SAIL/BEL/BHEL
Nehru built LIC/ONGC/NTPC
Nehru built DR…",en,0,0,2021-11-19 18:49:42+00:00,0.0,0.0,Neutral
13,"NTPC profit ₹15319 cr, DE ratio 1.6, Dividend yield 4.58, Market Cap 1.30 lac cr.
In the same sector Adani Green ma… https://t.co/k5dZ4hBs4h",en,0,0,2021-11-19 18:44:15+00:00,0.2125,-0.1,Negative
15,NTPC Recruitment 2021 – Apply Online for 15 Executive Post https://t.co/C8pld3bU68,en,0,0,2021-11-19 18:35:49+00:00,0.0,0.0,Neutral
16,NTPC Darlipali sends 13 candidates for ITI Courses https://t.co/O14izzt8nc,en,0,0,2021-11-19 18:24:15+00:00,0.0,0.0,Neutral
17,"@vijay_lahoty @RailMinIndia @sureshpprabhu But who takes the blame of not complete the process of Railway NTPC and Group D ?
#Shameful",en,0,0,2021-11-19 18:24:06+00:00,0.4,-0.05,Negative
18,"RT @srivatsayb: Nehru built AIIMS
Nehru built IIMs
Nehru built IITs/NITs
Nehru built SAIL/BEL/BHEL
Nehru built LIC/ONGC/NTPC
Nehru built DR…",en,0,0,2021-11-19 18:03:30+00:00,0.0,0.0,Neutral
20,"RT @SameerDeo5: @AshwiniVaishnaw @PIBHindi @DDNewslive @narendramodi 
@PMOIndia 
@RahulGandhi 
RRB NTPC exam result is pending, please take…",en,0,0,2021-11-19 17:57:25+00:00,0.0,0.0,Neutral
21,"RT @srivatsayb: Nehru built AIIMS
Nehru built IIMs
Nehru built IITs/NITs
Nehru built SAIL/BEL/BHEL
Nehru built LIC/ONGC/NTPC
Nehru built DR…",en,0,0,2021-11-19 17:57:21+00:00,0.0,0.0,Neutral
22,RT @Gauravs93249796: @AshwiniVaishnaw @PIBHindi @DDNewslive What about rrb ntpc cbt 1 result it's been 1000 days passed cbt 1 result has no…,en,0,0,2021-11-19 17:57:15+00:00,0.0,0.0,Neutral
23,"RT @SwarajyaMag: Uttar Pradesh: NTPC To Establish Waste To Energy Plant In Varanasi, To Process 800 Tonne Municipal Waste Per Day

https://…",en,0,0,2021-11-19 17:54:30+00:00,0.0,-0.2,Negative
24,"RT @SameerDeo5: @AshwiniVaishnaw @PIBHindi @DDNewslive @narendramodi 
@PMOIndia 
@RahulGandhi 
RRB NTPC exam result is pending, please take…",en,0,0,2021-11-19 17:54:03+00:00,0.0,0.0,Neutral
25,RT @Gauravs93249796: @AshwiniVaishnaw @PIBHindi @DDNewslive What about rrb ntpc cbt 1 result it's been 1000 days passed cbt 1 result has no…,en,0,0,2021-11-19 17:53:51+00:00,0.0,0.0,Neutral
27,"RT @SwarajyaMag: Uttar Pradesh: NTPC To Establish Waste To Energy Plant In Varanasi, To Process 800 Tonne Municipal Waste Per Day

https://…",en,0,0,2021-11-19 17:52:46+00:00,0.0,-0.2,Negative
28,"RT @srivatsayb: Nehru built AIIMS
Nehru built IIMs
Nehru built IITs/NITs
Nehru built SAIL/BEL/BHEL
Nehru built LIC/ONGC/NTPC
Nehru built DR…",en,0,0,2021-11-19 17:51:33+00:00,0.0,0.0,Neutral
29,@AshwiniVaishnaw @PIBHindi @DDNewslive What about rrb ntpc cbt 1 result it's been 1000 days passed cbt 1 result has… https://t.co/uzqlXt6VeD,en,2,2,2021-11-19 17:50:29+00:00,0.0,0.0,Neutral
30,"RT @srivatsayb: Nehru built AIIMS
Nehru built IIMs
Nehru built IITs/NITs
Nehru built SAIL/BEL/BHEL
Nehru built LIC/ONGC/NTPC
Nehru built DR…",en,0,0,2021-11-19 17:47:58+00:00,0.0,0.0,Neutral
31,"RT @srivatsayb: Nehru built AIIMS
Nehru built IIMs
Nehru built IITs/NITs
Nehru built SAIL/BEL/BHEL
Nehru built LIC/ONGC/NTPC
Nehru built DR…",en,0,0,2021-11-19 17:47:26+00:00,0.0,0.0,Neutral
32,"RT @srivatsayb: Nehru built AIIMS
Nehru built IIMs
Nehru built IITs/NITs
Nehru built SAIL/BEL/BHEL
Nehru built LIC/ONGC/NTPC
Nehru built DR…",en,0,0,2021-11-19 17:47:15+00:00,0.0,0.0,Neutral
35,"RT @srivatsayb: Nehru built AIIMS
Nehru built IIMs
Nehru built IITs/NITs
Nehru built SAIL/BEL/BHEL
Nehru built LIC/ONGC/NTPC
Nehru built DR…",en,0,0,2021-11-19 17:33:13+00:00,0.0,0.0,Neutral
36,"RT @srivatsayb: Nehru built AIIMS
Nehru built IIMs
Nehru built IITs/NITs
Nehru built SAIL/BEL/BHEL
Nehru built LIC/ONGC/NTPC
Nehru built DR…",en,0,0,2021-11-19 17:31:54+00:00,0.0,0.0,Neutral
39,@RailMinIndia Which month Will Be Expected RRB NTPC CBT-1 Results????,en,0,0,2021-11-19 17:23:47+00:00,0.4,-0.1,Negative
40,@RRBKOLKATA Which date will Expected From RRB NTPC CBT-1 Results Please....Atleast Expected Month????,en,0,0,2021-11-19 17:23:00+00:00,0.4,-0.1,Negative
41,"RT @srivatsayb: Nehru built AIIMS
Nehru built IIMs
Nehru built IITs/NITs
Nehru built SAIL/BEL/BHEL
Nehru built LIC/ONGC/NTPC
Nehru built DR…",en,0,0,2021-11-19 17:21:54+00:00,0.0,0.0,Neutral
42,"RT @srivatsayb: Nehru built AIIMS
Nehru built IIMs
Nehru built IITs/NITs
Nehru built SAIL/BEL/BHEL
Nehru built LIC/ONGC/NTPC
Nehru built DR…",en,0,0,2021-11-19 17:21:50+00:00,0.0,0.0,Neutral
44,"@narendramodi  i appreciate your decision some time you have to step down...
Next time you have to step down for… https://t.co/lpzJz0TGYW",en,0,0,2021-11-19 17:19:30+00:00,0.19259259259259262,-0.10370370370370373,Negative
45,@RailMinIndia Pls plss sir. Declare rrb ntpc cbt1 result. Zindagi barbaad ho rhi h hm logo ki.pls jra b man nhi lgta h study me.,en,1,0,2021-11-19 17:17:39+00:00,0.0,0.0,Neutral
46,"RT @SwarajyaMag: Uttar Pradesh: NTPC To Establish Waste To Energy Plant In Varanasi, To Process 800 Tonne Municipal Waste Per Day

https://…",en,0,0,2021-11-19 17:15:45+00:00,0.0,-0.2,Negative
48,"RT @nandi_reshmi: #rrb_ntpc_result #RRB_GROUPD_EXAMDATE stop playing career of youth, decleare ntpc result and conduct group d exam @PMOInd…",en,0,0,2021-11-19 17:13:57+00:00,0.0,0.0,Neutral
49,"RT @srivatsayb: Nehru built AIIMS
Nehru built IIMs
Nehru built IITs/NITs
Nehru built SAIL/BEL/BHEL
Nehru built LIC/ONGC/NTPC
Nehru built DR…",en,0,0,2021-11-19 17:13:33+00:00,0.0,0.0,Neutral
52,RT @AjitsinhJagirda: @neerangautam @sureshseshadri1 @nair_hena08 @KishorTrivedi7 @AAshaRathod @shytigress @JaganNKaushik @chimnibai @machar…,en,0,0,2021-11-19 17:07:44+00:00,0.0,0.0,Neutral
53,"RT @SwarajyaMag: Uttar Pradesh: NTPC To Establish Waste To Energy Plant In Varanasi, To Process 800 Tonne Municipal Waste Per Day

https://…",en,0,0,2021-11-19 17:07:29+00:00,0.0,-0.2,Negative
55,"RT @SwarajyaMag: Uttar Pradesh: NTPC To Establish Waste To Energy Plant In Varanasi, To Process 800 Tonne Municipal Waste Per Day

https://…",en,0,0,2021-11-19 17:04:01+00:00,0.0,-0.2,Negative
56,"RT @IndiaInfraHub: Uttar Pradesh: NTPC To Establish Waste To Energy Plant In Varanasi, To Process 800 Tonne Municipal Waste Per Day

https:…",en,0,0,2021-11-19 17:00:37+00:00,0.0,-0.2,Negative
57,"RT @SwarajyaMag: Uttar Pradesh: NTPC To Establish Waste To Energy Plant In Varanasi, To Process 800 Tonne Municipal Waste Per Day

https://…",en,0,0,2021-11-19 16:58:37+00:00,0.0,-0.2,Negative
58,RT @AjitsinhJagirda: @neerangautam @sureshseshadri1 @nair_hena08 @KishorTrivedi7 @AAshaRathod @shytigress @JaganNKaushik @chimnibai @machar…,en,0,0,2021-11-19 16:57:38+00:00,0.0,0.0,Neutral
59,RT @AjitsinhJagirda: @neerangautam @sureshseshadri1 @nair_hena08 @KishorTrivedi7 @AAshaRathod @shytigress @JaganNKaushik @chimnibai @machar…,en,0,0,2021-11-19 16:54:18+00:00,0.0,0.0,Neutral
60,@neerangautam @sureshseshadri1 @nair_hena08 @KishorTrivedi7 @AAshaRathod @shytigress @JaganNKaushik @chimnibai… https://t.co/wXkmNMkIJz,en,4,3,2021-11-19 16:54:10+00:00,0.0,0.0,Neutral
62,@ANI Railway is ready to take exams #railway_groupd_examdate #ntpc_cbt1_result date is not decided since 1000 days… https://t.co/nnNZG2Ue1Y,en,0,1,2021-11-19 16:48:35+00:00,0.5,0.2,Positive
63,"RT @SwarajyaMag: Uttar Pradesh: NTPC To Establish Waste To Energy Plant In Varanasi, To Process 800 Tonne Municipal Waste Per Day

https://…",en,0,0,2021-11-19 16:46:57+00:00,0.0,-0.2,Negative
64,"RT @IndiaInfraHub: Uttar Pradesh: NTPC To Establish Waste To Energy Plant In Varanasi, To Process 800 Tonne Municipal Waste Per Day

https:…",en,0,0,2021-11-19 16:46:30+00:00,0.0,-0.2,Negative
65,"RT @SwarajyaMag: Uttar Pradesh: NTPC To Establish Waste To Energy Plant In Varanasi, To Process 800 Tonne Municipal Waste Per Day

https://…",en,0,0,2021-11-19 16:42:47+00:00,0.0,-0.2,Negative
66,"#relway group d exam date dedo
#relway ntpc rusult aur exam lo plese
@PMOIndia 
@myogiadityanath 
@rahul gandhi",en,0,0,2021-11-19 16:42:39+00:00,0.0,0.0,Neutral
67,@RRB_AJMER @RailMinIndia please tell me about NTPC 2020 result Tier -1. Result kab declare hoga. Modi government me… https://t.co/ltog6AMmOR,en,0,0,2021-11-19 16:41:29+00:00,0.0,0.0,Neutral
68,"RT @SwarajyaMag: Uttar Pradesh: NTPC To Establish Waste To Energy Plant In Varanasi, To Process 800 Tonne Municipal Waste Per Day

https://…",en,0,0,2021-11-19 16:41:29+00:00,0.0,-0.2,Negative
69,"RT @SwarajyaMag: Uttar Pradesh: NTPC To Establish Waste To Energy Plant In Varanasi, To Process 800 Tonne Municipal Waste Per Day

https://…",en,0,0,2021-11-19 16:40:02+00:00,0.0,-0.2,Negative
70,"RT @SwarajyaMag: Uttar Pradesh: NTPC To Establish Waste To Energy Plant In Varanasi, To Process 800 Tonne Municipal Waste Per Day

https://…",en,0,0,2021-11-19 16:38:30+00:00,0.0,-0.2,Negative
72,"RT @SwarajyaMag: Uttar Pradesh: NTPC To Establish Waste To Energy Plant In Varanasi, To Process 800 Tonne Municipal Waste Per Day

https://…",en,0,0,2021-11-19 16:35:54+00:00,0.0,-0.2,Negative
73,"RT @SwarajyaMag: Uttar Pradesh: NTPC To Establish Waste To Energy Plant In Varanasi, To Process 800 Tonne Municipal Waste Per Day

https://…",en,0,0,2021-11-19 16:35:03+00:00,0.0,-0.2,Negative
74,"RT @Bipul8987: But #RRB is not able to complete a single exam in 3 years
And we are talking about #DigitalIndia !

#RRR_NTPC #RRB_GROUPD

@…",en,0,0,2021-11-19 16:34:12+00:00,0.413095238095238,-0.07976190476190476,Negative
75,"RT @SwarajyaMag: Uttar Pradesh: NTPC To Establish Waste To Energy Plant In Varanasi, To Process 800 Tonne Municipal Waste Per Day

https://…",en,0,0,2021-11-19 16:33:26+00:00,0.0,-0.2,Negative
76,"RT @SwarajyaMag: Uttar Pradesh: NTPC To Establish Waste To Energy Plant In Varanasi, To Process 800 Tonne Municipal Waste Per Day

https://…",en,0,0,2021-11-19 16:33:00+00:00,0.0,-0.2,Negative
77,"RT @SwarajyaMag: Uttar Pradesh: NTPC To Establish Waste To Energy Plant In Varanasi, To Process 800 Tonne Municipal Waste Per Day

https://…",en,0,0,2021-11-19 16:32:59+00:00,0.0,-0.2,Negative
79,"RT @SwarajyaMag: Uttar Pradesh: NTPC To Establish Waste To Energy Plant In Varanasi, To Process 800 Tonne Municipal Waste Per Day

https://…",en,0,0,2021-11-19 16:30:32+00:00,0.0,-0.2,Negative
80,"Uttar Pradesh: NTPC To Establish Waste To Energy Plant In Varanasi, To Process 800 Tonne Municipal Waste Per Day

https://t.co/9UMB8nWAxP",en,141,17,2021-11-19 16:30:15+00:00,0.0,-0.2,Negative
84,"RT @IndiaInfraHub: Uttar Pradesh: NTPC To Establish Waste To Energy Plant In Varanasi, To Process 800 Tonne Municipal Waste Per Day

https:…",en,0,0,2021-11-19 16:26:30+00:00,0.0,-0.2,Negative
85,@PMOIndia sir please hum student k bara me bhe Socho...Railway ki all exam start kara do 2019 me RRC group d or ntp… https://t.co/KEKfoe4DTv,en,0,0,2021-11-19 16:25:40+00:00,0.0,0.0,Neutral
87,"RT @IndiaInfraHub: Uttar Pradesh: NTPC To Establish Waste To Energy Plant In Varanasi, To Process 800 Tonne Municipal Waste Per Day

https:…",en,0,0,2021-11-19 16:24:51+00:00,0.0,-0.2,Negative
88,"Uttar Pradesh: NTPC To Establish Waste To Energy Plant In Varanasi, To Process 800 Tonne Municipal Waste Per Day

https://t.co/XzssiGX2Yn",en,13,4,2021-11-19 16:22:00+00:00,0.0,-0.2,Negative
89,"RT @SameerDeo5: @AshwiniVaishnaw @PIBHindi @DDNewslive @narendramodi 
@PMOIndia 
@RahulGandhi 
RRB NTPC exam result is pending, please take…",en,0,0,2021-11-19 16:20:57+00:00,0.0,0.0,Neutral
90,"But #RRB is not able to complete a single exam in 3 years
And we are talking about #DigitalIndia !

#RRR_NTPC… https://t.co/tbLNPEGsbT",en,1,1,2021-11-19 16:20:36+00:00,0.413095238095238,-0.07976190476190476,Negative
91,"RT @joy50883581: #LiveDoubtSession, RRC Group D Exam Date, RRB NTPC Result https://t.co/hYMPdgSqCZ via @YouTube",en,0,0,2021-11-19 16:20:20+00:00,0.0,0.0,Neutral
92,"#LiveDoubtSession, RRC Group D Exam Date, RRB NTPC Result https://t.co/hYMPdgSqCZ via @YouTube",en,0,1,2021-11-19 16:20:08+00:00,0.0,0.0,Neutral
94,"RT @srivatsayb: Nehru built AIIMS
Nehru built IIMs
Nehru built IITs/NITs
Nehru built SAIL/BEL/BHEL
Nehru built LIC/ONGC/NTPC
Nehru built DR…",en,0,0,2021-11-19 16:16:00+00:00,0.0,0.0,Neutral
97,"RT @DrGauravGarg4: Is it true that it's been 1000 days since there is no update from @RailMinIndia.
What about NTPC CBT -1 Exam Result?
Wha…",en,0,0,2021-11-19 16:09:45+00:00,0.65,0.35,Positive
99,"RT @AnupamConnects: It is indeed disturbing that even after two &amp; half yrs of notifying the NTPC and group D recruitment, @RailMinIndia has…",en,0,0,2021-11-19 16:08:03+00:00,0.48333333333333334,-0.3333333333333333,Negative
3,"RT @SameerDeo5: @AshwiniVaishnaw @narendramodi
@PMOIndia
@RahulGandhi

When RRB NTPC exam result getting ""gattisakti"" ?

#rrb_ntpc_cbt1_res…",en,0,0,2021-11-20 15:26:03+00:00,0.0,0.0,Neutral
8,RT @yuvahallabol: Listen to @AnupamConnects bhaiya in discussion with @Smita_Sharma on how the Indian Railways has been cheating the educat…,en,0,0,2021-11-20 15:25:19+00:00,0.0,0.0,Neutral
9,@RailMinIndia  when will be realse rrb groupD and NTPC result,en,0,0,2021-11-20 15:23:10+00:00,0.0,0.0,Neutral
13,"@airtelindia 
If interested to provide internet lease line 100 Mbps at NTPC Barh Patna Bihar , Pl reply.",en,0,0,2021-11-20 15:21:51+00:00,0.5,0.25,Positive
15,"RT @SwarajyaMag: Uttar Pradesh: NTPC To Establish Waste To Energy Plant In Varanasi, To Process 800 Tonne Municipal Waste Per Day

https://…",en,0,0,2021-11-20 15:17:40+00:00,0.0,-0.2,Negative
16,"@AshwiniVaishnaw @RailMinIndia @DDNewslive @PIB_India @PMOIndia Utho 

modi ji jindabad 

so jaao

thats what all m… https://t.co/GSmxjYf8tk",en,0,0,2021-11-20 15:12:18+00:00,0.0,0.0,Neutral
17,@NewsRavishkumar Railway ntpc or rrc group d exam date per ek bar firr mudha utaoo plz sir ji...🙏🏻🙏🏻🙏🏻,en,1,0,2021-11-20 15:10:23+00:00,0.0,0.0,Neutral
18,"RT @SwarajyaMag: In an endeavour towards sustainable development, NTPC Vidyut Vyapar Nigam (NVVN) Limited has signed an agreement with Vara…",en,0,0,2021-11-20 14:57:20+00:00,0.14285714285714285,-0.07142857142857142,Negative
20,@RailMinIndia Ntpc group D aspirants k liye v kuch enchanting ho jaye admin🤣🤣,en,1,0,2021-11-20 14:52:15+00:00,0.0,0.0,Neutral
22,"RT @Evardaynew8: #railway_groupd_examdate
#1000_days
#railway_groupd_examdate
Yaad rakhna 1.3 cr ntpc k candidates hai, 1.25 cr rrc group d…",en,0,0,2021-11-20 14:46:10+00:00,0.0,0.0,Neutral
24,"RT @Evardaynew8: #railway_groupd_examdate
#1000_days
#railway_groupd_examdate
Yaad rakhna 1.3 cr ntpc k candidates hai, 1.25 cr rrc group d…",en,0,0,2021-11-20 14:43:14+00:00,0.0,0.0,Neutral
27,"@AshwiniVaishnaw Utho 

modi ji jindabad 

so jaao

thats what all modi's ministers,
 do whole day

forgetting that… https://t.co/5BI1Ykt7Ok",en,0,0,2021-11-20 14:38:13+00:00,0.4,0.2,Positive
29,"Ntpc result de do bhai..
Ab to Bachche bhi ho gye
@RailMinIndia @RRBKOLKATA @PMOIndia @narendramodi",en,0,0,2021-11-20 14:37:45+00:00,0.0,0.0,Neutral
38,"@RailMinIndia @AshwiniVaishnaw @RailwaySeva  #RRB_NTPC notification released in 2019, we are about to enter 2022. Y… https://t.co/sT7R4gnGl8",en,1,0,2021-11-20 14:22:13+00:00,0.0,0.0,Neutral
45,@AshwiniVaishnaw  rrb ntpc exam date?,en,0,0,2021-11-20 14:01:25+00:00,0.0,0.0,Neutral
46,"🔻 *CIVIL ENGINEERING JOBS* 
 
👉 *NTPC RECRUITMENT* 
https://t.co/ezpgTs3b8X
 
👉 *IREL RECRUITMENT*… https://t.co/PvdkysHN9i",en,0,0,2021-11-20 14:00:16+00:00,0.0,0.0,Neutral
47,@RailMinIndia Declare NTPC results,en,0,0,2021-11-20 13:59:42+00:00,0.0,0.0,Neutral
50,"RT @SameerDeo5: @AshwiniVaishnaw @narendramodi
@PMOIndia
@RahulGandhi

When RRB NTPC exam result getting ""gattisakti"" ?

#rrb_ntpc_cbt1_res…",en,0,0,2021-11-20 13:47:45+00:00,0.0,0.0,Neutral
51,"RT @Evardaynew8: #railway_groupd_examdate
Today 1000 days passed but no one know where is NTPC 2019 CBT 1 result no one know where is group…",en,0,0,2021-11-20 13:43:36+00:00,0.0,0.0,Neutral
58,RT @LaxmanNarkhede1: @AshwiniVaishnaw @PIBHindi @DDNewslive Bapu railway station me kam karne wale future employee ki tarah bhi dekho thoda…,en,0,0,2021-11-20 13:22:51+00:00,0.125,0.0,Neutral
62,"@AshwiniVaishnaw @narendramodi
@PMOIndia
@RahulGandhi

When RRB NTPC exam result getting ""gattisakti"" ?… https://t.co/VeBy8e4qg4",en,2,2,2021-11-20 13:10:29+00:00,0.0,0.0,Neutral
75,RT @r4j5522: @RailMinIndia #RRBExams #1000days of wait #rrb_ntpc_cbt1_result #RRB_GROUPD_EXAMDATE,en,0,0,2021-11-20 13:09:02+00:00,0.0,0.0,Neutral
79,RT @joy50883581: Railway Group D Physical Protest | Ntpc Result | Group D Exam Date | Gro... https://t.co/4w9LKPDG8D via @YouTube,en,0,0,2021-11-20 12:58:48+00:00,0.14285714285714285,0.0,Neutral
81,Railway Group D Physical Protest | Ntpc Result | Group D Exam Date | Gro... https://t.co/4w9LKPDG8D via @YouTube,en,0,1,2021-11-20 12:57:46+00:00,0.14285714285714285,0.0,Neutral
83,RT @VishalBaste: NTPC Recruitment 2021 Apply Online For 111 Vacancies [B.E/B.Tech]. https://t.co/6owkSa8EDR,en,0,0,2021-11-20 12:48:44+00:00,0.0,0.0,Neutral
85,@RailMinIndia #RRBExams #1000days of wait #rrb_ntpc_cbt1_result #RRB_GROUPD_EXAMDATE,en,1,1,2021-11-20 12:45:37+00:00,0.0,0.0,Neutral
90,RT @adiraw786: @AshwiniVaishnaw @mppchaudhary Sir Where is RRB NTPC  CBT -1 Result?,en,0,0,2021-11-20 12:36:42+00:00,0.0,0.0,Neutral
91,@POTUS ROGUE RASCAL SCOUNDREL BUSTARD DISCONNECT FROM NTPC RAMAGUNDAM WIFI.CHECK YOUR SERVERS.YOUR COMPLETE SCANDAL… https://t.co/sO32Lu8hMy,en,0,0,2021-11-20 12:36:28+00:00,0.4,0.1,Positive
93,@narendramodi TRANSGENDER BUSTARD DISCONNECT FROM NTPC RAMAGUNDAM WIFI,en,0,0,2021-11-20 12:33:27+00:00,0.0,0.0,Neutral
95,"RT @NikhilWanjari14: @suryapsingh_IAS Sir pls help railway aspirants, it's more than 1000 days since notification.. rrc group d exam date,,…",en,0,0,2021-11-20 12:19:46+00:00,0.5,0.5,Positive
97,"RT @IndiaInfraHub: In an endeavour towards sustainable development, NTPC Vidyut Vyapar Nigam (NVVN) Limited has signed an agreement with Va…",en,0,0,2021-11-20 12:10:10+00:00,0.14285714285714285,-0.07142857142857142,Negative
98,"RT @SwarajyaMag: In an endeavour towards sustainable development, NTPC Vidyut Vyapar Nigam (NVVN) Limited has signed an agreement with Vara…",en,0,0,2021-11-20 12:06:26+00:00,0.14285714285714285,-0.07142857142857142,Negative
99,"RT @anupam30193: #railway_groupd_examdate
#rrb_ntpc_result
Its been 4 months and no result for NTPC CBT1.
There is no update for Group D ex…",en,0,0,2021-11-20 12:05:12+00:00,0.0,0.0,Neutral
3,@skjohar @narendramodi @PMOIndia We feel proud to be part of development of Nation through NTPC and fulfilled all c… https://t.co/lx3OvFGCPB,en,0,0,2021-11-21 08:32:29+00:00,1.0,0.8,Positive
21,RT @Alokkes64085719: @TarakantaPattn2 @yuvahallabol It is indeed disturbing that even after two &amp; half yrs of notifying the NTPC and group…,en,0,0,2021-11-21 08:03:14+00:00,0.48333333333333334,-0.3333333333333333,Negative
30,"RT @PSMeena28686151: #group_d_examdate 
I argue to railway minister and Pmo sir please release group d exam date,#ntpc_result and give some…",en,0,0,2021-11-21 07:41:57+00:00,0.0,0.0,Neutral
31,"It's been 4 months, till now the result of NTPC CBT 1 has not come, why?
@RailMinIndia 
@PiyushGoyal",en,0,0,2021-11-21 07:38:32+00:00,0.0,0.0,Neutral
34,4) Disinvestment: The government is looking for Disinvestment but the speed of execution needs to be expedited very… https://t.co/vBb63XtT2a,en,0,0,2021-11-21 07:35:13+00:00,0.0,0.0,Neutral
37,Once this get going we can force the bigplayers or Even Goi Product DVC/NTPC  to have it's power generations from BENGAL as Condition.....,en,0,0,2021-11-21 07:20:36+00:00,0.0,0.0,Neutral
54,"RT @joli_kumar: why delay in group d exam ?
Reply Hon'ble Railway Minister Shri @AshwiniVaishnaw @PMOIndia

#railway_groupd_examdate
#NTPC_…",en,0,0,2021-11-21 06:42:35+00:00,0.0,0.0,Neutral
71,@AshwiniVaishnaw @anandibenpatel Sir please release RRB NTPC results and Group-D exam dates,en,2,0,2021-11-21 06:27:18+00:00,0.0,0.0,Neutral
72,@BJP4India # not a single vote to bjp #rrb group d and ntpc exam date #,en,0,0,2021-11-21 06:25:40+00:00,0.21428571428571427,0.03571428571428571,Positive
76,"RT @PSMeena28686151: #group_d_examdate 
I argue to railway minister and Pmo sir please release group d exam date,#ntpc_result and give some…",en,0,0,2021-11-21 06:22:04+00:00,0.0,0.0,Neutral
77,"RT @Utkarshtiwari50: Railways #NTPC_result
Result #ntpc
Result#NTPC_result
@NikhilGuptaID
@AshwiniVaishnaw
@qmaths_in
@Abhishe81567012
@BJP…",en,0,0,2021-11-21 06:22:00+00:00,0.0,0.0,Neutral
78,"RT @joli_kumar: why delay in group d exam ?
Reply Hon'ble Railway Minister Shri @AshwiniVaishnaw @PMOIndia

#railway_groupd_examdate
#NTPC_…",en,0,0,2021-11-21 06:21:47+00:00,0.0,0.0,Neutral
79,"RT @vjay052: Can't wait anymore...Skip RRB NTPC CBT2 exam... declare result on the basis of CBT1...
#railway_groupd_examdate
#1000_days 
#n…",en,0,0,2021-11-21 06:21:33+00:00,0.0,0.0,Neutral
80,"RT @dpksaini309: #railway_groupd_examdate 
#1000_days 
#ntpc_cbt1_result
#ntpc_result
@AshwiniVaishnaw 

Sir, please do something https://t…",en,0,0,2021-11-21 06:21:30+00:00,0.0,0.0,Neutral
81,"RT @Nitish_Karan_K: #railway_groupd_examdate
#1000_days 
#ntpc_result 
Students-
Teacher-
Government- https://t.co/EXADtNQpJv",en,0,0,2021-11-21 06:21:25+00:00,0.0,0.0,Neutral
82,RT @Kpkiranpradhan: Everything will be decided when our turn. #RRB_GROUPD_EXAMDATE #group_d_examdate #RRBGroupDexamdate #ntpc_result #RRBNT…,en,0,0,2021-11-21 06:21:18+00:00,0.0,0.0,Neutral
83,"RT @DrGauravGarg4: Is it true that it's been 1000 days since there is no update from @RailMinIndia.
What about NTPC CBT -1 Exam Result?
Wha…",en,0,0,2021-11-21 06:19:49+00:00,0.65,0.35,Positive
92,@AshwiniVaishnaw RRB ntpc or rrc group d per tweet kab karoge ? Chunav or election se MATLAB hai bass harami bjp ko.,en,2,0,2021-11-21 05:51:56+00:00,0.5,-0.15000000000000002,Negative
95,"RT @kunalpratap1507: @AshwiniVaishnaw @RailMinIndia 
RRB NTPC candidate &amp; RRC Group D candidates r planning to have massive physical peacef…",en,0,0,2021-11-21 05:36:53+00:00,0.5714285714285714,0.0,Neutral
96,@narendramodi sir please declare rrb ntpc cbt1 result and rrc group d exam date. #rrb_ntpc_result… https://t.co/Ianxfy5be9,en,0,0,2021-11-21 05:36:47+00:00,0.0,0.0,Neutral
97,"@AshwiniVaishnaw @RailMinIndia 
RRB NTPC candidate &amp; RRC Group D candidates r planning to have massive physical pea… https://t.co/NiZufVklJw",en,1,1,2021-11-21 05:36:15+00:00,0.5714285714285714,0.0,Neutral
3,"#Wakeup
#rrb
@AshwiniVaishnaw
We want NTPC result https://t.co/PvRE1xMeeA",en,0,0,2021-11-22 07:28:44+00:00,0.0,0.0,Neutral
5,RT @devesh_kasana: Listen to @AnupamConnects bhaiya in discussion with @Smita_Sharma on how the Indian Railways has been cheating the educa…,en,0,0,2021-11-22 07:26:43+00:00,0.0,0.0,Neutral
6,RT @devesh_kasana: Listen to @AnupamConnects bhaiya in discussion with @Smita_Sharma on how the Indian Railways has been cheating the educa…,en,0,0,2021-11-22 07:26:35+00:00,0.0,0.0,Neutral
11,"#NTPC DEC 140 PE 8.4 to 11.50 🚀🚀🚀
#StocksInFocus #StocksToBuy #StockMarketindia #StockToWatch #Stocks #NSE… https://t.co/ooIMPWSyGb",en,0,0,2021-11-22 07:24:24+00:00,0.0,0.0,Neutral
15,RT @devesh_kasana: Listen to @AnupamConnects bhaiya in discussion with @Smita_Sharma on how the Indian Railways has been cheating the educa…,en,0,0,2021-11-22 07:22:53+00:00,0.0,0.0,Neutral
16,"RT @dna: RRB #NTPCCBT1 result likely to be declared SOON - details here!

https://t.co/PwLUf1LTDA",en,0,0,2021-11-22 07:22:34+00:00,1.0,0.0,Neutral
17,RT @devesh_kasana: Listen to @AnupamConnects bhaiya in discussion with @Smita_Sharma on how the Indian Railways has been cheating the educa…,en,0,0,2021-11-22 07:21:52+00:00,0.0,0.0,Neutral
19,@AshwiniVaishnaw please declare rrb ntpc result 2019,en,0,0,2021-11-22 07:21:42+00:00,0.0,0.0,Neutral
22,"#PHDCCI Jharkhand Chapter conducted a physical workshop for Senior officials of #NTPC, Patratu at their PVUNL plant… https://t.co/qew4h7FMwz",en,0,0,2021-11-22 07:21:13+00:00,0.14285714285714285,0.0,Neutral
23,#IndianRailways  please declare rrb ntpc result,en,0,0,2021-11-22 07:20:44+00:00,0.0,0.0,Neutral
34,"RRB #NTPCCBT1 result likely to be declared SOON - details here!

https://t.co/PwLUf1LTDA",en,9,1,2021-11-22 07:16:23+00:00,1.0,0.0,Neutral
46,RT @devesh_kasana: Listen to @AnupamConnects bhaiya in discussion with @Smita_Sharma on how the Indian Railways has been cheating the educa…,en,0,0,2021-11-22 07:11:08+00:00,0.0,0.0,Neutral
50,"RT @RrbVoice: #1000_days
#railway_groupd_examdate
Yaad rakhna 1.3 cr ntpc k candidates hai, 1.25 cr rrc group d k candidate hai or unke sat…",en,0,0,2021-11-22 07:10:19+00:00,0.0,0.0,Neutral
52,RT @devesh_kasana: Listen to @AnupamConnects bhaiya in discussion with @Smita_Sharma on how the Indian Railways has been cheating the educa…,en,0,0,2021-11-22 07:08:52+00:00,0.0,0.0,Neutral
56,RT @devesh_kasana: Listen to @AnupamConnects bhaiya in discussion with @Smita_Sharma on how the Indian Railways has been cheating the educa…,en,0,0,2021-11-22 07:06:07+00:00,0.0,0.0,Neutral
57,RT @devesh_kasana: Listen to @AnupamConnects bhaiya in discussion with @Smita_Sharma on how the Indian Railways has been cheating the educa…,en,0,0,2021-11-22 07:05:49+00:00,0.0,0.0,Neutral
62,RT @devesh_kasana: Listen to @AnupamConnects bhaiya in discussion with @Smita_Sharma on how the Indian Railways has been cheating the educa…,en,0,0,2021-11-22 07:04:29+00:00,0.0,0.0,Neutral
64,RT @devesh_kasana: Listen to @AnupamConnects bhaiya in discussion with @Smita_Sharma on how the Indian Railways has been cheating the educa…,en,0,0,2021-11-22 07:02:59+00:00,0.0,0.0,Neutral
65,RT @devesh_kasana: Listen to @AnupamConnects bhaiya in discussion with @Smita_Sharma on how the Indian Railways has been cheating the educa…,en,0,0,2021-11-22 07:01:52+00:00,0.0,0.0,Neutral
72,Listen to @AnupamConnects bhaiya in discussion with @Smita_Sharma on how the Indian Railways has been cheating the… https://t.co/06huvVNVCH,en,5,11,2021-11-22 06:57:42+00:00,0.0,0.0,Neutral
82,"RT @Kamu17992580: PLZ have some shame modi govt it's been 1000 days since exam notification
#railway_groupd_examdate
Declare NTPC exam resu…",en,0,0,2021-11-22 06:51:44+00:00,0.0,0.0,Neutral
84,"RT @Pankaj_Guru_: Today 1000 days passed but no one know where is NTPC 2019 CBT 1 result no one know where is group D cbt 1 exam date.
#rai…",en,0,0,2021-11-22 06:51:19+00:00,0.0,0.0,Neutral
85,"Conducted by Program Director, Dr. Meenakshi Gujral, the programme on 'Enhancing B2B Skills' aims to equip business… https://t.co/4TTfnWlqGC",en,0,0,2021-11-22 06:50:46+00:00,0.0,0.0,Neutral
86,"RT @Evardaynew8: #railway_groupd_examdate
Today 1000 days passed but no one know where is NTPC 2019 CBT 1 result no one know where is group…",en,0,0,2021-11-22 06:50:36+00:00,0.0,0.0,Neutral
88,Average (औसत) Questions | SSC CHSL &amp; NTPC CBT 2 | Sandeep Sharma | Gradeup https://t.co/7ugD5oMfkY via @YouTube,en,0,0,2021-11-22 06:46:13+00:00,0.39999999999999997,-0.15,Negative
90,"RT @RrbVoice: No farmers is with Modi, No Students is with Modi, No middle class is with Modi,
#railway_groupd_examdate
#rrb_ntpc_result
#F…",en,0,0,2021-11-22 06:45:35+00:00,0.0,0.0,Neutral
95,"RT @Shubham___ptl: #railway_groupd_examdate#railway_groupd_examdate
#railway_groupd_examdate
 RRC group d exam date kha hai,
kha hai RRB NT…",en,0,0,2021-11-22 06:43:18+00:00,0.0,0.0,Neutral
97,"RT @kavita_Meena200: #railway_groupd_examdate
#railway_groupd_examdate #railway_groupd_examdate 

Ab to Exam Date do Bh...ke ya NTPC Ka res…",en,0,0,2021-11-22 06:42:58+00:00,0.0,0.0,Neutral
99,"RT @KhedlaMonu: #railway_groupd_examdate
#railway_groupd_examdate #railway_groupd_examdate 

Ab to Exam Date do Bh...ke ya NTPC Ka result h…",en,0,0,2021-11-22 06:42:42+00:00,0.0,0.0,Neutral
1,RT @Chandan37918973: @RailMinIndia NTPC EXAM CBT 2.. When it will take place?.. Please value my query.. 🙏🙏🙏,en,0,0,2021-11-23 18:46:24+00:00,0.0,0.0,Neutral
2,"RT @SHATRUD86301469: Mr. @narendramodi promised to offer 2 crore jobs every year.

India is now suffering from highest unemployment in last…",en,0,0,2021-11-23 18:46:04+00:00,0.0,0.0,Neutral
3,"RT @ydvshubh_vns: Thanks @NidhiTanejaa
#RRB_GROUPD_EXAMDATE #rrb_ntpc_result @RailMinIndia",en,0,0,2021-11-23 18:44:30+00:00,0.2,0.2,Positive
4,"RT @karthik_prem13: @ShashiTharoor  thank you sir🙏
#rrb_ntpc_result 
#RRBNTPC 
#RRB_GROUPD_EXAMDATE https://t.co/tZXmZv2Bn8",en,0,0,2021-11-23 18:44:25+00:00,0.0,0.0,Neutral
8,RT @buddheswarmall3: @RailMinIndia @AshwiniVaishnaw Sir pls Quick held Group D(NTPC) exam 🙏🙏😢😢😢,en,0,0,2021-11-23 18:43:14+00:00,0.5,0.3333333333333333,Positive
10,RT @Arbind44656573: @RailMinIndia @AshwiniVaishnaw Declared RRB NTPC results &amp; Group D exam Date,en,0,0,2021-11-23 18:42:40+00:00,0.0,0.0,Neutral
12,RT @Sandeep81311435: @RailMinIndia @AshwiniVaishnaw Rrb ntpc result declare karo and group d exam date declare kro sir,en,0,0,2021-11-23 18:42:10+00:00,0.0,0.0,Neutral
14,RT @agam_bihari: @RailMinIndia @AshwiniVaishnaw Plz conduct GROUP D exam and release NTPC CBT 1 result we are waiting for exam date more th…,en,0,0,2021-11-23 18:41:58+00:00,0.5,0.5,Positive
19,"RT @belikeshravan: @RailMinIndia 
Will you please make sure that the examination of group D and ntpc is still have to conduct...
#RRB_GROUP…",en,0,0,2021-11-23 18:40:00+00:00,0.8888888888888888,0.5,Positive
20,"@RailMinIndia @AshwiniVaishnaw Rail minister is a symbol of Failures &amp; disappointment.... 
#railway_groupd_examdate… https://t.co/iRtwNMr80y",en,0,0,2021-11-23 18:39:44+00:00,0.4,-0.6,Negative
33,@GaganPratapMath @GaderiyaSachin @AshwiniVaishnaw @RailMinIndia @PMOIndia @narendramodi @ndtv @RRBKOLKATA @the_hind… https://t.co/SmcjpyuLJa,en,0,0,2021-11-23 18:21:04+00:00,0.0,0.0,Neutral
35,"23rd November 2021 - Current Affairs

#DailyCurrentAffairsQuiz 
#dailycurrentaffairs
#currentaffairs2021… https://t.co/swb38gmujG",en,0,0,2021-11-23 18:16:23+00:00,0.4,0.0,Neutral
39,"RT @Nayakone: Top 10 #Renewable Energy #Stocks

1) Reliance 
2) Torrent Power
3) NTPC
4) Borosil Renewable
5) Tata Power
6) NHPC
7) Praj In…",en,0,0,2021-11-23 18:12:52+00:00,0.5,0.5,Positive
40,"RT @BusinessNewsPo1: #Nifty50 Gains 86.80 Points (0.50%) to close at 17503.35 , Today's High - 17553.70,  Today's Low - 17216.10
Top 5 Gain…",en,0,0,2021-11-23 18:12:22+00:00,0.4466666666666666,0.22,Positive
42,Inderjeet Kau is promoting sustainable energy consumption in the North as a student research assistant for the Nort… https://t.co/9srCDn2FzJ,en,0,0,2021-11-23 18:10:52+00:00,0.0,0.0,Neutral
44,"@Manju99962320 @psymnoper @gundigre @indiainpixels this is completely illogical, there are northies in Bengaluru be… https://t.co/bEvxSfspKJ",en,0,0,2021-11-23 18:05:35+00:00,0.4,0.1,Positive
49,"RT @Nayakone: Top 10 #Renewable Energy #Stocks

1) Reliance 
2) Torrent Power
3) NTPC
4) Borosil Renewable
5) Tata Power
6) NHPC
7) Praj In…",en,0,0,2021-11-23 18:02:50+00:00,0.5,0.5,Positive
54,"RT @Nayakone: Top 10 #Renewable Energy #Stocks

1) Reliance 
2) Torrent Power
3) NTPC
4) Borosil Renewable
5) Tata Power
6) NHPC
7) Praj In…",en,0,0,2021-11-23 17:58:23+00:00,0.5,0.5,Positive
64,Oh my god ntpc,en,0,0,2021-11-23 17:54:28+00:00,0.0,0.0,Neutral
66,"#Nifty50 Gains 86.80 Points (0.50%) to close at 17503.35 , Today's High - 17553.70,  Today's Low - 17216.10
Top 5 G… https://t.co/nYX6uiIriE",en,0,1,2021-11-23 17:51:52+00:00,0.4466666666666666,0.22,Positive
68,"RT @Kalyanr84000729: @Abhishekkar_ Jah  challe..
Why can't you spare ITC .there are other stocks for instance NTPC.Why  don't you troll the…",en,0,0,2021-11-23 17:50:56+00:00,0.375,-0.125,Negative
70,"RT @neerajk788: #railway_groupd_examdate
Rrb exam date
Ntpc result 
@HansrajMeena @NargisBano_ @RahulGandhi @RailMinIndia @ArvindKejriwal h…",en,0,0,2021-11-23 17:49:19+00:00,0.0,0.0,Neutral
81,"RT @MinOfPower: Secretary Power and Secretary MNRE were also present along  with CMD NTPC , MD SECI, officials from IOCL, EESL, NVVN , GAIL…",en,0,0,2021-11-23 17:38:44+00:00,0.0,0.0,Neutral
86,"@Architguptajii Railway ntpc pre result
Railway group d exam
Drdo 2020 mts exam date",en,2,0,2021-11-23 17:33:44+00:00,0.0,0.0,Neutral
87,"RT @Nayakone: Top 10 #Renewable Energy #Stocks

1) Reliance 
2) Torrent Power
3) NTPC
4) Borosil Renewable
5) Tata Power
6) NHPC
7) Praj In…",en,0,0,2021-11-23 17:33:21+00:00,0.5,0.5,Positive
91,"@DeepakSEditor Sir khabi railway exam ke baat kar leaje.🙏it's has been 1000 days since notification was out, we als… https://t.co/THnDeF6kvQ",en,1,0,2021-11-23 17:28:26+00:00,0.0,0.0,Neutral
93,"RT @Nayakone: Top 10 #Renewable Energy #Stocks

1) Reliance 
2) Torrent Power
3) NTPC
4) Borosil Renewable
5) Tata Power
6) NHPC
7) Praj In…",en,0,0,2021-11-23 17:22:53+00:00,0.5,0.5,Positive
