,tweet,language,likes,retweets,datetime,Subjectivity,Polarity,Analysis
0,someone just unfollowed me because i retweeted sbi fanart can i laugh https://t.co/hemBhyy9KB,en,0,0,2021-11-16 20:35:57+00:00,0.1,0.3,Positive
4,"RT @AmitMis93532571: #TanlaPlatforms #BreakingNews

This is as big as it can get -Mr Azim Premji  thru his funds has bought the remaining s…",en,0,0,2021-11-16 20:33:44+00:00,0.1,0.0,Neutral
6,"RT @catt_disc: november 16th? uhh may i offer you a sleepy bois dog shelter au instead

#sbi #sbifanart #technofanart #philzafanart #wilbur…",en,0,0,2021-11-16 20:33:34+00:00,0.0,0.0,Neutral
9,"RT @catt_disc: november 16th? uhh may i offer you a sleepy bois dog shelter au instead

#sbi #sbifanart #technofanart #philzafanart #wilbur…",en,0,0,2021-11-16 20:32:43+00:00,0.0,0.0,Neutral
10,"RT @catt_disc: november 16th? uhh may i offer you a sleepy bois dog shelter au instead

#sbi #sbifanart #technofanart #philzafanart #wilbur…",en,0,0,2021-11-16 20:32:15+00:00,0.0,0.0,Neutral
12,"RT @catt_disc: november 16th? uhh may i offer you a sleepy bois dog shelter au instead

#sbi #sbifanart #technofanart #philzafanart #wilbur…",en,0,0,2021-11-16 20:31:45+00:00,0.0,0.0,Neutral
13,just saw sbi fanart on my tl i feel ill 😭,en,0,0,2021-11-16 20:31:42+00:00,1.0,-0.5,Negative
14,"RT @catt_disc: november 16th? uhh may i offer you a sleepy bois dog shelter au instead

#sbi #sbifanart #technofanart #philzafanart #wilbur…",en,0,0,2021-11-16 20:31:39+00:00,0.0,0.0,Neutral
15,"RT @suchetadalal: Actually moron -- Harshad stole 500cr from SBI for which he was caught. He wasn't caught for ""insider trading"" or even pr…",en,0,0,2021-11-16 20:31:20+00:00,1.0,-0.8,Negative
16,"RT @catt_disc: november 16th? uhh may i offer you a sleepy bois dog shelter au instead

#sbi #sbifanart #technofanart #philzafanart #wilbur…",en,0,0,2021-11-16 20:30:39+00:00,0.0,0.0,Neutral
17,"RT @catt_disc: november 16th? uhh may i offer you a sleepy bois dog shelter au instead

#sbi #sbifanart #technofanart #philzafanart #wilbur…",en,0,0,2021-11-16 20:30:36+00:00,0.0,0.0,Neutral
18,"RT @catt_disc: november 16th? uhh may i offer you a sleepy bois dog shelter au instead

#sbi #sbifanart #technofanart #philzafanart #wilbur…",en,0,0,2021-11-16 20:30:35+00:00,0.0,0.0,Neutral
19,"RT @catt_disc: november 16th? uhh may i offer you a sleepy bois dog shelter au instead

#sbi #sbifanart #technofanart #philzafanart #wilbur…",en,0,0,2021-11-16 20:29:33+00:00,0.0,0.0,Neutral
20,"RT @catt_disc: november 16th? uhh may i offer you a sleepy bois dog shelter au instead

#sbi #sbifanart #technofanart #philzafanart #wilbur…",en,0,0,2021-11-16 20:29:24+00:00,0.0,0.0,Neutral
22,"RT @catt_disc: november 16th? uhh may i offer you a sleepy bois dog shelter au instead

#sbi #sbifanart #technofanart #philzafanart #wilbur…",en,0,0,2021-11-16 20:28:34+00:00,0.0,0.0,Neutral
24,"RT @catt_disc: november 16th? uhh may i offer you a sleepy bois dog shelter au instead

#sbi #sbifanart #technofanart #philzafanart #wilbur…",en,0,0,2021-11-16 20:27:47+00:00,0.0,0.0,Neutral
25,"RT @catt_disc: november 16th? uhh may i offer you a sleepy bois dog shelter au instead

#sbi #sbifanart #technofanart #philzafanart #wilbur…",en,0,0,2021-11-16 20:27:42+00:00,0.0,0.0,Neutral
26,"RT @catt_disc: november 16th? uhh may i offer you a sleepy bois dog shelter au instead

#sbi #sbifanart #technofanart #philzafanart #wilbur…",en,0,0,2021-11-16 20:26:54+00:00,0.0,0.0,Neutral
28,"RT @AmitMis93532571: #TanlaPlatforms #BreakingNews

This is as big as it can get -Mr Azim Premji  thru his funds has bought the remaining s…",en,0,0,2021-11-16 20:26:25+00:00,0.1,0.0,Neutral
31,"RT @catt_disc: november 16th? uhh may i offer you a sleepy bois dog shelter au instead

#sbi #sbifanart #technofanart #philzafanart #wilbur…",en,0,0,2021-11-16 20:25:29+00:00,0.0,0.0,Neutral
32,ii am missing sbi ii need tto do some morre criime,en,0,0,2021-11-16 20:24:56+00:00,0.05,-0.2,Negative
33,Not really owned. But forced down the gullet. Most are NCLT stocks that SBI had to pick in lieu of bad debts. Below… https://t.co/dMmzarOU6j,en,0,0,2021-11-16 20:24:50+00:00,0.3711111111111111,-0.15111111111111108,Negative
36,"RT @catt_disc: november 16th? uhh may i offer you a sleepy bois dog shelter au instead

#sbi #sbifanart #technofanart #philzafanart #wilbur…",en,0,0,2021-11-16 20:23:35+00:00,0.0,0.0,Neutral
37,"RT @sinnamonaltt: Still not over the fact that Thoma’s ENG VA is a frickin techno and sbi enjoyer, someone hold my hand pls—

[ #thomafanar…",en,0,0,2021-11-16 20:23:00+00:00,0.0,0.0,Neutral
39,"RT @catt_disc: november 16th? uhh may i offer you a sleepy bois dog shelter au instead

#sbi #sbifanart #technofanart #philzafanart #wilbur…",en,0,0,2021-11-16 20:22:01+00:00,0.0,0.0,Neutral
40,See in reality I proclaim myself an SBI + Bench trio fanatic but really I'm a mere Inniter who screams at the sight of family dynamic,en,0,0,2021-11-16 20:21:48+00:00,0.48888888888888893,-0.26666666666666666,Negative
42,"RT @catt_disc: november 16th? uhh may i offer you a sleepy bois dog shelter au instead

#sbi #sbifanart #technofanart #philzafanart #wilbur…",en,0,0,2021-11-16 20:20:40+00:00,0.0,0.0,Neutral
43,"RT @catt_disc: november 16th? uhh may i offer you a sleepy bois dog shelter au instead

#sbi #sbifanart #technofanart #philzafanart #wilbur…",en,0,0,2021-11-16 20:20:25+00:00,0.0,0.0,Neutral
45,"RT @catt_disc: november 16th? uhh may i offer you a sleepy bois dog shelter au instead

#sbi #sbifanart #technofanart #philzafanart #wilbur…",en,0,0,2021-11-16 20:19:38+00:00,0.0,0.0,Neutral
46,"RT @indrajeetmaximo: UPI transactions have jumped 70 times in the last 4 years: SBI report 

https://t.co/pm3zyvcPWz https://t.co/pm3zyvcPWz",en,0,0,2021-11-16 20:18:57+00:00,0.06666666666666667,0.0,Neutral
47,"RT @catt_disc: november 16th? uhh may i offer you a sleepy bois dog shelter au instead

#sbi #sbifanart #technofanart #philzafanart #wilbur…",en,0,0,2021-11-16 20:18:34+00:00,0.0,0.0,Neutral
50,"RT @catt_disc: november 16th? uhh may i offer you a sleepy bois dog shelter au instead

#sbi #sbifanart #technofanart #philzafanart #wilbur…",en,0,0,2021-11-16 20:16:14+00:00,0.0,0.0,Neutral
51,"RT @catt_disc: november 16th? uhh may i offer you a sleepy bois dog shelter au instead

#sbi #sbifanart #technofanart #philzafanart #wilbur…",en,0,0,2021-11-16 20:16:12+00:00,0.0,0.0,Neutral
53,"RT @catt_disc: november 16th? uhh may i offer you a sleepy bois dog shelter au instead

#sbi #sbifanart #technofanart #philzafanart #wilbur…",en,0,0,2021-11-16 20:15:41+00:00,0.0,0.0,Neutral
54,"RT @catt_disc: november 16th? uhh may i offer you a sleepy bois dog shelter au instead

#sbi #sbifanart #technofanart #philzafanart #wilbur…",en,0,0,2021-11-16 20:14:34+00:00,0.0,0.0,Neutral
56,"In today's update??? Bedrock Bros take over my Vampire!SBI fic again!!! 

https://t.co/oIdbEh03LW https://t.co/KsiFE4rQhi",en,3,0,2021-11-16 20:13:46+00:00,0.0,0.0,Neutral
58,"RT @catt_disc: november 16th? uhh may i offer you a sleepy bois dog shelter au instead

#sbi #sbifanart #technofanart #philzafanart #wilbur…",en,0,0,2021-11-16 20:13:00+00:00,0.0,0.0,Neutral
59,"RT @Trading0secrets: 5 penny stocks owned by SBI 

⚡rattan India - 3.90

⚡jaiprakash power  - 4.50

⚡gangotri textile - 1.25 

⚡gujrat stat…",en,0,0,2021-11-16 20:12:34+00:00,0.0,0.0,Neutral
61,"RT @bedrockartist: the ""b"" in sbi stands for bedrockbros (real)",en,0,0,2021-11-16 20:11:50+00:00,0.30000000000000004,0.2,Positive
62,@ArjunB9591 That's what I felt when I got the allotment of sbi cards but no worrys who knows may be it can becone g… https://t.co/3GvhpqTpIV,en,0,0,2021-11-16 20:11:12+00:00,0.0,0.0,Neutral
63,"RT @catt_disc: november 16th? uhh may i offer you a sleepy bois dog shelter au instead

#sbi #sbifanart #technofanart #philzafanart #wilbur…",en,0,0,2021-11-16 20:10:55+00:00,0.0,0.0,Neutral
64,"RT @sbi_uk: SBI UK, Birmingham team won Enterprise of the Year at Signature Awards (London) 2021.

Thank you once again to Ninder Johal DL…",en,0,0,2021-11-16 20:10:16+00:00,0.0,0.0,Neutral
65,RT @TheOfficialSBI: SBI offers Internet Banking services in 15 languages. Log on to https://t.co/iZkW9hpl83 and avail various banking facil…,en,0,0,2021-11-16 20:09:59+00:00,0.25,0.05,Positive
66,"RT @catt_disc: november 16th? uhh may i offer you a sleepy bois dog shelter au instead

#sbi #sbifanart #technofanart #philzafanart #wilbur…",en,0,0,2021-11-16 20:08:48+00:00,0.0,0.0,Neutral
67,"RT @catt_disc: november 16th? uhh may i offer you a sleepy bois dog shelter au instead

#sbi #sbifanart #technofanart #philzafanart #wilbur…",en,0,0,2021-11-16 20:08:40+00:00,0.0,0.0,Neutral
69,RT @LeHighburyFC: Through no fault of mine SBI is not deducting payments properly and causing issues to people's credit score. This will be…,en,0,0,2021-11-16 20:06:51+00:00,0.1,0.0,Neutral
70,"RT @catt_disc: november 16th? uhh may i offer you a sleepy bois dog shelter au instead

#sbi #sbifanart #technofanart #philzafanart #wilbur…",en,0,0,2021-11-16 20:06:32+00:00,0.0,0.0,Neutral
71,"RT @catt_disc: november 16th? uhh may i offer you a sleepy bois dog shelter au instead

#sbi #sbifanart #technofanart #philzafanart #wilbur…",en,0,0,2021-11-16 20:06:06+00:00,0.0,0.0,Neutral
74,ii am goiing tto collect sbi + tubbo all of tthem,en,0,0,2021-11-16 20:04:30+00:00,0.0,0.0,Neutral
75,@gnfsgroupie it’s the wrong choice but i’m fixated on found family sbi,en,1,0,2021-11-16 20:04:23+00:00,0.9,-0.5,Negative
77,"RT @catt_disc: november 16th? uhh may i offer you a sleepy bois dog shelter au instead

#sbi #sbifanart #technofanart #philzafanart #wilbur…",en,0,0,2021-11-16 20:03:46+00:00,0.0,0.0,Neutral
78,"RT @Trading0secrets: 5 penny stocks owned by SBI 

⚡rattan India - 3.90

⚡jaiprakash power  - 4.50

⚡gangotri textile - 1.25 

⚡gujrat stat…",en,0,0,2021-11-16 20:03:07+00:00,0.0,0.0,Neutral
79,"RT @catt_disc: november 16th? uhh may i offer you a sleepy bois dog shelter au instead

#sbi #sbifanart #technofanart #philzafanart #wilbur…",en,0,0,2021-11-16 20:02:09+00:00,0.0,0.0,Neutral
81,"RT @NewIndianXpress: It's time the government stopped giving cycles to students and started giving ipad and laptops instead, said Arundhati…",en,0,0,2021-11-16 20:02:00+00:00,0.0,0.0,Neutral
83,"RT @K26s9v56: UPI transactions have jumped 70 times in the last 4 years: SBI report
https://t.co/GDrkbXO9oP

via NaMo App https://t.co/Gpr3…",en,0,0,2021-11-16 20:01:40+00:00,0.06666666666666667,0.0,Neutral
86,"RT @catt_disc: november 16th? uhh may i offer you a sleepy bois dog shelter au instead

#sbi #sbifanart #technofanart #philzafanart #wilbur…",en,0,0,2021-11-16 20:00:43+00:00,0.0,0.0,Neutral
88,"RT @catt_disc: november 16th? uhh may i offer you a sleepy bois dog shelter au instead

#sbi #sbifanart #technofanart #philzafanart #wilbur…",en,0,0,2021-11-16 20:00:06+00:00,0.0,0.0,Neutral
90,"RT @catt_disc: november 16th? uhh may i offer you a sleepy bois dog shelter au instead

#sbi #sbifanart #technofanart #philzafanart #wilbur…",en,0,0,2021-11-16 19:59:45+00:00,0.0,0.0,Neutral
91,"RT @Trading0secrets: 5 penny stocks owned by SBI 

⚡rattan India - 3.90

⚡jaiprakash power  - 4.50

⚡gangotri textile - 1.25 

⚡gujrat stat…",en,0,0,2021-11-16 19:59:41+00:00,0.0,0.0,Neutral
92,"RT @abrilliantchil1: @StinkyMars @artincatastroph hi! im teddy and i write the angsty things
you can find all of my fics here:
https://t.co…",en,0,0,2021-11-16 19:59:21+00:00,0.0,0.0,Neutral
94,"RT @abrilliantchil1: @StinkyMars @artincatastroph hi! im teddy and i write the angsty things
you can find all of my fics here:
https://t.co…",en,0,0,2021-11-16 19:59:03+00:00,0.0,0.0,Neutral
95,"@StinkyMars @artincatastroph hi! im teddy and i write the angsty things
you can find all of my fics here:… https://t.co/HEG3MMmNnE",en,3,2,2021-11-16 19:58:51+00:00,0.0,0.0,Neutral
96,"RT @catt_disc: november 16th? uhh may i offer you a sleepy bois dog shelter au instead

#sbi #sbifanart #technofanart #philzafanart #wilbur…",en,0,0,2021-11-16 19:58:41+00:00,0.0,0.0,Neutral
97,"RT @catt_disc: november 16th? uhh may i offer you a sleepy bois dog shelter au instead

#sbi #sbifanart #technofanart #philzafanart #wilbur…",en,0,0,2021-11-16 19:57:38+00:00,0.0,0.0,Neutral
98,"RT @catt_disc: november 16th? uhh may i offer you a sleepy bois dog shelter au instead

#sbi #sbifanart #technofanart #philzafanart #wilbur…",en,0,0,2021-11-16 19:57:21+00:00,0.0,0.0,Neutral
99,"RT @catt_disc: november 16th? uhh may i offer you a sleepy bois dog shelter au instead

#sbi #sbifanart #technofanart #philzafanart #wilbur…",en,0,0,2021-11-16 19:57:09+00:00,0.0,0.0,Neutral
0,"@Kannan_Saran Alternatively, you may also call on SBI's helpline number i.e. 1800 11 2211 (toll-free), 1800 425 380… https://t.co/NRiZHfcyAq",en,0,0,2021-11-17 20:08:09+00:00,0.0,0.0,Neutral
1,"@Kannan_Saran Dear Customer, we regret the inconvenience caused to you. We request you to share the relevant detail… https://t.co/JEUSjHZ0I5",en,0,0,2021-11-17 20:08:09+00:00,0.9,0.4,Positive
3,"RT @PsykhoR: My roommate is a ghost AU rivals edition (part1)
#rivalstwtfanart #rivalstwt #dsmp #dreamfanart #technofanart  #SBI https://t.…",en,0,0,2021-11-17 20:06:23+00:00,0.0,0.0,Neutral
4,"when youre reading mcyt fics, do you read it in the persons voice? bc like. if im reading sbi,, it does not sound l… https://t.co/pYsjAlUoiC",en,1,0,2021-11-17 20:05:47+00:00,0.4,-0.2,Negative
5,"RT @PsykhoR: My roommate is a ghost AU rivals edition (part1)
#rivalstwtfanart #rivalstwt #dsmp #dreamfanart #technofanart  #SBI https://t.…",en,0,0,2021-11-17 20:05:22+00:00,0.0,0.0,Neutral
6,@alliumvoids all sbi counts ii take tthem all and ii out them iin my pocket /j,en,0,0,2021-11-17 20:05:13+00:00,0.0,0.0,Neutral
7,"RT @PsykhoR: My roommate is a ghost AU rivals edition (part1)
#rivalstwtfanart #rivalstwt #dsmp #dreamfanart #technofanart  #SBI https://t.…",en,0,0,2021-11-17 20:05:11+00:00,0.0,0.0,Neutral
8,"RT @sumanchalissery: You can use another method to help. Both are verified ✅️
Google Pay or , UPI 
ACCOUNT DETAILS
Arshika s
AC No: 4042088…",en,0,0,2021-11-17 20:04:32+00:00,0.0,0.0,Neutral
10,"RT @OfficeOfPrateek: UPI transactions have jumped 70 times in the last 4 years: SBI report
 https://t.co/2JxOqG9n44

via NaMo App https://t…",en,0,0,2021-11-17 20:03:34+00:00,0.06666666666666667,0.0,Neutral
13,"RT @OfficeOfPrateek: UPI transactions have jumped 70 times in the last 4 years: SBI report
 https://t.co/2JxOqG9n44

via NaMo App https://t…",en,0,0,2021-11-17 20:01:33+00:00,0.06666666666666667,0.0,Neutral
14,"RT @PsykhoR: My roommate is a ghost AU rivals edition (part1)
#rivalstwtfanart #rivalstwt #dsmp #dreamfanart #technofanart  #SBI https://t.…",en,0,0,2021-11-17 20:01:15+00:00,0.0,0.0,Neutral
15,Ok I’m over my hating sbi arc where is my family -💿,en,1,0,2021-11-17 20:01:12+00:00,0.5,0.5,Positive
16,"RT @PsykhoR: My roommate is a ghost AU rivals edition (part1)
#rivalstwtfanart #rivalstwt #dsmp #dreamfanart #technofanart  #SBI https://t.…",en,0,0,2021-11-17 20:00:55+00:00,0.0,0.0,Neutral
17,ii need a phiil irl / iintroject tto complete my sbi stealiing but iits ok ii will back down from stealiing all sbi possiible for now,en,1,0,2021-11-17 20:00:06+00:00,0.2972222222222222,0.1111111111111111,Positive
18,"RT @PsykhoR: My roommate is a ghost AU rivals edition (part1)
#rivalstwtfanart #rivalstwt #dsmp #dreamfanart #technofanart  #SBI https://t.…",en,0,0,2021-11-17 19:59:56+00:00,0.0,0.0,Neutral
19,"RT @OfficeOfPrateek: UPI transactions have jumped 70 times in the last 4 years: SBI report
 https://t.co/2JxOqG9n44

via NaMo App https://t…",en,0,0,2021-11-17 19:59:45+00:00,0.06666666666666667,0.0,Neutral
22,does anyone have sbi family dynamic fic recommendations? with no angst thank youu,en,2,0,2021-11-17 19:56:45+00:00,0.16666666666666666,0.0,Neutral
23,"RT @PsykhoR: My roommate is a ghost AU rivals edition (part1)
#rivalstwtfanart #rivalstwt #dsmp #dreamfanart #technofanart  #SBI https://t.…",en,0,0,2021-11-17 19:56:39+00:00,0.0,0.0,Neutral
24,"@MiIfHunter42069 i dont know how i would feel about that

sbi artist goes dream team",en,1,0,2021-11-17 19:55:37+00:00,0.0,0.0,Neutral
25,"RT @PsykhoR: My roommate is a ghost AU rivals edition (part1)
#rivalstwtfanart #rivalstwt #dsmp #dreamfanart #technofanart  #SBI https://t.…",en,0,0,2021-11-17 19:55:27+00:00,0.0,0.0,Neutral
26,"RT @PsykhoR: My roommate is a ghost AU rivals edition (part1)
#rivalstwtfanart #rivalstwt #dsmp #dreamfanart #technofanart  #SBI https://t.…",en,0,0,2021-11-17 19:55:26+00:00,0.0,0.0,Neutral
27,"@GH0STBRR devil town, it's a small town horror and is sbi centered, really heartwrenching and good atmosphere :)",en,0,0,2021-11-17 19:54:47+00:00,0.55,0.2875,Positive
28,"i am not going to let someone who wasnt here for the smajor edits, tubbo notices, sbi layout, delicatewatermelontwt… https://t.co/YbJaMQNdEj",en,0,0,2021-11-17 19:54:44+00:00,0.0,0.0,Neutral
29,"RT @PsykhoR: My roommate is a ghost AU rivals edition (part1)
#rivalstwtfanart #rivalstwt #dsmp #dreamfanart #technofanart  #SBI https://t.…",en,0,0,2021-11-17 19:52:30+00:00,0.0,0.0,Neutral
30,"RT @PsykhoR: My roommate is a ghost AU rivals edition (part1)
#rivalstwtfanart #rivalstwt #dsmp #dreamfanart #technofanart  #SBI https://t.…",en,0,0,2021-11-17 19:52:12+00:00,0.0,0.0,Neutral
32,"RT @PsykhoR: My roommate is a ghost AU rivals edition (part1)
#rivalstwtfanart #rivalstwt #dsmp #dreamfanart #technofanart  #SBI https://t.…",en,0,0,2021-11-17 19:52:01+00:00,0.0,0.0,Neutral
35,RT @SBIMDRDB: Power packed CEO panel at SBI Banking and Economics conclave,en,0,0,2021-11-17 19:50:52+00:00,0.0,0.0,Neutral
37,"RT @PsykhoR: My roommate is a ghost AU rivals edition (part1)
#rivalstwtfanart #rivalstwt #dsmp #dreamfanart #technofanart  #SBI https://t.…",en,0,0,2021-11-17 19:50:31+00:00,0.0,0.0,Neutral
38,"RT @PsykhoR: Sally is a lady in a fish costume, i refuse to believe otherwise
#wilburfanart #sally #sbifanart #SBI #wilbursootfanart #techn…",en,0,0,2021-11-17 19:50:21+00:00,0.0,0.0,Neutral
40,"RT @PsykhoR: My roommate is a ghost AU rivals edition (part1)
#rivalstwtfanart #rivalstwt #dsmp #dreamfanart #technofanart  #SBI https://t.…",en,0,0,2021-11-17 19:49:03+00:00,0.0,0.0,Neutral
41,"RT @PsykhoR: My roommate is a ghost AU rivals edition (part1)
#rivalstwtfanart #rivalstwt #dsmp #dreamfanart #technofanart  #SBI https://t.…",en,0,0,2021-11-17 19:48:59+00:00,0.0,0.0,Neutral
42,"RT @PsykhoR: My roommate is a ghost AU rivals edition (part1)
#rivalstwtfanart #rivalstwt #dsmp #dreamfanart #technofanart  #SBI https://t.…",en,0,0,2021-11-17 19:48:41+00:00,0.0,0.0,Neutral
44,RT @lmanwife: imagine me picking tommy up like a claw machine from sbi and putting him in samskidstwt immediately,en,0,0,2021-11-17 19:48:11+00:00,0.0,0.0,Neutral
46,"RT @PsykhoR: My roommate is a ghost AU rivals edition (part1)
#rivalstwtfanart #rivalstwt #dsmp #dreamfanart #technofanart  #SBI https://t.…",en,0,0,2021-11-17 19:47:41+00:00,0.0,0.0,Neutral
47,"RT @PsykhoR: My roommate is a ghost AU rivals edition (part1)
#rivalstwtfanart #rivalstwt #dsmp #dreamfanart #technofanart  #SBI https://t.…",en,0,0,2021-11-17 19:47:38+00:00,0.0,0.0,Neutral
48,"RT @PsykhoR: My roommate is a ghost AU rivals edition (part1)
#rivalstwtfanart #rivalstwt #dsmp #dreamfanart #technofanart  #SBI https://t.…",en,0,0,2021-11-17 19:47:11+00:00,0.0,0.0,Neutral
49,"RT @PsykhoR: My roommate is a ghost AU rivals edition (part1)
#rivalstwtfanart #rivalstwt #dsmp #dreamfanart #technofanart  #SBI https://t.…",en,0,0,2021-11-17 19:46:42+00:00,0.0,0.0,Neutral
50,"RT @PsykhoR: My roommate is a ghost AU rivals edition (part1)
#rivalstwtfanart #rivalstwt #dsmp #dreamfanart #technofanart  #SBI https://t.…",en,0,0,2021-11-17 19:45:18+00:00,0.0,0.0,Neutral
52,"RT @PsykhoR: My roommate is a ghost AU rivals edition (part1)
#rivalstwtfanart #rivalstwt #dsmp #dreamfanart #technofanart  #SBI https://t.…",en,0,0,2021-11-17 19:44:55+00:00,0.0,0.0,Neutral
53,"RT @PsykhoR: My roommate is a ghost AU rivals edition (part1)
#rivalstwtfanart #rivalstwt #dsmp #dreamfanart #technofanart  #SBI https://t.…",en,0,0,2021-11-17 19:44:48+00:00,0.0,0.0,Neutral
54,"RT @PsykhoR: My roommate is a ghost AU rivals edition (part1)
#rivalstwtfanart #rivalstwt #dsmp #dreamfanart #technofanart  #SBI https://t.…",en,0,0,2021-11-17 19:44:12+00:00,0.0,0.0,Neutral
55,"@darugona_ Unspeakable lmao, and now benchtrio + sbi &lt;33",en,0,0,2021-11-17 19:44:04+00:00,1.0,0.6,Positive
57,"RT @PsykhoR: My roommate is a ghost AU rivals edition (part1)
#rivalstwtfanart #rivalstwt #dsmp #dreamfanart #technofanart  #SBI https://t.…",en,0,0,2021-11-17 19:43:00+00:00,0.0,0.0,Neutral
59,SBI shares tips to avoid KYC frauds for its customers - Details here | Zee Business https://t.co/5OtmqRoq09 #Fintech #Finops,en,0,0,2021-11-17 19:42:06+00:00,0.0,0.0,Neutral
60,"RT @PsykhoR: My roommate is a ghost AU rivals edition (part1)
#rivalstwtfanart #rivalstwt #dsmp #dreamfanart #technofanart  #SBI https://t.…",en,0,0,2021-11-17 19:40:32+00:00,0.0,0.0,Neutral
62,"the sbi ""family"" chasing dream and trying to guess his next move while tommy and tubbo are just charged with the stupid thief",en,0,0,2021-11-17 19:39:19+00:00,0.5,-0.39999999999999997,Negative
63,also i hate that c!phil is actually not that bad of a father because his only canon son is wilbur. if sbi family dy… https://t.co/6DBytZ75bx,en,1,0,2021-11-17 19:38:08+00:00,0.6666666666666666,-0.375,Negative
64,@Little_Wolf1995 @cpmeena95 Sbi is getting this praise. Wonderful. Unexpected.,en,0,0,2021-11-17 19:35:18+00:00,1.0,0.55,Positive
66,The SBI Feed: Ducati Streetfighter V4 SP – First Look + more for your weekly drop of moto-lifestyle news -… https://t.co/eIwaIA0KMG,en,1,0,2021-11-17 19:31:58+00:00,0.41666666666666663,0.375,Positive
68,"@trojangalaxy Talk about techbo mostly but I am in traffic/hermit/sbi/yip twt so there's that, I also am rewatching empires :)",en,0,0,2021-11-17 19:31:21+00:00,0.75,0.5,Positive
69,RT @jyuqur: c!sbi IS DEAD YOU HEAR ME? C!SBI DEAD GONE SIX FEET UNDERGROUND C!SAMSKIDS IS WHERE IS AT /DSMP RP,en,0,0,2021-11-17 19:29:55+00:00,0.4,-0.2,Negative
70,SBI Clerk Main Result 2021 for Junior Associates Posts Out at https://t.co/MCQTRbvujX https://t.co/SA7H2nlgOD,en,0,0,2021-11-17 19:29:10+00:00,0.3333333333333333,0.16666666666666666,Positive
73,RT @MmPowering: SBI PO Preparation Strategy: Some do’s and dont’s https://t.co/kqxeLec9kL https://t.co/CNDr3qYXlI,en,0,0,2021-11-17 19:27:28+00:00,0.0,0.0,Neutral
76,"RT @PsykhoR: My roommate is a ghost AU rivals edition (part1)
#rivalstwtfanart #rivalstwt #dsmp #dreamfanart #technofanart  #SBI https://t.…",en,0,0,2021-11-17 19:25:20+00:00,0.0,0.0,Neutral
77,RT @CNBCTV18News: Catch @RBI Governor @DasShaktikanta in conversation with #SBI Chairman Dinesh Khara at the 8th #SBIConclave on the contou…,en,0,0,2021-11-17 19:25:11+00:00,0.0,0.0,Neutral
78,"RT @PsykhoR: My roommate is a ghost AU rivals edition (part1)
#rivalstwtfanart #rivalstwt #dsmp #dreamfanart #technofanart  #SBI https://t.…",en,0,0,2021-11-17 19:25:02+00:00,0.0,0.0,Neutral
79,"SBI FANFIC REC #41

Title: Whispers of Red

Author: Alexander_Wesker

Chapters: 26/26

https://t.co/QuovxDIna3 https://t.co/gNZfcf3his",en,1,0,2021-11-17 19:24:56+00:00,0.0,0.0,Neutral
80,"SBI FANFIC REC #40

Title: Wasting Your Time

Author: shutupanakin

Summary: Tommy planned on dying. He meets Wilbu… https://t.co/1kX8XHX52y",en,1,0,2021-11-17 19:24:52+00:00,0.0,0.0,Neutral
81,"RT @PsykhoR: My roommate is a ghost AU rivals edition (part1)
#rivalstwtfanart #rivalstwt #dsmp #dreamfanart #technofanart  #SBI https://t.…",en,0,0,2021-11-17 19:24:34+00:00,0.0,0.0,Neutral
82,the sbi fd posts have only been wholesome this far but i have hurt/comfort plans &gt;:),en,8,0,2021-11-17 19:24:26+00:00,1.0,0.19999999999999998,Positive
83,"RT @PsykhoR: My roommate is a ghost AU rivals edition (part1)
#rivalstwtfanart #rivalstwt #dsmp #dreamfanart #technofanart  #SBI https://t.…",en,0,0,2021-11-17 19:24:15+00:00,0.0,0.0,Neutral
84,"RT @PsykhoR: My roommate is a ghost AU rivals edition (part1)
#rivalstwtfanart #rivalstwt #dsmp #dreamfanart #technofanart  #SBI https://t.…",en,0,0,2021-11-17 19:23:56+00:00,0.0,0.0,Neutral
85,Honda Navi miniMOTO - Honda packs a whole lot of excitement into its micro-sized 2022 Navi miniMOTO and its finally… https://t.co/HemXYLTatI,en,0,0,2021-11-17 19:23:30+00:00,0.4,0.2,Positive
86,sbi neither refunding or debit.. #LatentViewAnalytics #latentipo #latentviewipo,en,3,0,2021-11-17 19:21:43+00:00,0.0,0.0,Neutral
87,"RT @PsykhoR: My roommate is a ghost AU rivals edition (part1)
#rivalstwtfanart #rivalstwt #dsmp #dreamfanart #technofanart  #SBI https://t.…",en,0,0,2021-11-17 19:21:42+00:00,0.0,0.0,Neutral
88,"RT @TheOfficialSBI: KYC fraud is real, and it has proliferated across the country. The fraudster sends a text message pretending to be a ba…",en,0,0,2021-11-17 19:21:38+00:00,0.30000000000000004,0.2,Positive
89,"RT @PsykhoR: My roommate is a ghost AU rivals edition (part1)
#rivalstwtfanart #rivalstwt #dsmp #dreamfanart #technofanart  #SBI https://t.…",en,0,0,2021-11-17 19:21:28+00:00,0.0,0.0,Neutral
91,"RT @PsykhoR: My roommate is a ghost AU rivals edition (part1)
#rivalstwtfanart #rivalstwt #dsmp #dreamfanart #technofanart  #SBI https://t.…",en,0,0,2021-11-17 19:19:54+00:00,0.0,0.0,Neutral
92,The HJC Red Bull Austin GP RPHA 1N Helmet was designed and developed after several years of focused efforts and cru… https://t.co/ByjekiUvjz,en,0,0,2021-11-17 19:18:44+00:00,0.09999999999999999,0.03333333333333333,Positive
94,"@TheOfficialSBI @SBI_FOUNDATION @sbi_yfi
@sbigeneral @GANESHKS0123

This #sbi #quick application of #sbin is very b… https://t.co/q3bCKOkUQr",en,1,0,2021-11-17 19:18:17+00:00,0.4,0.26666666666666666,Positive
95,"Hi SBI Team,
In Oct 2020 I switched my Home loan from Max Gain to Term Loan, also paid conversion fees for for inte… https://t.co/vnbWFZuTag",en,0,0,2021-11-17 19:17:35+00:00,0.0,0.0,Neutral
96,@wilbisoot Tubbo most likely cause they be kinda similar to him so that he could be the imposter. And w/ tommy char… https://t.co/rer4tNuPcn,en,1,0,2021-11-17 19:16:58+00:00,0.6333333333333333,0.16666666666666666,Positive
3,"RT @sircantus: AU where benchtrio are the big bad villains who have come out of nowhere. SBI &amp; Dreamteam are superheros like ""they're dange…",en,0,0,2021-11-18 22:05:55+00:00,0.3833333333333333,-0.3499999999999999,Negative
4,"RT @Mukeshias: Ahmedabad Municipal Corporation appreciates the efforts of SBI, HDFC,BOI &amp; UBI Bank officials for sanctioning more than 500…",en,0,0,2021-11-18 22:05:03+00:00,0.5,0.5,Positive
8,"RT @PsykhoR: Sally is a lady in a fish costume, i refuse to believe otherwise
#wilburfanart #sally #sbifanart #SBI #wilbursootfanart #techn…",en,0,0,2021-11-18 22:03:01+00:00,0.0,0.0,Neutral
13,"Bitch I’m Big SBI Ain’t no Cap in My Rap, And I’m Deadass",en,0,0,2021-11-18 21:59:40+00:00,0.1,0.0,Neutral
15,@ajzone008 @TheOfficialSBI First tell those mc to work what are you getting paid for We are depositing the money th… https://t.co/mBGIPLiEkA,en,0,0,2021-11-18 21:58:13+00:00,0.3333333333333333,0.25,Positive
18,"RT @PsykhoR: Sally is a lady in a fish costume, i refuse to believe otherwise
#wilburfanart #sally #sbifanart #SBI #wilbursootfanart #techn…",en,0,0,2021-11-18 21:54:44+00:00,0.0,0.0,Neutral
20,"RT @PsykhoR: Sally is a lady in a fish costume, i refuse to believe otherwise
#wilburfanart #sally #sbifanart #SBI #wilbursootfanart #techn…",en,0,0,2021-11-18 21:54:08+00:00,0.0,0.0,Neutral
25,"RT @PsykhoR: Sally is a lady in a fish costume, i refuse to believe otherwise
#wilburfanart #sally #sbifanart #SBI #wilbursootfanart #techn…",en,0,0,2021-11-18 21:50:01+00:00,0.0,0.0,Neutral
26,RT @sircantus: I wanna write a zombie apocalypse AU for sbi but its literally zero angst and just a bunch of idiots fuckin around. Wilbur e…,en,0,0,2021-11-18 21:48:10+00:00,0.8,-0.8,Negative
29,"RT @TheOfficialSBI: SBI extended institutional financial support to contribute towards India's agricultural growth, boosting Green Revoluti…",en,0,0,2021-11-18 21:44:43+00:00,0.15,-0.1,Negative
31,@ajzone008 @TheOfficialSBI Yes iv been many times to sbi bank i hav a confusion is that these ppl treat the custome… https://t.co/6fgAumH7nn,en,0,0,2021-11-18 21:43:27+00:00,0.5,0.5,Positive
36,@SBICard_Connect Kindly make sure that when I know the status of my two addon card.I already provided my both kyc v… https://t.co/jemqtGoLDY,en,0,0,2021-11-18 21:36:23+00:00,0.8944444444444444,0.55,Positive
37,@timesofindia Then why should the ex-chairman of SBI Shri. Pratip Chaudhuri live in a hospital to avoid the jail life?,en,0,0,2021-11-18 21:35:35+00:00,0.25,0.018181818181818174,Positive
44,"New chapter of ""I found out I like the noise"" is out!
It's sbi bc I've been sad soo
https://t.co/wnktShdP7K",en,0,0,2021-11-18 21:31:28+00:00,0.7272727272727273,-0.1647727272727273,Negative
53,"RT @TheOfficialSBI: KYC fraud is real, and it has proliferated across the country. The fraudster sends a text message pretending to be a ba…",en,0,0,2021-11-18 21:20:13+00:00,0.30000000000000004,0.2,Positive
54,@zone_astronomy Not Photoshop. It happens to women too. https://t.co/RIFIN7UbGz https://t.co/x9vaSaQrCs,en,2,0,2021-11-18 21:20:11+00:00,0.0,0.0,Neutral
55,"RT @PsykhoR: Sally is a lady in a fish costume, i refuse to believe otherwise
#wilburfanart #sally #sbifanart #SBI #wilbursootfanart #techn…",en,0,0,2021-11-18 21:19:53+00:00,0.0,0.0,Neutral
57,"RT @TheOfficialSBI: Experience technology,

Experience YONO Lite. 

For details, click here : https://t.co/uP7JXe6c4f  

#SBI #YONOLite #Go…",en,0,0,2021-11-18 21:17:54+00:00,0.0,0.0,Neutral
63,"RT @LoserRobotic: “Some days are better than others 🌸❤️‍🩹”
I can feel myself getting sick and I think my brother can tell cuz he’s been sup…",en,0,0,2021-11-18 21:07:06+00:00,0.6785714285714286,-0.10714285714285715,Negative
68,@myghostberry Yup! I believe Tommys talked about how he was an SBI enjoyer before he started getting to know any of… https://t.co/VfEIptNj4b,en,1,0,2021-11-18 21:05:13+00:00,0.0,0.0,Neutral
72,vote sbi foster kid tommy au please https://t.co/qibQDFjnry,en,1,0,2021-11-18 21:01:46+00:00,0.0,0.0,Neutral
74,"RT @kmarkri: HFDC bank total employees
As on 30/9/20 was 117082 
As on 30/6/21 was 123473
As on 30/9/21 was 129341 
No of branches as on 30…",en,0,0,2021-11-18 21:00:44+00:00,0.75,0.0,Neutral
78,@bisonyeondan SBI will get back but Twitter won't please 😭😭😭,en,0,0,2021-11-18 20:56:30+00:00,0.0,0.0,Neutral
79,RT @ChVenkatachalam: The news about arrest of former SBI Chairman Mr. Pratip Chaudhury is shocking and obviously it is over-stepping and un…,en,0,0,2021-11-18 20:55:21+00:00,0.375,-0.2625,Negative
81,"RT @bankeronduty: India's largest lender State Bank of India (SBI) today reported standalone second quarter net profit of ₹7,626 crore, whi…",en,0,0,2021-11-18 20:54:25+00:00,0.0,0.0,Neutral
84,"RT @PsykhoR: Sally is a lady in a fish costume, i refuse to believe otherwise
#wilburfanart #sally #sbifanart #SBI #wilbursootfanart #techn…",en,0,0,2021-11-18 20:53:10+00:00,0.0,0.0,Neutral
86,"qavun: NEW Crypto Video Sharing Platform!
Create your channel
Post Your Video

#Bitcoin #Ethereum #ADA #ShibaCoin… https://t.co/OtZiG6VbSr",en,6,0,2021-11-18 20:52:02+00:00,0.45454545454545453,0.17045454545454544,Positive
88,"RT @catt_disc: november 16th? uhh may i offer you a sleepy bois dog shelter au instead

#sbi #sbifanart #technofanart #philzafanart #wilbur…",en,0,0,2021-11-18 20:51:27+00:00,0.0,0.0,Neutral
89,@IloveMcdonnalds @kanegrind @IooP_rM311_7211 Nothing will happen. Remember SBI? SBI was a letdown. Nothing will amount,en,0,0,2021-11-18 20:50:38+00:00,0.0,0.0,Neutral
92,"RT @catt_disc: november 16th? uhh may i offer you a sleepy bois dog shelter au instead

#sbi #sbifanart #technofanart #philzafanart #wilbur…",en,0,0,2021-11-18 20:48:29+00:00,0.0,0.0,Neutral
94,@arulmabr I like how among other memories people of BITSG get reminded of the SBI branch,en,0,0,2021-11-18 20:46:40+00:00,0.375,-0.125,Negative
95,"RT @AmRatJesus: Awowoaowwaow

Alice in Wonderland SBI au where Tommy's Alice and Techno can actually be the white rabbit bc Bunnyblade exce…",en,0,0,2021-11-18 20:45:26+00:00,0.05,0.0,Neutral
96,RT @satyendra_prk: indusland bank sanctioned 84000 loans to customer without their consent and booked a profit of 1113 Cr. in last quarter.…,en,0,0,2021-11-18 20:45:24+00:00,0.06666666666666667,0.0,Neutral
97,A sales person or sbi card person never explain this much of charges which are getting charged every month… https://t.co/ZJD3bxjswO,en,0,0,2021-11-18 20:43:41+00:00,0.2,0.2,Positive
0,"RT @PsykhoR: My roommate is a ghost AU rivals edition (part1)
#rivalstwtfanart #rivalstwt #dsmp #dreamfanart #technofanart  #SBI https://t.…",en,0,0,2021-11-19 19:40:48+00:00,0.0,0.0,Neutral
2,"RT @ProCoinNews: Ripple to go public?

https://t.co/Ez86ZTbegK",en,0,0,2021-11-19 19:36:39+00:00,0.06666666666666667,0.0,Neutral
3,@SBICard_Connect @arm_rao only option left with me is filing a court case against sbi cards for the fraud transacti… https://t.co/Ib2qBVgPsd,en,0,0,2021-11-19 19:34:37+00:00,0.5,0.0,Neutral
4,@Cyberdost @CybercrimeCID  @jaipur_police @cyber  @Cybercellindia respected sir today fraud has been done of 19000… https://t.co/i9KPVo8zjI,en,0,0,2021-11-19 19:34:30+00:00,0.0,0.0,Neutral
9,RT @AnkitDu11775274: @SBICard_Connect Now only option left with me is filing a court case against sbi cards who refused to payback the amou…,en,0,0,2021-11-19 19:30:32+00:00,0.5,0.0,Neutral
10,"Update. Mitsui partners with SBI, MUFG to issue security token backed by warehouse https://t.co/RP9ULyteNW #tech #digital #data #business",en,0,0,2021-11-19 19:30:00+00:00,0.0,0.0,Neutral
11,@BornAbIaze // i miss all my dynamics grgrgrgr i miss crimeboys i miss bedrock bros i miss clingyduo i miss sbi i miss discduo ggrgrgrg,en,2,0,2021-11-19 19:29:38+00:00,0.0,0.0,Neutral
12,@SBICard_Connect Now only option left with me is filing a court case against sbi cards who refused to payback the a… https://t.co/clmAn51tRS,en,0,1,2021-11-19 19:29:23+00:00,0.5,0.0,Neutral
13,"RT @TheOfficialSBI: SBI extended institutional financial support to contribute towards India's agricultural growth, boosting Green Revoluti…",en,0,0,2021-11-19 19:28:49+00:00,0.15,-0.1,Negative
15,"RT @guacamolz: Hello, I'm looking for a scribe to write the SBI Probationary Officer Examination on Sunday, 21 November. The venue is Sarit…",en,0,0,2021-11-19 19:25:40+00:00,0.0,0.0,Neutral
16,"SBI Clerk 2021 Mains &amp; Final Result 2021, https://t.co/mk853UnNjE JA Score Card Out https://t.co/mBf8A3gSpm",en,0,0,2021-11-19 19:24:59+00:00,1.0,0.0,Neutral
18,"RT @DailyO_: @TheOfficialSBI's #WestBengal branch asks customer in shorts to go back. @varshavats19
has a list of 4 problems they can fix i…",en,0,0,2021-11-19 19:24:25+00:00,0.0,0.0,Neutral
19,apparently she made an announcement that she’s switching from *reads notes* sbi? to genshin impact,en,0,0,2021-11-19 19:24:21+00:00,0.35,0.05,Positive
21,sbi stan just followed me……,en,0,0,2021-11-19 19:23:41+00:00,0.0,0.0,Neutral
23,"RT @guacamolz: Hello, I'm looking for a scribe to write the SBI Probationary Officer Examination on Sunday, 21 November. The venue is Sarit…",en,0,0,2021-11-19 19:17:40+00:00,0.0,0.0,Neutral
25,"RT @guacamolz: Hello, I'm looking for a scribe to write the SBI Probationary Officer Examination on Sunday, 21 November. The venue is Sarit…",en,0,0,2021-11-19 19:16:55+00:00,0.0,0.0,Neutral
26,"My mother is holding savings account in SBI CCI town ship branch in Adilabad since many years, but we have shifted… https://t.co/lLHRysjVEz",en,0,0,2021-11-19 19:16:27+00:00,0.5,0.5,Positive
30,RT @SBILondon: Meet the keynote speaker for the third day of our SBI Summit – Professor Steve Dunn Head of Chemical and Energy Engineering…,en,0,0,2021-11-19 19:13:57+00:00,0.0,0.0,Neutral
32,"RT @__bxnchii: [1/2] im a slut for sbi dynamics could you tell 🤚🤚
#sbifanart #technofanart #wilbursootfanart #tommyinnitfanart https://t.co…",en,0,0,2021-11-19 19:12:37+00:00,1.0,-0.75,Negative
33,"RT @Pillowdrawz: Basically what happened in Mcc All stars when techno join the server lol. 4/4 + tubbo sbi my beloved.
#emeraldduo
#technof…",en,0,0,2021-11-19 19:12:03+00:00,0.85,0.75,Positive
34,"RT @ChartAddict007: 💥Stock to Next Week 
💥Telegram channel live update 
https://t.co/wRoivMDc5M
💫VIMTA LAB
💫INDIAN TERRAIN FASHION 
💫SUTLEJ…",en,0,0,2021-11-19 19:11:06+00:00,0.25,0.06818181818181818,Positive
39,@yassifiedcquack space sbi is so good but no exaggerating nothing has scratched my brain more than this oneshot of… https://t.co/GkbxZnztvk,en,0,0,2021-11-19 19:02:38+00:00,0.55,0.6,Positive
42,RT @TheOfficialSBI: Our OTP based cash withdrawal system for transactions at SBI ATMs is vaccination against fraudsters. Protecting you fro…,en,0,0,2021-11-19 19:00:32+00:00,0.0,0.0,Neutral
43,The Easy Guide on How to Identify Magic Mushrooms ... https://t.co/bt3bgGExX6,en,0,0,2021-11-19 19:00:14+00:00,0.9166666666666667,0.4666666666666667,Positive
45,@acharjyahyd @sreenshri @navikakumar It is SBI. It’s safe and you need just 500 to open an account. No wonder it is… https://t.co/RtsnSLFf25,en,0,0,2021-11-19 18:59:09+00:00,0.5,0.25,Positive
49,"@niharika_gautm @sreenshri @navikakumar Next level of communism

This is y our country sucked for decades..n still… https://t.co/cWfyJwafZX",en,0,0,2021-11-19 18:55:31+00:00,0.0,0.0,Neutral
51,"..the State Bureau of Investigations (SBI), and from August 20, 2021, the National Security and Defense Council (NS… https://t.co/1yUZ9g2smx",en,1,0,2021-11-19 18:54:20+00:00,0.0,0.0,Neutral
53,"RT @TheOfficialSBI: KYC fraud is real, and it has proliferated across the country. The fraudster sends a text message pretending to be a ba…",en,0,0,2021-11-19 18:53:37+00:00,0.30000000000000004,0.2,Positive
55,@donna72175503 @Sophie5AZ @MSNBC That’s the whole idea of self defense so …. Would I be ok with it probably not but… https://t.co/qtaTzVQPDR,en,0,0,2021-11-19 18:53:04+00:00,0.45,0.35,Positive
57,"@mellowblade @Daemoniumn hello yes I draw sbi most of the time 
//tiny bit of body horror/blood https://t.co/ndojGKMGe1",en,0,0,2021-11-19 18:52:57+00:00,0.5,0.5,Positive
58,"@shawnsporter you can also check your sbi balance
 in the SBI Discord",en,2,0,2021-11-19 18:51:54+00:00,0.0,0.0,Neutral
59,RT @tradevectors: Ugro Capital entered into a co-lending partnership with SBI as the first co-lending partner for its Sanjeevani program to…,en,0,0,2021-11-19 18:51:31+00:00,0.3333333333333333,0.25,Positive
60,"RT @guacamolz: Hello, I'm looking for a scribe to write the SBI Probationary Officer Examination on Sunday, 21 November. The venue is Sarit…",en,0,0,2021-11-19 18:51:18+00:00,0.0,0.0,Neutral
61,"Zero shares available to short currently in $SBI.
https://t.co/AAaVhVJX23 https://t.co/TG80jahdmY",en,0,0,2021-11-19 18:50:37+00:00,0.3666666666666667,0.13333333333333333,Positive
62,i’ve become so attached to sbi lately and i mean /so much/. i just want older brother/s and a little brother and i… https://t.co/MZHsOVWjuP,en,1,0,2021-11-19 18:48:44+00:00,0.5302083333333334,-0.15833333333333335,Negative
63,"RT @ProCoinNews: Ripple to go public?

https://t.co/Ez86ZTbegK",en,0,0,2021-11-19 18:48:22+00:00,0.06666666666666667,0.0,Neutral
67,RT @thinkers360: Buy low &amp; Sell high — Use Quantabotics Smart Buy (SBI) machine learning to detect BTC bottom and drive Cryptohopper trades…,en,0,0,2021-11-19 18:40:18+00:00,0.4942857142857142,0.12476190476190475,Positive
68,"@TheOfficialSBI why deducted 10000.00+ FI Txn @ CSP
while all transaction ATM 
@sbi @SBILife @SBICard_Connect… https://t.co/NWUdKedAid",en,0,0,2021-11-19 18:40:12+00:00,0.0,0.0,Neutral
69,"RT @APGVB_HO: May the teachings of the Guru reflect goodness and compassion in you and bring into your life, the glow of happiness and pros…",en,0,0,2021-11-19 18:39:08+00:00,0.2,0.7,Positive
70,"RT @APGVB_HO: May the full moon of Karthik Purnima shower peace and happiness on everybody.

APGVB wishes you all a very Happy Karthik Purn…",en,0,0,2021-11-19 18:38:56+00:00,0.5833333333333334,0.6833333333333332,Positive
71,"RT @guacamolz: Hello, I'm looking for a scribe to write the SBI Probationary Officer Examination on Sunday, 21 November. The venue is Sarit…",en,0,0,2021-11-19 18:35:33+00:00,0.0,0.0,Neutral
74,RT @vaderakash: When you ask SBI employee to finish lunch in 3 hrs https://t.co/2mC4LfBkDy,en,0,0,2021-11-19 18:34:32+00:00,0.0,0.0,Neutral
75,"@mellowblade Hulloo- I write and shit, though I only have one fic out that is mainly an SBI/Vigilante fic. 

(Do no… https://t.co/asFNcOD5K5",en,0,0,2021-11-19 18:33:11+00:00,0.7111111111111111,-0.011111111111111118,Negative
79,@StateBankofInd7 @TheOfficialSBI  wrong auto loan account got opened by sbi industrial estate br and now getting re… https://t.co/sVblGBJt8F,en,0,0,2021-11-19 18:31:50+00:00,0.9,-0.5,Negative
80,@TheOfficialSBI my sbi Apperantice fees refund not give to me,en,0,0,2021-11-19 18:30:46+00:00,0.0,0.0,Neutral
84,This arrangement will leverage SBI prowess on the liability side &amp; Ugro Capital&amp;rsquo;s origination and distinctive… https://t.co/iSJixqRqkd,en,0,0,2021-11-19 18:28:08+00:00,0.0,0.0,Neutral
85,Ugro Capital entered into a co-lending partnership with SBI as the first co-lending partner for its Sanjeevani prog… https://t.co/3U4Geto3bO,en,1,1,2021-11-19 18:27:48+00:00,0.3333333333333333,0.25,Positive
86,"RT @TheOfficialSBI: KYC fraud is real, and it has proliferated across the country. The fraudster sends a text message pretending to be a ba…",en,0,0,2021-11-19 18:27:30+00:00,0.30000000000000004,0.2,Positive
88,@narendramodi Govt infused over3.15 lac Crore toPSB for about 11 years till2018-19. Another 70000crore subsequently… https://t.co/GY57bS7W4t,en,0,0,2021-11-19 18:26:29+00:00,0.0,0.0,Neutral
89,early access to endwalker starts soon... time to dust off my wol sbi au,en,0,0,2021-11-19 18:25:05+00:00,0.3,0.1,Positive
92,RT @SandipC90212467: @fastagofficial @FASTag_NETC @ICICIBank_Care @ICICIBank @SBICard_Connect @TheOfficialSBI  I want to recharge my ICICI…,en,0,0,2021-11-19 18:22:53+00:00,0.0,0.0,Neutral
93,It's been a week since our first crypto #NDF and we've had back-to-back meetings with investment banks - both at… https://t.co/XOpwmHNxo1,en,2,0,2021-11-19 18:22:39+00:00,0.3333333333333333,0.25,Positive
94,RT @warkha458: @AmazonHelp i have made a payment to Domino's pizza app through Amazon pay using sbi credit card but the transaction authent…,en,0,0,2021-11-19 18:21:42+00:00,0.0,0.0,Neutral
95,"@mellowblade HELLO :D i'm Wilbur, i draw and write about sbi and crimeboys a lot :D i dont have any examples rn because artblock ahaha",en,0,0,2021-11-19 18:21:40+00:00,1.0,1.0,Positive
97,"@SBI_DAH #xrdoge #ethgate #eth #btc #xrp #squidgame #korea
#shib #doge #shibacoin #amc #business 
$xrp #qnt $qnt… https://t.co/kTn39ZCDEG",en,0,0,2021-11-19 18:21:32+00:00,0.0,0.0,Neutral
98,"@sbi_uk #xrdoge #ethgate #eth #btc #xrp #squidgame #korea
#shib #doge #shibacoin #amc #business 
$xrp #qnt $qnt… https://t.co/uIaAmSZFbR",en,0,0,2021-11-19 18:21:15+00:00,0.0,0.0,Neutral
99,RT @TheOfficialSBI: SBI offers Internet Banking services in 15 languages. Log on to https://t.co/iZkW9hpl83 and avail various banking facil…,en,0,0,2021-11-19 18:21:12+00:00,0.25,0.05,Positive
1,"RT @TheOfficialSBI: KYC fraud is real, and it has proliferated across the country. The fraudster sends a text message pretending to be a ba…",en,0,0,2021-11-20 15:28:58+00:00,0.30000000000000004,0.2,Positive
5,"RT @TheOfficialSBI: SBI extended institutional financial support to contribute towards India's agricultural growth, boosting Green Revoluti…",en,0,0,2021-11-20 15:25:44+00:00,0.15,-0.1,Negative
8,"RT @BankXRP: Ripple Sandi Young.  Bank SBI Japan and how it leverages the Digital asset #XRP

Full Video Available here https://t.co/6PiDkw…",en,0,0,2021-11-20 15:24:54+00:00,0.3375,0.2125,Positive
9,"RT @sbi_yfi: Charan Krishna Nichenametla's SBI YFI fellowship journey saw him working with Nangrima SHG, consisting of Garo women from the…",en,0,0,2021-11-20 15:24:40+00:00,0.0,0.0,Neutral
10,"RT @TheOfficialSBI: Call us toll-free on 1800 1234 and get a wide range of services on the go with SBI Contact Centre. 
What are you waitin…",en,0,0,2021-11-20 15:23:43+00:00,0.4,-0.1,Negative
11,"RT @TheOfficialSBI: Always say 'YES' to safe banking with SBI by remembering to check the URL before making the right click. 

Make it a ha…",en,0,0,2021-11-20 15:23:09+00:00,0.5178571428571428,0.39285714285714285,Positive
12,"RT @TheOfficialSBI: Call SBI Contact Centre and experience a wide range of banking services on the go.
Call us today at 1800 1234.
#SBI #SB…",en,0,0,2021-11-20 15:22:06+00:00,0.4,-0.1,Negative
14,"🇮🇳  There are 10 official bank apps that allow you to do UPI payments from their platform.

1- Axis Bank
2- ICICI B… https://t.co/gdmlbbHNWn",en,0,0,2021-11-20 15:21:28+00:00,0.0,0.0,Neutral
15,"RT @Trading0secrets: 5 penny stocks owned by SBI 

⚡rattan India - 3.90

⚡jaiprakash power  - 4.50

⚡gangotri textile - 1.25 

⚡gujrat stat…",en,0,0,2021-11-20 15:21:11+00:00,0.0,0.0,Neutral
16,i hate how forgetful i am sBI NA may nalimot akk,en,0,0,2021-11-20 15:20:21+00:00,0.65,-0.45,Negative
19,"@TheOfficialSBI Dear Customer, Thank you for Banking with us, Case - 73958379 created for YONO - YONO - FUNDS TRANS… https://t.co/QF05I6ZgB1",en,0,0,2021-11-20 15:19:50+00:00,0.0,0.0,Neutral
22,@TheOfficialSBI Airport lounge access available on 'SBI RUPAY PLATINUM ELECTRONIC DEBIT CARD' ?,en,0,0,2021-11-20 15:19:24+00:00,0.4,0.4,Positive
23,"RT @NovaShimo: MAKE ME REGRET THIS!! 

Like+Follow= Name gets added to draw for a SBI or Bee duo Oneshot
Rtwt, comment and sharing= increas…",en,0,0,2021-11-20 15:19:05+00:00,0.0,0.0,Neutral
25,"BMMU Lumla and SBI Lumla working closely toward achieving vision of Aatm Nirbhar Bagwani/Krishi Yojna for SHGs.

Co… https://t.co/b0KbVHTFDx",en,0,0,2021-11-20 15:18:10+00:00,0.0,0.0,Neutral
26,"RT @TheOfficialSBI: SBI extended institutional financial support to contribute towards India's agricultural growth, boosting Green Revoluti…",en,0,0,2021-11-20 15:17:46+00:00,0.15,-0.1,Negative
29,@TheOfficialSBI because he tweeted  sbi shat green https://t.co/jyWNZfaNPq,en,0,0,2021-11-20 15:17:26+00:00,0.3,-0.2,Negative
30,"@sandipsabharwal If you were still at SBI MF, would you let go of an anchor allotment in IPOs like Nykaa or Latent or PB Fintech?",en,0,0,2021-11-20 15:17:20+00:00,0.0,0.0,Neutral
32,"RT @TheOfficialSBI: KYC fraud is real, and it has proliferated across the country. The fraudster sends a text message pretending to be a ba…",en,0,0,2021-11-20 15:17:02+00:00,0.30000000000000004,0.2,Positive
36,"@MOH_Bahrain Appeal for Justice 
I have got opportunity to work as Senior Vice President  in SBI Manama Bahrain. Bu… https://t.co/Q6MyJ1E2Fr",en,0,0,2021-11-20 15:15:52+00:00,0.0,0.0,Neutral
42,"@SBICard_Connect Dear SBI, Please note that it’s been more than 36 hours and none of your representatives had called.",en,0,0,2021-11-20 15:11:58+00:00,0.5,0.5,Positive
43,"RT @NazimulIslam7: @TheOfficialSBI My amount is stuck with SBI. I hav already given a written complaint on 27th October.. On 9th November,…",en,0,0,2021-11-20 15:11:57+00:00,0.2,-0.3,Negative
44,"RT @NazimulIslam7: @TheOfficialSBI My amount is stuck with SBI. I hav already given a written complaint on 27th October.. On 9th November,…",en,0,0,2021-11-20 15:11:44+00:00,0.2,-0.3,Negative
45,@TheOfficialSBI My amount is stuck with SBI. I hav already given a written complaint on 27th October.. On 9th Novem… https://t.co/UEJYfVjsX5,en,2,2,2021-11-20 15:11:39+00:00,0.2,-0.3,Negative
49,"RT @TheOfficialSBI: KYC fraud is real, and it has proliferated across the country. The fraudster sends a text message pretending to be a ba…",en,0,0,2021-11-20 15:10:33+00:00,0.30000000000000004,0.2,Positive
50,"RT @TheOfficialSBI: Call SBI Contact Centre and experience a wide range of banking services on the go.
Call us today at 1800 1234.
#SBI #SB…",en,0,0,2021-11-20 15:09:47+00:00,0.4,-0.1,Negative
52,"@TheOfficialSBI hi, my deceased father's family pension which my mother receives through her account at SBI, Chhapr… https://t.co/FdvAxw3oMG",en,0,0,2021-11-20 15:09:13+00:00,0.0,0.0,Neutral
53,"@ajzone008 @TheOfficialSBI Worthless Bank. 
They Run a Syndicate outside SBI -/NEHRU PLACE. Out of City Money Trans… https://t.co/UJvq9q96Rp",en,0,0,2021-11-20 15:09:03+00:00,0.47500000000000003,-0.4,Negative
55,"@TheOfficialSBI
Very Pathetic service and rude staff behaviour of SBI vashi branch. Account opening took almost 3 h… https://t.co/EwITpV5Ac2",en,0,0,2021-11-20 15:07:04+00:00,0.8,-0.65,Negative
56,"RT @guacamolz: Hello, I'm looking for a scribe to write the SBI Probationary Officer Examination on Sunday, 21 November. The venue is Sarit…",en,0,0,2021-11-20 15:06:27+00:00,0.0,0.0,Neutral
57,"🔥  iMobile Pay App Get Rs.50 Cashback Per Day on Every Payment

You can Earn Cashback 3 Times Daily

📌 Link :… https://t.co/7eks5fav47",en,0,0,2021-11-20 15:05:21+00:00,0.0,0.0,Neutral
59,"@PMOIndia kindly increase UPI transactions ,as Phonepe SBI and Canara bank were saying 5 transactions per day,now t… https://t.co/hsyUa1LCtf",en,0,0,2021-11-20 15:04:56+00:00,0.9,0.6,Positive
61,"RT @TheOfficialSBI: Call SBI Contact Centre and experience a wide range of banking services on the go.
Call us today at 1800 1234.
#SBI #SB…",en,0,0,2021-11-20 15:03:56+00:00,0.4,-0.1,Negative
63,G.D. -- TO JOIN IDBI PGDBF AM OR SBI CLERK OR IBPS RRB PO --- FOR THINKING https://t.co/nPCWoBWaPW via @YouTube,en,0,0,2021-11-20 15:03:05+00:00,0.0,0.0,Neutral
65,"@HDFCBank_Cares Hi Team, I had the SBI Card. The Card number was XXXX-4015. The status of the card is still showing… https://t.co/YxOf1CYB6N",en,0,0,2021-11-20 15:02:50+00:00,0.0,0.0,Neutral
69,"@HDFC_Bank Hi Team, I had the SBI Card. The Card number was XXXX-4015. The status of the card is still showing sett… https://t.co/nIficvCnaU",en,0,0,2021-11-20 15:02:10+00:00,0.0,0.0,Neutral
70,"SBI's YONO - You only need one.
How ironic.",en,1,1,2021-11-20 15:01:29+00:00,0.95,0.1,Positive
72,RT @P1nkS1n: @HERMITCR4FT this but in reverse where u were a grain stan and inevitably became a mcc &amp; sbi stan,en,0,0,2021-11-20 15:00:28+00:00,1.0,0.0,Neutral
73,"RT @TheOfficialSBI: KYC fraud is real, and it has proliferated across the country. The fraudster sends a text message pretending to be a ba…",en,0,0,2021-11-20 15:00:08+00:00,0.30000000000000004,0.2,Positive
75,"#SBI PO Prelims Memory Based Question Paper 2021: Download PDF Questions with Answers

https://t.co/lOvu9BSabt",en,1,0,2021-11-20 15:00:00+00:00,0.0,0.0,Neutral
79,"@SBICard_Connect Hi Team, I had the SBI Card. The Card number was XXXX 1107. The status of the card is still showin… https://t.co/CxwbB6Bv5F",en,0,0,2021-11-20 14:58:30+00:00,0.0,0.0,Neutral
82,"RT @TheOfficialSBI: KYC fraud is real, and it has proliferated across the country. The fraudster sends a text message pretending to be a ba…",en,0,0,2021-11-20 14:57:00+00:00,0.30000000000000004,0.2,Positive
84,"RT @mathuranand: @KommawarSwapnil @kuttrapali26 @caniravkaria @krishstocks @im_uppi Good one My list
1.Clean science
2.Gland pharma
3.Ease…",en,0,0,2021-11-20 14:56:13+00:00,0.6000000000000001,0.7,Positive
86,RT @TheOfficialSBI: SBI offers Internet Banking services in 15 languages. Log on to https://t.co/iZkW9hpl83 and avail various banking facil…,en,0,0,2021-11-20 14:55:58+00:00,0.25,0.05,Positive
87,teaching my grandchildren how to make sbi fanart so that the family tradition can go on,en,1,0,2021-11-20 14:55:51+00:00,0.0,0.0,Neutral
89,"RT @NovaShimo: MAKE ME REGRET THIS!! 

Like+Follow= Name gets added to draw for a SBI or Bee duo Oneshot
Rtwt, comment and sharing= increas…",en,0,0,2021-11-20 14:55:38+00:00,0.0,0.0,Neutral
91,"RT @NovaShimo: MAKE ME REGRET THIS!! 

Like+Follow= Name gets added to draw for a SBI or Bee duo Oneshot
Rtwt, comment and sharing= increas…",en,0,0,2021-11-20 14:54:56+00:00,0.0,0.0,Neutral
94,@AlgoTrapper @kothariabhishek Valid point. But there’s a reason why yesbank had to be bailed out. Depositors money@… https://t.co/p4w1DGmwJG,en,0,0,2021-11-20 14:54:36+00:00,0.0,0.0,Neutral
95,"RT @TheOfficialSBI: KYC fraud is real, and it has proliferated across the country. The fraudster sends a text message pretending to be a ba…",en,0,0,2021-11-20 14:54:25+00:00,0.30000000000000004,0.2,Positive
97,"RT @TheOfficialSBI: KYC fraud is real, and it has proliferated across the country. The fraudster sends a text message pretending to be a ba…",en,0,0,2021-11-20 14:54:01+00:00,0.30000000000000004,0.2,Positive
98,"@HDFCBank_Cares Only SBI Branch is available here , there is business opportunity for another bank branche here",en,0,0,2021-11-20 14:54:00+00:00,0.7,0.2,Positive
0,Kolkata man denied entry in SBI bank for wearing shorts https://t.co/GsPaO78aJR Kolkata man denied entry in SBI ban… https://t.co/efG0daaH8e,en,0,0,2021-11-21 08:34:32+00:00,0.0,0.0,Neutral
4,"#Solar #Garage Doors - the greener alternative 💚 !

SBI's range of #Solar #Garage Doors are remote control operated… https://t.co/qqyABRH6IZ",en,0,0,2021-11-21 08:34:02+00:00,0.2,-0.1,Negative
5,"RT @SBICard_Connect: @Jeeeetu1 We were unable to connect with you on call. Please call our SBI Card helpline on &lt;local std code&gt;39020202 ,…",en,0,0,2021-11-21 08:33:54+00:00,0.5,-0.5,Negative
6,RT @VijayRa52926758: While I am doing process for video life certificate process on pensioner seva sbi. I am getting attached error. Help m…,en,0,0,2021-11-21 08:33:52+00:00,0.0,0.0,Neutral
7,"@PavitraKumarii @WazirXIndia @TheOfficialSBI Sbi bank not adding in wazirx app
Google pay also not working",en,0,0,2021-11-21 08:33:45+00:00,0.0,0.0,Neutral
8,"RT @TheOfficialSBI: Call SBI Contact Centre and experience a wide range of banking services on the go.
Call us today at 1800 1234.
#SBI #SB…",en,0,0,2021-11-21 08:33:29+00:00,0.4,-0.1,Negative
13,"RT @Outlookindia: From #RIL to SBI and HDFC Bank, these are most valued firms that lost Rs 1.47 Lakh Crore in market value

Check the list…",en,0,0,2021-11-21 08:32:49+00:00,0.5,0.5,Positive
14,"RT @TheOfficialSBI: In the latest episode of #EvolutionofSBI, we tell you about the formation of State Bank of India, its ownership and man…",en,0,0,2021-11-21 08:32:09+00:00,0.9,0.5,Positive
22,"RT @TheOfficialSBI: SBI extended institutional financial support to contribute towards India's agricultural growth, boosting Green Revoluti…",en,0,0,2021-11-21 08:29:49+00:00,0.15,-0.1,Negative
23,RT @TheOfficialSBI: Our OTP based cash withdrawal system for transactions at SBI ATMs is vaccination against fraudsters. Protecting you fro…,en,0,0,2021-11-21 08:29:38+00:00,0.0,0.0,Neutral
30,"RT @TheOfficialSBI: KYC fraud is real, and it has proliferated across the country. The fraudster sends a text message pretending to be a ba…",en,0,0,2021-11-21 08:28:19+00:00,0.30000000000000004,0.2,Positive
34,While I am doing process for video life certificate process on pensioner seva sbi. I am getting attached error. Hel… https://t.co/m9zCrnFuqB,en,0,1,2021-11-21 08:27:49+00:00,0.0,0.0,Neutral
37,"@SBICard_Connect dear team

very poor service of sbi card i have apply sbi card in October month card also done has… https://t.co/8Dq7xIoahl",en,0,0,2021-11-21 08:26:37+00:00,0.78,-0.52,Negative
38,"RT @simpingboisinc: On the one hand, sweet fluffy sbi siblings dynamic. On the other, complicated, “we were close as kids but then some bet…",en,0,0,2021-11-21 08:26:34+00:00,0.5183333333333333,-0.095,Negative
39,RT @ANayyar16: This is an appreciation tweet for @TheOfficialSBI for their recently launched facility of VLC ( video live certificate ) for…,en,0,0,2021-11-21 08:25:33+00:00,0.375,0.06818181818181818,Positive
42,"Kolkata man denied entry in SBI branch for wearing shorts. Viral post divides Internet
BITS NEWS INDIA #news #covid… https://t.co/XaNMnZQGx0",en,0,0,2021-11-21 08:25:11+00:00,0.0,0.0,Neutral
44,"A good idea for a dreamsmp x Homestuck is Dream smp creator trios sburbian alchemy binge. Like sbi - tommy, benchtr… https://t.co/0eJytE2qUX",en,0,0,2021-11-21 08:24:49+00:00,0.6000000000000001,0.7,Positive
47,"From #RIL to SBI and HDFC Bank, these are most valued firms that lost Rs 1.47 Lakh Crore in market value

Check the… https://t.co/ThkFUlcTZ3",en,1,1,2021-11-21 08:23:57+00:00,0.5,0.5,Positive
48,"RT @simpingboisinc: On the one hand, sweet fluffy sbi siblings dynamic. On the other, complicated, “we were close as kids but then some bet…",en,0,0,2021-11-21 08:23:51+00:00,0.5183333333333333,-0.095,Negative
50,SBI PO Prelims Exam Analysis 2021 (20th Nov All Shifts): Check Questions Difficulty Level &amp; Good Attempts to Clear… https://t.co/GVyUtxMHP2,en,0,0,2021-11-21 08:22:22+00:00,0.30000000000000004,0.35,Positive
51,"@SinghRanjit76 We were unable to connect with you on call, despite multiple attempts. Please call our SBI Card help… https://t.co/AuxsF1OnYC",en,0,0,2021-11-21 08:21:53+00:00,0.25,-0.25,Negative
52,RT @TheOfficialSBI: SBI offers Internet Banking services in 15 languages. Log on to https://t.co/iZkW9hpl83 and avail various banking facil…,en,0,0,2021-11-21 08:21:53+00:00,0.25,0.05,Positive
53,"RT @girish_vr: @ajzone008 @TheOfficialSBI Gandhi would have never been allowed in SBI branch. 
#HalfNakedFakir",en,0,0,2021-11-21 08:21:44+00:00,0.0,0.0,Neutral
54,"Kolkata man denied entry in SBI bank for wearing shorts. Viral post divides Internet

https://t.co/Hq8pbGPQWi
Novem… https://t.co/8A6aAxT4n7",en,0,0,2021-11-21 08:21:38+00:00,0.0,0.0,Neutral
55,"RT @TheOfficialSBI: Call SBI Contact Centre and experience a wide range of banking services on the go.
Call us today at 1800 1234.
#SBI #SB…",en,0,0,2021-11-21 08:21:28+00:00,0.4,-0.1,Negative
57,"RT @TheOfficialSBI: KYC fraud is real, and it has proliferated across the country. The fraudster sends a text message pretending to be a ba…",en,0,0,2021-11-21 08:20:55+00:00,0.30000000000000004,0.2,Positive
59,"Punchlines of SBI -
1. Server is not working
2. KYC is not updated
3. Passbook printer is out of order.
4. ATM is o… https://t.co/w9KGgOI9AF",en,0,0,2021-11-21 08:19:21+00:00,0.0,0.0,Neutral
61,RT @TheOfficialSBI: Our OTP based cash withdrawal system for transactions at SBI ATMs is vaccination against fraudsters. Protecting you fro…,en,0,0,2021-11-21 08:19:09+00:00,0.0,0.0,Neutral
62,RT @TheOfficialSBI: Beware of fraudulent customer care numbers. Please refer to the official website of SBI for correct customer care numbe…,en,0,0,2021-11-21 08:19:06+00:00,0.0,0.0,Neutral
63,"RT @TheOfficialSBI: On this celebratory occasion of #AzadiKaAmritMahotsavWithSBI, let’s hop on a journey together and take a look at India’…",en,0,0,2021-11-21 08:19:03+00:00,0.0,0.0,Neutral
64,SBI MF Recruitment 2021 Notification Out|@sbi.com https://t.co/5dV7fpWBO3,en,0,0,2021-11-21 08:18:52+00:00,0.0,0.0,Neutral
70,RT @TheOfficialSBI: Our OTP based cash withdrawal system for transactions at SBI ATMs is vaccination against fraudsters. Protecting you fro…,en,0,0,2021-11-21 08:18:13+00:00,0.0,0.0,Neutral
71,RT @TheOfficialSBI: Binge-shopping just got better with Easy EMIs. Choose SBI Debit Card EMI and get it done with the best festive offers.…,en,0,0,2021-11-21 08:18:07+00:00,0.5444444444444445,0.6444444444444445,Positive
75,RT @TheOfficialSBI: SBI offers Internet Banking services in 15 languages. Log on to https://t.co/iZkW9hpl83 and avail various banking facil…,en,0,0,2021-11-21 08:17:31+00:00,0.25,0.05,Positive
76,RT @TheOfficialSBI: Our OTP based cash withdrawal system for transactions at SBI ATMs is vaccination against fraudsters. Protecting you fro…,en,0,0,2021-11-21 08:17:15+00:00,0.0,0.0,Neutral
79,"RT @TheOfficialSBI: KYC fraud is real, and it has proliferated across the country. The fraudster sends a text message pretending to be a ba…",en,0,0,2021-11-21 08:16:31+00:00,0.30000000000000004,0.2,Positive
82,RT @TheOfficialSBI: SBI offers Internet Banking services in 15 languages. Log on to https://t.co/iZkW9hpl83 and avail various banking facil…,en,0,0,2021-11-21 08:14:51+00:00,0.25,0.05,Positive
83,"RT @TheOfficialSBI: Call SBI Contact Centre and experience a wide range of banking services on the go.
Call us today at 1800 1234.
#SBI #SB…",en,0,0,2021-11-21 08:14:48+00:00,0.4,-0.1,Negative
85,@OfficialGNIDA invites applications for allotment of builder plots in Greater Noida. Interested applicants can down… https://t.co/ty3t8M0pBa,en,1,0,2021-11-21 08:14:41+00:00,0.5,0.375,Positive
88,"RT @TheOfficialSBI: KYC fraud is real, and it has proliferated across the country. The fraudster sends a text message pretending to be a ba…",en,0,0,2021-11-21 08:13:24+00:00,0.30000000000000004,0.2,Positive
91,@TheOfficialSBI Today sbi po exam is being going on very bad arrangement at KK polytechnic Bagsuma DHANBAD .. repor… https://t.co/tjkHhjyjgO,en,0,0,2021-11-21 08:12:58+00:00,0.8666666666666667,-0.9099999999999998,Negative
93,Kolkata man denied entry in SBI bank for wearing shorts. Viral post divides Internet   https://t.co/UvWEGpC0W4,en,0,0,2021-11-21 08:12:48+00:00,0.0,0.0,Neutral
97,"I was booking my ticket by sbi credit card my amount was deducted but ticket not generated .
Please help me
Rs.549.… https://t.co/6DVg6p1ZBW",en,0,0,2021-11-21 08:12:14+00:00,0.0,0.0,Neutral
98,"RT @TheOfficialSBI: Call us toll-free on 1800 1234 and get a wide range of services on the go with SBI Contact Centre. 
What are you waitin…",en,0,0,2021-11-21 08:12:11+00:00,0.4,-0.1,Negative
0,"@TheOfficialSBI Recently, I have updated the yono sbi app, since then I have facing login problem last few days tha… https://t.co/Uuj2IpYLUf",en,0,0,2021-11-22 07:30:27+00:00,0.13888888888888887,-0.06666666666666667,Negative
1,RT @manuconsultants: jindal steel/dlf/icici/sbi/tata motor are some good stocks to be seen for short term.,en,0,0,2021-11-22 07:30:24+00:00,0.45000000000000007,0.35,Positive
2,"@TheOfficialSBI Recently, I have updated the yono sbi app, since then I have facing login problem last few days tha… https://t.co/JbpVqVfLus",en,0,0,2021-11-22 07:30:09+00:00,0.13888888888888887,-0.06666666666666667,Negative
5,RT @manuconsultants: jindal steel/dlf/icici/sbi/tata motor are some good stocks to be seen for short term.,en,0,0,2021-11-22 07:29:53+00:00,0.45000000000000007,0.35,Positive
6,RT @manuconsultants: jindal steel/dlf/icici/sbi/tata motor are some good stocks to be seen for short term.,en,0,0,2021-11-22 07:29:41+00:00,0.45000000000000007,0.35,Positive
11,RT @manuconsultants: jindal steel/dlf/icici/sbi/tata motor are some good stocks to be seen for short term.,en,0,0,2021-11-22 07:29:08+00:00,0.45000000000000007,0.35,Positive
12,jindal steel/dlf/icici/sbi/tata motor are some good stocks to be seen for short term.,en,23,4,2021-11-22 07:28:52+00:00,0.45000000000000007,0.35,Positive
14,@TheOfficialSBI You guys!! Pathetic is the perfect word to describe your work. It's been 25 days I have applied for… https://t.co/5W8d7RRLei,en,0,0,2021-11-22 07:28:37+00:00,1.0,0.0,Neutral
17,"@office_das As advised earlier, please register your specific complaint if any at https://t.co/FQRPosUbLi . Your sp… https://t.co/3E2dk8xShJ",en,0,0,2021-11-22 07:28:13+00:00,0.27499999999999997,-0.09999999999999999,Negative
19,"SBI will put money in the account of these account holders, know why .. https://t.co/970maUDCJe",en,0,0,2021-11-22 07:26:52+00:00,0.0,0.0,Neutral
22,"@lukhnawi Dear Customer, you can email the dedicated SBI EPAY Team at sbiepay@sbi.co.in for any queries, transactio… https://t.co/DFNAwZXO94",en,0,0,2021-11-22 07:26:14+00:00,0.0,0.0,Neutral
24,SBI PO 2021 Exam Expected Cutoff Marks: Check Previous Year Prelims Marks Categorywise https://t.co/9ARUxbuF2F,en,0,0,2021-11-22 07:25:46+00:00,0.2833333333333333,-0.13333333333333333,Negative
25,the sbi stan urge to have a techno x wilbur picture but also not wanting (i was sick last week- wilbur) near my boy,en,0,0,2021-11-22 07:25:38+00:00,0.44126984126984126,-0.20476190476190478,Negative
27,"RT @ieexplained: SBI has projected India’s GDP will grow by 8.1% in the second quarter ending September 2021. 

What is the reason for the…",en,0,0,2021-11-22 07:25:07+00:00,0.0,0.0,Neutral
30,"SBI has projected India’s GDP will grow by 8.1% in the second quarter ending September 2021. 

What is the reason f… https://t.co/zCzL1rMk1W",en,4,1,2021-11-22 07:24:24+00:00,0.0,0.0,Neutral
37,"I have some basic query like 
1. what is our own contribution for every demand. 
2. How much amount we have paid ti… https://t.co/q2unfagPhR",en,0,0,2021-11-22 07:23:11+00:00,0.44166666666666665,0.26666666666666666,Positive
38,@rohit_manhas Please refer to the schedule of charges given at https://t.co/AJhJasmjgq for information in this rega… https://t.co/SfI2fHfuxa,en,0,0,2021-11-22 07:23:06+00:00,0.0,0.0,Neutral
39,"Equity indices extend losses: RIL, SBI in red; Sensex plunges below 59K  #News by #EconomicTimes https://t.co/aKgDJllk3z",en,0,0,2021-11-22 07:23:04+00:00,0.0,0.0,Neutral
41,"@Devaraj33261358 Dear Customer, for detailed information and to apply online, please visit https://t.co/22hMpvjG1D",en,0,0,2021-11-22 07:22:40+00:00,0.75,0.4,Positive
45,RT @TheOfficialSBI: Our OTP based cash withdrawal system for transactions at SBI ATMs is vaccination against fraudsters. Protecting you fro…,en,0,0,2021-11-22 07:22:05+00:00,0.0,0.0,Neutral
49,"Equity indices extend losses: RIL, SBI in red; Sensex plunges below 59K  #Market by #EconomicTimes https://t.co/YGMNdHHv8o",en,0,0,2021-11-22 07:21:04+00:00,0.0,0.0,Neutral
51,"Account holders having Jan Dhan account in SBI will get money, Rs 164 crore of unfair charges are yet to be returned https://t.co/6angtwy4pd",en,0,0,2021-11-22 07:20:25+00:00,1.0,-0.5,Negative
52,Dear @SEBI_India I invested 1L in mutual funds on 4th jan 2021. my broker was sbi cap securities @TheOfficialSBI. I… https://t.co/5A4hFngmd3,en,0,0,2021-11-22 07:19:57+00:00,0.0,0.0,Neutral
54,"@gowthamaithal @KarnatakaBank Oh yeah..they are giving stiff competition to SBI.

If one has linked karnataka bank… https://t.co/8lJpP45Cnj",en,0,0,2021-11-22 07:19:31+00:00,0.5,-0.21428571428571427,Negative
55,Explained: Why SBI projects India’s GDP to grow by 8.1% in Q2 this year? https://t.co/oCz0lX4i3b,en,0,0,2021-11-22 07:19:07+00:00,0.0,0.0,Neutral
56,RT @TheOfficialSBI: SBI offers Internet Banking services in 15 languages. Log on to https://t.co/iZkW9hpl83 and avail various banking facil…,en,0,0,2021-11-22 07:18:54+00:00,0.25,0.05,Positive
58,"@Kunjbih84509334 We regret the inconvenience. Generally, the delayed SMS notification can be attributed to network… https://t.co/4niC3BuOKM",en,0,0,2021-11-22 07:18:07+00:00,0.5,0.05000000000000002,Positive
65,@NiteshK7 We were unable to connect with you on call. Please call our SBI Card helpline on &lt;local std code&gt;39020202… https://t.co/9NsULVuBA1,en,0,0,2021-11-22 07:15:53+00:00,0.5,-0.5,Negative
67,"RT @sircantus: AU where sbi are villains, yeah? And Techno is obviously the ""ohh untouchable Blood God, ohh hes so dangerous"" but also the…",en,0,0,2021-11-22 07:15:21+00:00,0.7,-0.3,Negative
68,"#MarketTitbits
Domestic benchmarks fell more than a half per cent on Thursday, Nov 18, 2021, as the sentiment of… https://t.co/bjdx74g6Zj",en,1,0,2021-11-22 07:15:10+00:00,0.25555555555555554,0.11111111111111112,Positive
72,"RT @TheOfficialSBI: Call SBI Contact Centre and experience a wide range of banking services on the go.
Call us today at 1800 1234.
#SBI #SB…",en,0,0,2021-11-22 07:14:13+00:00,0.4,-0.1,Negative
77,"RT @datta_arvind: Technical Failure rate of UPI transactions (Oct21)
PNB 4.4%
Indian Bank 8.3%
SBI 1%
Kotak 1%
HDFC 0.3%
ICICI 0.2%
Bank of…",en,0,0,2021-11-22 07:13:42+00:00,0.2,-0.15833333333333335,Negative
79,@Prakash82523436 The inconvenience caused to you is regretted. Please share the relevant details at… https://t.co/PXuCe0kqMB,en,0,0,2021-11-22 07:13:01+00:00,0.9,0.4,Positive
80,"Today broken Important support 488

#SBI #stockmarkets #StockMarketindia #Nifty #NiftyBank #StockInNews… https://t.co/LJPRbnISMu",en,0,0,2021-11-22 07:13:00+00:00,0.7,0.0,Neutral
83,"RT @Shivara84091548: @TheOfficialSBI @SBI_FOUNDATION @Justin28Rocky #21270,ANNEPARTHY BRANCH, NALGONDA ,bank systems not working properly w…",en,0,0,2021-11-22 07:12:26+00:00,0.1,0.0,Neutral
88,@TheOfficialSBI My ticket for my refund is still pending with awaiting from bank response status. Ticket number is… https://t.co/IZ10l1CWco,en,0,0,2021-11-22 07:12:09+00:00,0.0,0.0,Neutral
90,"RT @Shivara84091548: @TheOfficialSBI @SBI_FOUNDATION @Justin28Rocky #21270,ANNEPARTHY BRANCH, NALGONDA ,bank systems not working properly w…",en,0,0,2021-11-22 07:12:01+00:00,0.1,0.0,Neutral
91,"@TheOfficialSBI @SBI_FOUNDATION @Justin28Rocky #21270,ANNEPARTHY BRANCH, NALGONDA ,bank systems not working properl… https://t.co/UvsOzowxhe",en,2,2,2021-11-22 07:11:49+00:00,0.0,0.0,Neutral
92,RT @subhashpathak: #Modi Govt’s bid to plunder from unsuspecting masses remains unabated. After earning huge revenues by selling petroleum…,en,0,0,2021-11-22 07:11:33+00:00,0.9,0.4000000000000001,Positive
98,RT @TheOfficialSBI: Your dream ride awaits you! Avail pre-approved SBI Easy Ride loan for your two-wheeler through YONO. Know more: https:/…,en,0,0,2021-11-22 07:10:49+00:00,0.6666666666666667,0.4666666666666667,Positive
99,RT @TheOfficialSBI: Your dream ride awaits you! Avail pre-approved SBI Easy Ride loan for your two-wheeler through YONO. Know more: https:/…,en,0,0,2021-11-22 07:10:43+00:00,0.6666666666666667,0.4666666666666667,Positive
0,"RT @Rainfor17501920: Pony SBI &amp; Beeduo family!

Designing cutie marks is really fun
#sbifanart #beeduofanart #dsmpfanart https://t.co/XoYCT…",en,0,0,2021-11-23 18:48:28+00:00,0.2,0.3,Positive
1,RT @shalinijain03: India's GDP growth is likely to be around 8.1 per cent in the second quarter of the current fiscal year and in the range…,en,0,0,2021-11-23 18:48:22+00:00,0.4666666666666666,0.0,Neutral
2,"RT @Rainfor17501920: Pony SBI &amp; Beeduo family!

Designing cutie marks is really fun
#sbifanart #beeduofanart #dsmpfanart https://t.co/XoYCT…",en,0,0,2021-11-23 18:46:57+00:00,0.2,0.3,Positive
3,"RT @Rainfor17501920: Pony SBI &amp; Beeduo family!

Designing cutie marks is really fun
#sbifanart #beeduofanart #dsmpfanart https://t.co/XoYCT…",en,0,0,2021-11-23 18:46:57+00:00,0.2,0.3,Positive
4,"RT @Rainfor17501920: Pony SBI &amp; Beeduo family!

Designing cutie marks is really fun
#sbifanart #beeduofanart #dsmpfanart https://t.co/XoYCT…",en,0,0,2021-11-23 18:46:52+00:00,0.2,0.3,Positive
11,"Fab Phones Fest | 24th - 28th Nov. | Extra 10% off On SBI Credit card

All Best Mobile Deals At One Place

Master L… https://t.co/34SX7q2nRP",en,0,0,2021-11-23 18:45:50+00:00,0.2,0.5,Positive
13,"RT @Rainfor17501920: Pony SBI &amp; Beeduo family!

Designing cutie marks is really fun
#sbifanart #beeduofanart #dsmpfanart https://t.co/XoYCT…",en,0,0,2021-11-23 18:45:37+00:00,0.2,0.3,Positive
14,@bgarlinghouse Please support SBI’s TOB for Shinsei bank in Japan. For the future this TOB has to complete smoothly… https://t.co/mzJAxPavAb,en,0,0,2021-11-23 18:44:58+00:00,0.2625,0.05,Positive
15,"RT @Rainfor17501920: Pony SBI &amp; Beeduo family!

Designing cutie marks is really fun
#sbifanart #beeduofanart #dsmpfanart https://t.co/XoYCT…",en,0,0,2021-11-23 18:44:30+00:00,0.2,0.3,Positive
16,"Fab Phones Fest (24th - 28th Nov)

📌10% off with SBI Credit card 

https://t.co/7EXoQTBFLa https://t.co/oqY4qMqBn1",en,2,0,2021-11-23 18:44:13+00:00,0.0,0.0,Neutral
17,"RT @Rainfor17501920: Pony SBI &amp; Beeduo family!

Designing cutie marks is really fun
#sbifanart #beeduofanart #dsmpfanart https://t.co/XoYCT…",en,0,0,2021-11-23 18:44:10+00:00,0.2,0.3,Positive
18,"RT @Rainfor17501920: Pony SBI &amp; Beeduo family!

Designing cutie marks is really fun
#sbifanart #beeduofanart #dsmpfanart https://t.co/XoYCT…",en,0,0,2021-11-23 18:43:46+00:00,0.2,0.3,Positive
20,"*Fab Phones Fest ( 24th - 28th Nov)*

All Best Mobile Deals At One Place

Master Link :  https://t.co/1Morkq9JMU

*… https://t.co/mjgFdkN1V5",en,1,0,2021-11-23 18:43:17+00:00,0.3,1.0,Positive
21,"RT @Rainfor17501920: Pony SBI &amp; Beeduo family!

Designing cutie marks is really fun
#sbifanart #beeduofanart #dsmpfanart https://t.co/XoYCT…",en,0,0,2021-11-23 18:42:50+00:00,0.2,0.3,Positive
25,"RT @SwarajyaMag: India's Q2 GDP Set To Expand 8.1%, FY 22 Growth Estimates Revised Upwards To 9.3-9.6%: SBI Report

https://t.co/yel3toxywx",en,0,0,2021-11-23 18:41:43+00:00,0.0,0.0,Neutral
26,"@tostottas https://t.co/DLIT89YDu6 -nsfw dteam+karl

https://t.co/fihgEjqlkH - nsfw dnf

https://t.co/eKwZb2tXF2 -s… https://t.co/9PAryE0ZHq",en,1,0,2021-11-23 18:41:22+00:00,0.0,0.0,Neutral
27,RT @SingleIdly: Is it just me or anyone else faced this problem with ATMs not working when you select Kannada User Interface? In the last 2…,en,0,0,2021-11-23 18:41:21+00:00,0.06666666666666667,0.0,Neutral
28,"RT @Rainfor17501920: Pony SBI &amp; Beeduo family!

Designing cutie marks is really fun
#sbifanart #beeduofanart #dsmpfanart https://t.co/XoYCT…",en,0,0,2021-11-23 18:39:45+00:00,0.2,0.3,Positive
31,"RT @Rainfor17501920: Pony SBI &amp; Beeduo family!

Designing cutie marks is really fun
#sbifanart #beeduofanart #dsmpfanart https://t.co/XoYCT…",en,0,0,2021-11-23 18:37:15+00:00,0.2,0.3,Positive
33,where are all the dtkq stans in my area 😭 im sick of everyone i know irl being a sbi main IM SICKKKK,en,6,0,2021-11-23 18:35:19+00:00,0.5952380952380952,-0.27380952380952384,Negative
35,"RT @Rainfor17501920: Pony SBI &amp; Beeduo family!

Designing cutie marks is really fun
#sbifanart #beeduofanart #dsmpfanart https://t.co/XoYCT…",en,0,0,2021-11-23 18:34:47+00:00,0.2,0.3,Positive
36,"RT @Rainfor17501920: Pony SBI &amp; Beeduo family!

Designing cutie marks is really fun
#sbifanart #beeduofanart #dsmpfanart https://t.co/XoYCT…",en,0,0,2021-11-23 18:34:47+00:00,0.2,0.3,Positive
37,"RT @Rainfor17501920: Pony SBI &amp; Beeduo family!

Designing cutie marks is really fun
#sbifanart #beeduofanart #dsmpfanart https://t.co/XoYCT…",en,0,0,2021-11-23 18:34:02+00:00,0.2,0.3,Positive
39,"RT @Rainfor17501920: Pony SBI &amp; Beeduo family!

Designing cutie marks is really fun
#sbifanart #beeduofanart #dsmpfanart https://t.co/XoYCT…",en,0,0,2021-11-23 18:33:52+00:00,0.2,0.3,Positive
40,"RT @Rainfor17501920: Pony SBI &amp; Beeduo family!

Designing cutie marks is really fun
#sbifanart #beeduofanart #dsmpfanart https://t.co/XoYCT…",en,0,0,2021-11-23 18:33:49+00:00,0.2,0.3,Positive
41,"RT @Rainfor17501920: Pony SBI &amp; Beeduo family!

Designing cutie marks is really fun
#sbifanart #beeduofanart #dsmpfanart https://t.co/XoYCT…",en,0,0,2021-11-23 18:33:44+00:00,0.2,0.3,Positive
42,"RT @Rainfor17501920: Pony SBI &amp; Beeduo family!

Designing cutie marks is really fun
#sbifanart #beeduofanart #dsmpfanart https://t.co/XoYCT…",en,0,0,2021-11-23 18:33:39+00:00,0.2,0.3,Positive
43,"RT @Rainfor17501920: Pony SBI &amp; Beeduo family!

Designing cutie marks is really fun
#sbifanart #beeduofanart #dsmpfanart https://t.co/XoYCT…",en,0,0,2021-11-23 18:33:25+00:00,0.2,0.3,Positive
44,"RT @Rainfor17501920: Pony SBI &amp; Beeduo family!

Designing cutie marks is really fun
#sbifanart #beeduofanart #dsmpfanart https://t.co/XoYCT…",en,0,0,2021-11-23 18:33:07+00:00,0.2,0.3,Positive
45,SBI CARDS SHORT TERM SWING - #SBICARD chart on @TradingView https://t.co/drkxuPVyPm,en,0,0,2021-11-23 18:33:04+00:00,0.3,0.0,Neutral
47,"That is the only technique through which you can create wealth 
My father accumulated reliance , Bata, sbi 

All cr… https://t.co/YuJ2JzrdYE",en,0,0,2021-11-23 18:32:40+00:00,1.0,0.0,Neutral
49,"RT @Rainfor17501920: Pony SBI &amp; Beeduo family!

Designing cutie marks is really fun
#sbifanart #beeduofanart #dsmpfanart https://t.co/XoYCT…",en,0,0,2021-11-23 18:31:45+00:00,0.2,0.3,Positive
51,"RT @TimesNow: Link PAN with Aadhaar for seamless banking services, says SBI to customers.

https://t.co/F6DwL65q9I",en,0,0,2021-11-23 18:31:14+00:00,0.1,0.1,Positive
52,"@TheOfficialSBI 
Worst Service by SBI fastag!!
My vehicle has been registered with SBI fast tag , I have been sendi… https://t.co/aYltBTXXfu",en,0,0,2021-11-23 18:30:51+00:00,0.8,-0.4,Negative
53,"Link PAN with Aadhaar for seamless banking services, says SBI to customers.

https://t.co/F6DwL65q9I",en,11,1,2021-11-23 18:30:00+00:00,0.1,0.1,Positive
54,RT @shalinijain03: India's GDP growth is likely to be around 8.1 per cent in the second quarter of the current fiscal year and in the range…,en,0,0,2021-11-23 18:28:35+00:00,0.4666666666666666,0.0,Neutral
55,"RT @adt007ad_: @cjwerleman @CJWerlemanShow PSUs like SBI barely operate outside India.
Apollo Hospital is literally filled with mu!!as from…",en,0,0,2021-11-23 18:28:07+00:00,0.35000000000000003,0.15,Positive
56,"RT @Rainfor17501920: Pony SBI &amp; Beeduo family!

Designing cutie marks is really fun
#sbifanart #beeduofanart #dsmpfanart https://t.co/XoYCT…",en,0,0,2021-11-23 18:27:37+00:00,0.2,0.3,Positive
58,@SBICard_Connect Ridiculous Customer service. I have deactivated my SbI credit card 3 months back and I am still ge… https://t.co/gjYFoaxwML,en,0,0,2021-11-23 18:26:14+00:00,0.5,-0.16666666666666666,Negative
61,RT @TheOfficialSBI: Binge-shopping just got better with Easy EMIs. Choose SBI Debit Card EMI and get it done with the best festive offers.…,en,0,0,2021-11-23 18:25:54+00:00,0.5444444444444445,0.6444444444444445,Positive
62,"RT @Rainfor17501920: Pony SBI &amp; Beeduo family!

Designing cutie marks is really fun
#sbifanart #beeduofanart #dsmpfanart https://t.co/XoYCT…",en,0,0,2021-11-23 18:25:30+00:00,0.2,0.3,Positive
64,RT @shalinijain03: India's GDP growth is likely to be around 8.1 per cent in the second quarter of the current fiscal year and in the range…,en,0,0,2021-11-23 18:25:01+00:00,0.4666666666666666,0.0,Neutral
65,"RT @Rainfor17501920: Pony SBI &amp; Beeduo family!

Designing cutie marks is really fun
#sbifanart #beeduofanart #dsmpfanart https://t.co/XoYCT…",en,0,0,2021-11-23 18:24:52+00:00,0.2,0.3,Positive
66,"RT @Rainfor17501920: Pony SBI &amp; Beeduo family!

Designing cutie marks is really fun
#sbifanart #beeduofanart #dsmpfanart https://t.co/XoYCT…",en,0,0,2021-11-23 18:24:43+00:00,0.2,0.3,Positive
67,"i am not going to let someone who wasnt here for the smajor edits, tubbo notices, sbi layout, delicatewatermelontwt… https://t.co/0kvHOGYH2n",en,0,0,2021-11-23 18:24:12+00:00,0.0,0.0,Neutral
68,"Sent to Yono kiosk, in vain. Kiosk personnel's attitude was much similar to Donald Trump. Tried on my laptop, YONO… https://t.co/wNCofAkAo9",en,0,0,2021-11-23 18:23:55+00:00,0.4,0.0,Neutral
69,"@TheOfficialSBI, @RBI Sir/Madam I am from Aurangabad Maharashtra. I am trying to open an SBI Saving Account for my… https://t.co/eBrCBM6Wyx",en,0,0,2021-11-23 18:23:54+00:00,0.5,0.0,Neutral
70,@SdsnTeri @SDSNYouth @ecoclubtsas @YouthSDGs @YouthKiAwaaz @sbi_yfi @youth @kumari_divija @Vibhusha12… https://t.co/gpGyue8sTk,en,2,0,2021-11-23 18:22:51+00:00,0.0,0.0,Neutral
71,"RT @Rainfor17501920: Pony SBI &amp; Beeduo family!

Designing cutie marks is really fun
#sbifanart #beeduofanart #dsmpfanart https://t.co/XoYCT…",en,0,0,2021-11-23 18:22:43+00:00,0.2,0.3,Positive
72,"RT @Rainfor17501920: Pony SBI &amp; Beeduo family!

Designing cutie marks is really fun
#sbifanart #beeduofanart #dsmpfanart https://t.co/XoYCT…",en,0,0,2021-11-23 18:22:15+00:00,0.2,0.3,Positive
73,"RT @Rainfor17501920: Pony SBI &amp; Beeduo family!

Designing cutie marks is really fun
#sbifanart #beeduofanart #dsmpfanart https://t.co/XoYCT…",en,0,0,2021-11-23 18:21:39+00:00,0.2,0.3,Positive
74,"RT @Rainfor17501920: Pony SBI &amp; Beeduo family!

Designing cutie marks is really fun
#sbifanart #beeduofanart #dsmpfanart https://t.co/XoYCT…",en,0,0,2021-11-23 18:21:35+00:00,0.2,0.3,Positive
76,"RT @Rainfor17501920: Pony SBI &amp; Beeduo family!

Designing cutie marks is really fun
#sbifanart #beeduofanart #dsmpfanart https://t.co/XoYCT…",en,0,0,2021-11-23 18:21:21+00:00,0.2,0.3,Positive
77,"RT @Rainfor17501920: Pony SBI &amp; Beeduo family!

Designing cutie marks is really fun
#sbifanart #beeduofanart #dsmpfanart https://t.co/XoYCT…",en,0,0,2021-11-23 18:21:20+00:00,0.2,0.3,Positive
78,RT @shalinijain03: India's GDP growth is likely to be around 8.1 per cent in the second quarter of the current fiscal year and in the range…,en,0,0,2021-11-23 18:21:18+00:00,0.4666666666666666,0.0,Neutral
79,"RT @Rainfor17501920: Pony SBI &amp; Beeduo family!

Designing cutie marks is really fun
#sbifanart #beeduofanart #dsmpfanart https://t.co/XoYCT…",en,0,0,2021-11-23 18:20:49+00:00,0.2,0.3,Positive
80,@TheOfficialSBI  If someone took #SBIPersonalLoans from #SBI . He paid the installments until he died. Will bank as… https://t.co/UKWIjjak2Z,en,0,0,2021-11-23 18:20:26+00:00,0.0,0.0,Neutral
81,"RT @Rainfor17501920: Pony SBI &amp; Beeduo family!

Designing cutie marks is really fun
#sbifanart #beeduofanart #dsmpfanart https://t.co/XoYCT…",en,0,0,2021-11-23 18:19:50+00:00,0.2,0.3,Positive
82,"RT @Rainfor17501920: Pony SBI &amp; Beeduo family!

Designing cutie marks is really fun
#sbifanart #beeduofanart #dsmpfanart https://t.co/XoYCT…",en,0,0,2021-11-23 18:19:46+00:00,0.2,0.3,Positive
83,"RT @Rainfor17501920: Pony SBI &amp; Beeduo family!

Designing cutie marks is really fun
#sbifanart #beeduofanart #dsmpfanart https://t.co/XoYCT…",en,0,0,2021-11-23 18:19:37+00:00,0.2,0.3,Positive
84,"@ProudLibtard3 @shahrukh_chem @indiainpixels I wonder how can people who already voted for Pakistan
.and Pakistan w… https://t.co/CNEQUX5XGL",en,1,0,2021-11-23 18:19:20+00:00,0.0,0.0,Neutral
85,"RT @Rainfor17501920: Pony SBI &amp; Beeduo family!

Designing cutie marks is really fun
#sbifanart #beeduofanart #dsmpfanart https://t.co/XoYCT…",en,0,0,2021-11-23 18:19:18+00:00,0.2,0.3,Positive
86,"RT @Rainfor17501920: Pony SBI &amp; Beeduo family!

Designing cutie marks is really fun
#sbifanart #beeduofanart #dsmpfanart https://t.co/XoYCT…",en,0,0,2021-11-23 18:19:16+00:00,0.2,0.3,Positive
87,"RT @Rainfor17501920: Pony SBI &amp; Beeduo family!

Designing cutie marks is really fun
#sbifanart #beeduofanart #dsmpfanart https://t.co/XoYCT…",en,0,0,2021-11-23 18:19:14+00:00,0.2,0.3,Positive
88,RT @Sarangsspeaks: Poor people were asked to open 'Jandhan' account with much hype. What happened? Forget 15 lakh getting deposited! Accoun…,en,0,0,2021-11-23 18:19:09+00:00,0.43333333333333335,-0.05000000000000001,Negative
89,"RT @Rainfor17501920: Pony SBI &amp; Beeduo family!

Designing cutie marks is really fun
#sbifanart #beeduofanart #dsmpfanart https://t.co/XoYCT…",en,0,0,2021-11-23 18:18:52+00:00,0.2,0.3,Positive
90,RT @Sarangsspeaks: Poor people were asked to open 'Jandhan' account with much hype. What happened? Forget 15 lakh getting deposited! Accoun…,en,0,0,2021-11-23 18:18:43+00:00,0.43333333333333335,-0.05000000000000001,Negative
92,@AxisBankSupport @AxisBankSupport how can be you so silly...! even sbi cc phone officer's also don't take this much… https://t.co/kZTcQQQLMn,en,0,0,2021-11-23 18:18:18+00:00,0.875,-0.625,Negative
94,"RT @Captian_Sheva: Ok I promised you guys slight angst in this chapter in Lullaby of War, and I had an I idea:
'Ranboo is tubbo/tubblings o…",en,0,0,2021-11-23 18:17:54+00:00,0.3333333333333333,0.16666666666666669,Positive
95,"RT @Rainfor17501920: Pony SBI &amp; Beeduo family!

Designing cutie marks is really fun
#sbifanart #beeduofanart #dsmpfanart https://t.co/XoYCT…",en,0,0,2021-11-23 18:17:31+00:00,0.2,0.3,Positive
